ISO-10303-21;
HEADER;
FILE_DESCRIPTION (( 'STEP AP214' ),
    '1' );
FILE_NAME ('ISO 4032 Nut M10x1.25.STEP',
    '2023-12-19T12:36:18',
    ( '' ),
    ( '' ),
    'SwSTEP 2.0',
    'SolidWorks 2020',
    '' );
FILE_SCHEMA (( 'AUTOMOTIVE_DESIGN' ));
ENDSEC;

DATA;
#1 = DIRECTION ( 'NONE',  ( 0.000000000000000000, 1.000000000000000000, 0.000000000000000000 ) ) ;
#2 = DIRECTION ( 'NONE',  ( 1.224646799147353454E-16, 1.000000000000000000, -0.000000000000000000 ) ) ;
#3 = SURFACE_STYLE_USAGE ( .BOTH. , #76 ) ;
#4 = CARTESIAN_POINT ( 'NONE',  ( 8.922760248099645963, 3.771467729896440080, 0.5453259065355329227 ) ) ;
#5 =( NAMED_UNIT ( * ) SI_UNIT ( $, .STERADIAN. ) SOLID_ANGLE_UNIT ( ) );
#6 = ORIENTED_EDGE ( 'NONE', *, *, #562, .F. ) ;
#7 = CARTESIAN_POINT ( 'NONE',  ( -7.354697526780044292, 4.201368122346464062, 3.261290209315800492 ) ) ;
#8 = EDGE_CURVE ( 'NONE', #511, #891, #407, .T. ) ;
#9 = FACE_OUTER_BOUND ( 'NONE', #128, .T. ) ;
#10 = DIRECTION ( 'NONE',  ( 0.000000000000000000, 1.000000000000000000, 0.000000000000000000 ) ) ;
#11 = CARTESIAN_POINT ( 'NONE',  ( -8.418232251743640759, -4.081962322906828255, -1.419194030065059620 ) ) ;
#12 = SHAPE_DEFINITION_REPRESENTATION ( #1061, #1070 ) ;
#13 = CARTESIAN_POINT ( 'NONE',  ( -4.588717034107448356, 3.178899504127040476, -8.000000000000000000 ) ) ;
#14 = CARTESIAN_POINT ( 'NONE',  ( 0.000000000000000000, -4.200000000000000178, 0.000000000000000000 ) ) ;
#15 = ORIENTED_EDGE ( 'NONE', *, *, #1007, .F. ) ;
#16 = EDGE_CURVE ( 'NONE', #41, #325, #538, .T. ) ;
#17 = CARTESIAN_POINT ( 'NONE',  ( -6.501708933770973253, 4.201368122346464062, -4.738709790684200840 ) ) ;
#18 = TOROIDAL_SURFACE ( 'NONE', #191, 8.000000000000001776, 1.237604307034010809 ) ;
#19 = DIRECTION ( 'NONE',  ( -1.000000000000000000, -1.224646799147353454E-16, 0.000000000000000000 ) ) ;
#20 = AXIS2_PLACEMENT_3D ( 'NONE', #107, #265, #1095 ) ;
#21 = CARTESIAN_POINT ( 'NONE',  ( -4.633473320285389718, -3.176609285919684833, 7.974588793750839066 ) ) ;
#22 = SURFACE_SIDE_STYLE ('',( #466 ) ) ;
#23 = DIRECTION ( 'NONE',  ( 0.000000000000000000, 0.000000000000000000, 1.000000000000000000 ) ) ;
#24 = EDGE_CURVE ( 'NONE', #906, #855, #1090, .T. ) ;
#25 = APPLICATION_PROTOCOL_DEFINITION ( 'draft international standard', 'automotive_design', 1998, #816 ) ;
#26 = LINE ( 'NONE', #762, #667 ) ;
#27 = ORIENTED_EDGE ( 'NONE', *, *, #123, .T. ) ;
#28 =( NAMED_UNIT ( * ) SI_UNIT ( $, .STERADIAN. ) SOLID_ANGLE_UNIT ( ) );
#29 = ORIENTED_EDGE ( 'NONE', *, *, #1085, .T. ) ;
#30 = CARTESIAN_POINT ( 'NONE',  ( -4.618802153516972986, 3.070694209302872846, -8.000000000000053291 ) ) ;
#31 = CARTESIAN_POINT ( 'NONE',  ( -0.8497590757394041239, 4.199394856786890173, -8.000000000000000000 ) ) ;
#32 =( GEOMETRIC_REPRESENTATION_CONTEXT ( 3 ) GLOBAL_UNCERTAINTY_ASSIGNED_CONTEXT ( ( #471 ) ) GLOBAL_UNIT_ASSIGNED_CONTEXT ( ( #716, #1094, #121 ) ) REPRESENTATION_CONTEXT ( 'NONE', 'WORKASPACE' ) );
#33 = CARTESIAN_POINT ( 'NONE',  ( 4.718681643239087897, 3.453155172322069699, -7.827003649167297183 ) ) ;
#34 = AXIS2_PLACEMENT_3D ( 'NONE', #1058, #345, #322 ) ;
#35 = ORIENTED_EDGE ( 'NONE', *, *, #961, .T. ) ;
#36 = FACE_OUTER_BOUND ( 'NONE', #633, .T. ) ;
#37 = DIRECTION ( 'NONE',  ( 1.000000000000000000, 0.000000000000000000, 0.000000000000000000 ) ) ;
#38 = ORIENTED_EDGE ( 'NONE', *, *, #867, .F. ) ;
#39 = CARTESIAN_POINT ( 'NONE',  ( -9.014891954710963162, 3.662627326601617384, -0.3857491096967013422 ) ) ;
#40 = CARTESIAN_POINT ( 'NONE',  ( 5.546791222504972474, 4.112824853656753987, -6.392675783644299337 ) ) ;
#41 = VERTEX_POINT ( 'NONE', #851 ) ;
#42 = CARTESIAN_POINT ( 'NONE',  ( -4.264630730809313874, 3.597418570320584319, 7.999999999999998224 ) ) ;
#43 = CARTESIAN_POINT ( 'NONE',  ( -4.183515340382192527, -3.672815147077421738, 8.000000000000000000 ) ) ;
#44 = CARTESIAN_POINT ( 'NONE',  ( -9.172669927476842844, 3.368404857904536254, -0.1124696445509827669 ) ) ;
#45 = CARTESIAN_POINT ( 'NONE',  ( 3.897108975210482384, 3.815739430406302812, -8.000000000000000000 ) ) ;
#46 = EDGE_LOOP ( 'NONE', ( #487, #1003, #231 ) ) ;
#47 = DIRECTION ( 'NONE',  ( -1.000000000000000000, 1.224646799147353454E-16, 0.000000000000000000 ) ) ;
#48 = DIRECTION ( 'NONE',  ( 1.224646799147353454E-16, -1.000000000000000000, 0.000000000000000000 ) ) ;
#49 = CARTESIAN_POINT ( 'NONE',  ( 0.4261284541126377223, 4.200000000000120970, -8.000000000000000000 ) ) ;
#50 = ORIENTED_EDGE ( 'NONE', *, *, #698, .T. ) ;
#51 = TOROIDAL_SURFACE ( 'NONE', #706, 8.000000000000001776, 1.237604307034010809 ) ;
#52 = CARTESIAN_POINT ( 'NONE',  ( 4.171280868098055095, 3.664085859130943312, 7.999999999999996447 ) ) ;
#53 = CARTESIAN_POINT ( 'NONE',  ( -0.1077789681949272854, 4.200000000000120970, -8.000000000000000000 ) ) ;
#54 = EDGE_CURVE ( 'NONE', #325, #420, #689, .T. ) ;
#55 = CARTESIAN_POINT ( 'NONE',  ( 4.618802153517008513, -2.962395692965988037, 7.999999999999998224 ) ) ;
#56 = EDGE_LOOP ( 'NONE', ( #1130, #651, #161, #965 ) ) ;
#57 = CARTESIAN_POINT ( 'NONE',  ( 4.618802153517008513, 4.200000000000000178, 7.999999999999998224 ) ) ;
#58 = CARTESIAN_POINT ( 'NONE',  ( 9.237604307034047224, 3.070694209302875954, 5.301579216864667715E-14 ) ) ;
#59 = PLANE ( 'NONE',  #223 ) ;
#60 = CARTESIAN_POINT ( 'NONE',  ( -8.309615238046042407, -4.112824853656751323, 1.607324216355702440 ) ) ;
#61 = FACE_OUTER_BOUND ( 'NONE', #366, .T. ) ;
#62 = EDGE_LOOP ( 'NONE', ( #27, #218, #38 ) ) ;
#63 = CARTESIAN_POINT ( 'NONE',  ( 9.059329331449561096, -3.599266832974234998, -0.3087813154303699070 ) ) ;
#64 = CARTESIAN_POINT ( 'NONE',  ( 4.929624429117382078, 3.774582393226856070, 7.461640026535971693 ) ) ;
#65 = CARTESIAN_POINT ( 'NONE',  ( 4.187017291416405662, -3.670262848421352864, 8.000000000000000000 ) ) ;
#66 = CARTESIAN_POINT ( 'NONE',  ( -9.237604307034013473, -2.962395692965988925, 0.000000000000000000 ) ) ;
#67 = CARTESIAN_POINT ( 'NONE',  ( -6.928203230275510549, 4.200000000000000178, -4.000000000000001776 ) ) ;
#68 = ORIENTED_EDGE ( 'NONE', *, *, #1135, .F. ) ;
#69 = VECTOR ( 'NONE', #738, 1000.000000000000000 ) ;
#70 = ADVANCED_FACE ( 'NONE', ( #423 ), #952, .T. ) ;
#71 = B_SPLINE_CURVE_WITH_KNOTS ( 'NONE', 3,
 ( #554, #723, #626, #895, #204, #1167, #11, #1089, #108, #711, #731, #469, #821, #383, #1075, #929 ),
 .UNSPECIFIED., .F., .F.,
 ( 4, 2, 2, 2, 2, 2, 2, 4 ),
 ( 0.005153329514818593034, 0.006443520579360244999, 0.007733711643901896096, 0.008378807176172720778, 0.009023902708443547194, 0.009668998240714373610, 0.009991546006849785083, 0.01031409377298519656 ),
 .UNSPECIFIED. ) ;
#72 = DIRECTION ( 'NONE',  ( 0.000000000000000000, 1.000000000000000000, 0.000000000000000000 ) ) ;
#73 = TOROIDAL_SURFACE ( 'NONE', #597, 8.000000000000001776, 1.237604307034010809 ) ;
#74 = CARTESIAN_POINT ( 'NONE',  ( 5.357829746269671606E-16, -4.526061762082101758, -4.375000000000000888 ) ) ;
#75 = AXIS2_PLACEMENT_3D ( 'NONE', #869, #72, #919 ) ;
#76 = SURFACE_SIDE_STYLE ('',( #453 ) ) ;
#77 = DIRECTION ( 'NONE',  ( 1.000000000000000000, -1.084202172485504187E-16, 0.000000000000000000 ) ) ;
#78 = CARTESIAN_POINT ( 'NONE',  ( 5.230490775365855605, -3.994539901920537428, -6.940524228546002483 ) ) ;
#79 = PRODUCT ( 'ISO 4032 Nut M10x1.25', 'ISO 4032 Nut M10x1.25', '', ( #292 ) ) ;
#80 = VERTEX_POINT ( 'NONE', #513 ) ;
#81 = EDGE_CURVE ( 'NONE', #497, #511, #947, .T. ) ;
#82 = DIRECTION ( 'NONE',  ( 0.5000000000000001110, 0.000000000000000000, -0.8660254037844385966 ) ) ;
#83 = CARTESIAN_POINT ( 'NONE',  ( 0.000000000000000000, 4.200000000000000178, 0.000000000000000000 ) ) ;
#84 = CARTESIAN_POINT ( 'NONE',  ( -3.396094945054303871, -3.994442516667615628, -8.000000000000001776 ) ) ;
#85 = CARTESIAN_POINT ( 'NONE',  ( 6.928203230275507885, -4.200000000000001066, -4.000000000000002665 ) ) ;
#86 = EDGE_LOOP ( 'NONE', ( #1081, #971, #656, #452, #918, #296, #848 ) ) ;
#87 = CARTESIAN_POINT ( 'NONE',  ( 8.414451280066572281, -4.083189860389691006, -1.425742865111722324 ) ) ;
#88 = CARTESIAN_POINT ( 'NONE',  ( 3.851859888774471706E-31, -4.200000000000000178, -8.000000000000000000 ) ) ;
#89 = CARTESIAN_POINT ( 'NONE',  ( 7.354066466992795092, 4.201360097834866636, 3.262383236929931041 ) ) ;
#90 = EDGE_CURVE ( 'NONE', #1124, #569, #940, .T. ) ;
#91 = B_SPLINE_CURVE_WITH_KNOTS ( 'NONE', 3,
 ( #488, #404, #494, #675, #1015, #946, #512, #219, #577, #840, #237, #1137, #42, #332, #1131, #593, #156, #1030 ),
 .UNSPECIFIED., .F., .F.,
 ( 4, 2, 2, 2, 2, 2, 2, 2, 4 ),
 ( 0.000000000000000000, 0.001278035554776280969, 0.002556071109552561938, 0.003195088886940701881, 0.003834106664328842257, 0.004153615553022913312, 0.004473124441716984367, 0.004792633330411055423, 0.005112142219105127346 ),
 .UNSPECIFIED. ) ;
#92 = CARTESIAN_POINT ( 'NONE',  ( -9.237604307034013473, 2.962395692965988925, 0.000000000000000000 ) ) ;
#93 = ORIENTED_EDGE ( 'NONE', *, *, #1018, .T. ) ;
#94 = CARTESIAN_POINT ( 'NONE',  ( 4.488999949758512464, -3.368388373009550740, -7.999999999999998224 ) ) ;
#95 = TOROIDAL_SURFACE ( 'NONE', #1125, 8.000000000000001776, 1.237604307034010809 ) ;
#96 = CARTESIAN_POINT ( 'NONE',  ( 6.928203230275508773, -4.200000000000001066, 4.000000000000000000 ) ) ;
#97 = CARTESIAN_POINT ( 'NONE',  ( -4.933646212451368029, 3.771467729896437859, 7.454674093464471518 ) ) ;
#98 = AXIS2_PLACEMENT_3D ( 'NONE', #167, #154, #785 ) ;
#99 = EDGE_CURVE ( 'NONE', #1111, #325, #172, .T. ) ;
#100 =( NAMED_UNIT ( * ) PLANE_ANGLE_UNIT ( ) SI_UNIT ( $, .RADIAN. ) );
#101 = ORIENTED_EDGE ( 'NONE', *, *, #508, .F. ) ;
#102 = CARTESIAN_POINT ( 'NONE',  ( -4.421498044645765901, -3.450413262045731955, -7.999999999999998224 ) ) ;
#103 = PLANE ( 'NONE',  #319 ) ;
#104 = VERTEX_POINT ( 'NONE', #221 ) ;
#105 = CARTESIAN_POINT ( 'NONE',  ( -4.618802153516972098, -3.070694209302876843, 8.000000000000060396 ) ) ;
#106 = CARTESIAN_POINT ( 'NONE',  ( -4.683143404749863237, 3.366616993083762832, -7.888557683842141621 ) ) ;
#107 = CARTESIAN_POINT ( 'NONE',  ( 0.000000000000000000, 4.200000000000000178, 0.000000000000000000 ) ) ;
#108 = CARTESIAN_POINT ( 'NONE',  ( -8.728625686203528744, -3.937467461392996970, -0.8815768312447364030 ) ) ;
#109 = CARTESIAN_POINT ( 'NONE',  ( 0.000000000000000000, -2.962395692965990701, 0.000000000000000000 ) ) ;
#110 = EDGE_CURVE ( 'NONE', #80, #774, #298, .T. ) ;
#111 = FILL_AREA_STYLE_COLOUR ( '', #615 ) ;
#112 = VECTOR ( 'NONE', #433, 1000.000000000000000 ) ;
#113 = FACE_OUTER_BOUND ( 'NONE', #46, .T. ) ;
#114 =( GEOMETRIC_REPRESENTATION_CONTEXT ( 3 ) GLOBAL_UNCERTAINTY_ASSIGNED_CONTEXT ( ( #386 ) ) GLOBAL_UNIT_ASSIGNED_CONTEXT ( ( #904, #100, #470 ) ) REPRESENTATION_CONTEXT ( 'NONE', 'WORKASPACE' ) );
#115 = MECHANICAL_DESIGN_GEOMETRIC_PRESENTATION_REPRESENTATION (  '', ( #1068 ), #815 ) ;
#116 = CARTESIAN_POINT ( 'NONE',  ( 9.237604307034015250, 4.200000000000000178, -1.077965985775971682E-15 ) ) ;
#117 = VERTEX_POINT ( 'NONE', #771 ) ;
#118 =( NAMED_UNIT ( * ) PLANE_ANGLE_UNIT ( ) SI_UNIT ( $, .RADIAN. ) );
#119 = PLANE ( 'NONE',  #817 ) ;
#120 = LINE ( 'NONE', #1084, #69 ) ;
#121 =( NAMED_UNIT ( * ) SI_UNIT ( $, .STERADIAN. ) SOLID_ANGLE_UNIT ( ) );
#122 = CARTESIAN_POINT ( 'NONE',  ( -2.754600876293553213, 4.113873981302351268, -8.000000000000001776 ) ) ;
#123 = EDGE_CURVE ( 'NONE', #420, #138, #933, .T. ) ;
#124 = CARTESIAN_POINT ( 'NONE',  ( 0.000000000000000000, -4.200000000000000178, -5.000000000000006217 ) ) ;
#125 = ORIENTED_EDGE ( 'NONE', *, *, #376, .T. ) ;
#126 = DIRECTION ( 'NONE',  ( -1.224646799147353454E-16, 1.000000000000000000, -0.000000000000000000 ) ) ;
#127 = AXIS2_PLACEMENT_3D ( 'NONE', #83, #635, #293 ) ;
#128 = EDGE_LOOP ( 'NONE', ( #381, #1118, #792, #988 ) ) ;
#129 = ADVANCED_FACE ( 'NONE', ( #401, #238 ), #59, .T. ) ;
#130 = VECTOR ( 'NONE', #834, 1000.000000000000000 ) ;
#131 = PLANE ( 'NONE',  #934 ) ;
#132 = CIRCLE ( 'NONE', #899, 1.237604307034010809 ) ;
#133 = ORIENTED_EDGE ( 'NONE', *, *, #110, .F. ) ;
#134 = CARTESIAN_POINT ( 'NONE',  ( 2.122933960562844113, 4.178300923477722861, 7.999999999999998224 ) ) ;
#135 = DIRECTION ( 'NONE',  ( -1.224646799147353454E-16, 1.000000000000000000, -0.000000000000000000 ) ) ;
#136 = DIRECTION ( 'NONE',  ( -1.000000000000000000, -1.084202172485504187E-16, 1.776356839400250465E-15 ) ) ;
#137 = CARTESIAN_POINT ( 'NONE',  ( 6.502339993558224229, -4.201360097834867524, 4.737616763070070292 ) ) ;
#138 = VERTEX_POINT ( 'NONE', #141 ) ;
#139 = DIRECTION ( 'NONE',  ( -1.224646799147353454E-16, -1.000000000000000000, 0.000000000000000000 ) ) ;
#140 = CARTESIAN_POINT ( 'NONE',  ( 8.312645670114358509, 4.112072104884780366, -1.602075354044494526 ) ) ;
#141 = CARTESIAN_POINT ( 'NONE',  ( 6.928203230275508773, 4.200000000000001066, 4.000000000000000000 ) ) ;
#142 = DIRECTION ( 'NONE',  ( -0.000000000000000000, -1.000000000000000000, -0.000000000000000000 ) ) ;
#143 = EDGE_LOOP ( 'NONE', ( #250, #645, #337 ) ) ;
#144 = EDGE_CURVE ( 'NONE', #138, #561, #406, .T. ) ;
#145 = CARTESIAN_POINT ( 'NONE',  ( 2.964440041539520454, 4.084537549960698399, 7.999999999999998224 ) ) ;
#146 = DIRECTION ( 'NONE',  ( -1.224646799147353454E-16, 1.000000000000000000, -0.000000000000000000 ) ) ;
#147 = CARTESIAN_POINT ( 'NONE',  ( 4.176228695849556694, 3.660675066028561186, -7.999999999999998224 ) ) ;
#148 = ORIENTED_EDGE ( 'NONE', *, *, #451, .T. ) ;
#149 = TOROIDAL_SURFACE ( 'NONE', #524, 8.000000000000001776, 1.237604307034010809 ) ;
#150 = CARTESIAN_POINT ( 'NONE',  ( 0.000000000000000000, 4.200000000000000178, 0.000000000000000000 ) ) ;
#151 = CARTESIAN_POINT ( 'NONE',  ( -1.699117065908966939, -4.190419071723201938, 7.999999999999996447 ) ) ;
#152 = CARTESIAN_POINT ( 'NONE',  ( 9.237604307034015250, 4.200000000000000178, -1.077965985775971682E-15 ) ) ;
#153 = CARTESIAN_POINT ( 'NONE',  ( 8.418232251743640759, -4.081962322906828255, 1.419194030065059620 ) ) ;
#154 = DIRECTION ( 'NONE',  ( 1.224646799147353454E-16, 1.000000000000000000, -0.000000000000000000 ) ) ;
#155 = EDGE_LOOP ( 'NONE', ( #1150, #957, #68, #1034, #769, #308, #945 ) ) ;
#156 = CARTESIAN_POINT ( 'NONE',  ( -4.618802153517376219, 3.070056286026328962, 7.999999999999996447 ) ) ;
#157 = CARTESIAN_POINT ( 'NONE',  ( -2.973188893067499450, -4.083119493883997642, 8.000000000000000000 ) ) ;
#158 = CARTESIAN_POINT ( 'NONE',  ( 0.8510704468916251431, -4.201357333921362347, 7.999999999999996447 ) ) ;
#159 = CARTESIAN_POINT ( 'NONE',  ( 8.926782031433635467, -3.774582393226857402, 0.5383599734640268641 ) ) ;
#160 = DIRECTION ( 'NONE',  ( 1.000000000000000000, -1.084202172485504187E-16, 0.000000000000000000 ) ) ;
#161 = ORIENTED_EDGE ( 'NONE', *, *, #316, .T. ) ;
#162 = CARTESIAN_POINT ( 'NONE',  ( 3.390157193145606485, -3.995928894101498763, -8.000000000000000000 ) ) ;
#163 = CARTESIAN_POINT ( 'NONE',  ( 9.222933140265622498, 3.176609285919685277, -0.02541120624916986745 ) ) ;
#164 = CARTESIAN_POINT ( 'NONE',  ( -0.4255407485127020717, -4.200000000000002842, -8.000000000000000000 ) ) ;
#165 = DIRECTION ( 'NONE',  ( -1.000000000000000000, 0.000000000000000000, -0.000000000000000000 ) ) ;
#166 = CARTESIAN_POINT ( 'NONE',  ( 8.625915685185161053, -3.994539901920537428, 1.059475771454001070 ) ) ;
#167 = CARTESIAN_POINT ( 'NONE',  ( 0.000000000000000000, -4.200000000000000178, 0.000000000000000000 ) ) ;
#168 = EDGE_CURVE ( 'NONE', #41, #1076, #806, .T. ) ;
#169 = ORIENTED_EDGE ( 'NONE', *, *, #811, .F. ) ;
#170 = AXIS2_PLACEMENT_3D ( 'NONE', #682, #1147, #165 ) ;
#171 = CARTESIAN_POINT ( 'NONE',  ( -6.928203230275508773, -4.200000000000000178, -4.000000000000000888 ) ) ;
#172 = CIRCLE ( 'NONE', #282, 8.000000000000001776 ) ;
#173 = CIRCLE ( 'NONE', #874, 8.000000000000001776 ) ;
#174 = FACE_OUTER_BOUND ( 'NONE', #611, .T. ) ;
#175 = CARTESIAN_POINT ( 'NONE',  ( -8.000000000000001776, 2.962395692965989813, 0.000000000000000000 ) ) ;
#176 = CARTESIAN_POINT ( 'NONE',  ( -7.354066466992792428, -4.201360097834864860, 3.262383236929930153 ) ) ;
#177 = ORIENTED_EDGE ( 'NONE', *, *, #8, .T. ) ;
#178 = CARTESIAN_POINT ( 'NONE',  ( 2.973188893067496785, -4.083119493883996753, -8.000000000000000000 ) ) ;
#179 = ADVANCED_FACE ( 'NONE', ( #9 ), #377, .F. ) ;
#180 = CARTESIAN_POINT ( 'NONE',  ( 0.000000000000000000, -4.200000000000000178, 0.000000000000000000 ) ) ;
#181 = CARTESIAN_POINT ( 'NONE',  ( 7.993293108104376543, 4.177971114334131819, 2.155210216973081572 ) ) ;
#182 = VERTEX_POINT ( 'NONE', #1079 ) ;
#183 = CARTESIAN_POINT ( 'NONE',  ( 4.589440199095915496, -3.177012901147281632, -7.999999999999998224 ) ) ;
#184 = EDGE_CURVE ( 'NONE', #906, #1076, #271, .T. ) ;
#185 = FACE_OUTER_BOUND ( 'NONE', #666, .T. ) ;
#186 = CARTESIAN_POINT ( 'NONE',  ( 8.874633149953552902, 3.817694045706339079, 0.6286844857454211288 ) ) ;
#187 = CARTESIAN_POINT ( 'NONE',  ( -4.618802153517005848, 2.962395692965989813, -8.000000000000001776 ) ) ;
#188 = CARTESIAN_POINT ( 'NONE',  ( -6.502339993558224229, -4.201360097834864860, -4.737616763070070292 ) ) ;
#189 =( GEOMETRIC_REPRESENTATION_CONTEXT ( 3 ) GLOBAL_UNCERTAINTY_ASSIGNED_CONTEXT ( ( #1102 ) ) GLOBAL_UNIT_ASSIGNED_CONTEXT ( ( #555, #910, #5 ) ) REPRESENTATION_CONTEXT ( 'NONE', 'WORKASPACE' ) );
#190 = FACE_BOUND ( 'NONE', #331, .T. ) ;
#191 = AXIS2_PLACEMENT_3D ( 'NONE', #306, #135, #942 ) ;
#192 = EDGE_LOOP ( 'NONE', ( #980, #701, #932, #311, #350, #343 ) ) ;
#193 = CARTESIAN_POINT ( 'NONE',  ( -6.501708933770971477, -4.201368122346464062, 4.738709790684200840 ) ) ;
#194 = ORIENTED_EDGE ( 'NONE', *, *, #1112, .F. ) ;
#195 = CARTESIAN_POINT ( 'NONE',  ( 6.928203230275508773, -4.200000000000001066, 4.000000000000000000 ) ) ;
#196 = CARTESIAN_POINT ( 'NONE',  ( -5.438174208807376786, 4.081962322906826479, -6.580805969934944599 ) ) ;
#197 = CARTESIAN_POINT ( 'NONE',  ( -6.076533937124928286, 4.190323970480659632, 5.475134486983074922 ) ) ;
#198 = SURFACE_STYLE_FILL_AREA ( #998 ) ;
#199 = ADVANCED_FACE ( 'NONE', ( #1164 ), #73, .T. ) ;
#200 = CARTESIAN_POINT ( 'NONE',  ( -5.543760790436654595, -4.112072104884779478, 6.397924645955511025 ) ) ;
#201 = DIRECTION ( 'NONE',  ( -1.000000000000000000, -1.084202172485504187E-16, 0.000000000000000000 ) ) ;
#202 = FACE_OUTER_BOUND ( 'NONE', #267, .T. ) ;
#203 = CARTESIAN_POINT ( 'NONE',  ( -6.715274748790359460, 4.200000000000000178, 4.368802948310767320 ) ) ;
#204 = CARTESIAN_POINT ( 'NONE',  ( -7.994442466175116557, -4.177987353017136307, -2.153219470398465507 ) ) ;
#205 = CARTESIAN_POINT ( 'NONE',  ( -4.834298031608264878, -3.669476118239525242, 7.626750190324264267 ) ) ;
#206 =( LENGTH_UNIT ( ) NAMED_UNIT ( * ) SI_UNIT ( .MILLI., .METRE. ) );
#207 = PRODUCT_DEFINITION_FORMATION_WITH_SPECIFIED_SOURCE ( 'ANY', '', #79, .NOT_KNOWN. ) ;
#208 = CIRCLE ( 'NONE', #850, 5.000000000000015099 ) ;
#209 = CARTESIAN_POINT ( 'NONE',  ( -8.312645670114362062, 4.112072104884778589, 1.602075354044492528 ) ) ;
#210 = LINE ( 'NONE', #566, #758 ) ;
#211 = CARTESIAN_POINT ( 'NONE',  ( -3.381589133234268463, 3.998115155113010299, -8.000000000000000000 ) ) ;
#212 = FACE_OUTER_BOUND ( 'NONE', #599, .T. ) ;
#213 = EDGE_LOOP ( 'NONE', ( #101, #483, #6, #744 ) ) ;
#214 = CARTESIAN_POINT ( 'NONE',  ( -4.618802153517004960, 4.200000000000000178, 7.999999999999998224 ) ) ;
#215 = ADVANCED_FACE ( 'NONE', ( #174 ), #95, .T. ) ;
#216 = CARTESIAN_POINT ( 'NONE',  ( -2.122933960562834343, 4.178300923477721973, -8.000000000000000000 ) ) ;
#217 = CARTESIAN_POINT ( 'NONE',  ( 4.981773310597461979, 3.817694045706338635, -7.371315514254581203 ) ) ;
#218 = ORIENTED_EDGE ( 'NONE', *, *, #797, .F. ) ;
#219 = CARTESIAN_POINT ( 'NONE',  ( -3.393573084474136081, 3.995022235156585833, 7.999999999999998224 ) ) ;
#220 = CIRCLE ( 'NONE', #580, 4.375000000000000888 ) ;
#221 = CARTESIAN_POINT ( 'NONE',  ( 4.618802153517006737, -2.962395692965990701, -8.000000000000000000 ) ) ;
#222 = ADVANCED_FACE ( 'NONE', ( #535 ), #578, .F. ) ;
#223 = AXIS2_PLACEMENT_3D ( 'NONE', #229, #584, #953 ) ;
#224 = CARTESIAN_POINT ( 'NONE',  ( 4.981773310597467308, -3.817694045706337747, 7.371315514254580314 ) ) ;
#225 = AXIS2_PLACEMENT_3D ( 'NONE', #109, #732, #1096 ) ;
#226 = ORIENTED_EDGE ( 'NONE', *, *, #797, .T. ) ;
#227 = CARTESIAN_POINT ( 'NONE',  ( 0.5310997011128067991, 4.199913222680514480, 7.999999999999996447 ) ) ;
#228 = CARTESIAN_POINT ( 'NONE',  ( 7.994442466175116557, 4.177987353017138084, -2.153219470398467728 ) ) ;
#229 = CARTESIAN_POINT ( 'NONE',  ( 0.000000000000000000, 4.200000000000000178, 0.000000000000000000 ) ) ;
#230 = DIRECTION ( 'NONE',  ( 0.000000000000000000, -0.7071067811865480168, -0.7071067811865470176 ) ) ;
#231 = ORIENTED_EDGE ( 'NONE', *, *, #1078, .F. ) ;
#232 = CARTESIAN_POINT ( 'NONE',  ( 2.754600876293561651, 4.113873981302350380, 8.000000000000000000 ) ) ;
#233 = CARTESIAN_POINT ( 'NONE',  ( -0.4247987661997318365, -4.200000000000000178, 7.999999999999996447 ) ) ;
#234 = DIRECTION ( 'NONE',  ( -1.000000000000000000, 1.224646799147353454E-16, 0.000000000000000000 ) ) ;
#235 = CARTESIAN_POINT ( 'NONE',  ( 4.633621797112186691, -3.177651271041057601, 7.974331624343083291 ) ) ;
#236 = EDGE_LOOP ( 'NONE', ( #1049, #304, #781 ) ) ;
#237 = CARTESIAN_POINT ( 'NONE',  ( -3.992988696320707298, 3.769437493000488804, 8.000000000000000000 ) ) ;
#238 = FACE_OUTER_BOUND ( 'NONE', #86, .T. ) ;
#239 = CARTESIAN_POINT ( 'NONE',  ( 4.490006071337599991, -3.366854961236418031, 7.999999999999998224 ) ) ;
#240 = CARTESIAN_POINT ( 'NONE',  ( 4.618802153517005848, 4.200000000000000178, -8.000000000000000000 ) ) ;
#241 = VECTOR ( 'NONE', #1121, 1000.000000000000000 ) ;
#242 = ORIENTED_EDGE ( 'NONE', *, *, #144, .T. ) ;
#243 = VECTOR ( 'NONE', #823, 1000.000000000000000 ) ;
#244 = CARTESIAN_POINT ( 'NONE',  ( 4.417705795728181783, 3.454680609770846900, 7.999999999999998224 ) ) ;
#245 = ADVANCED_FACE ( 'NONE', ( #185 ), #832, .T. ) ;
#246 = DIRECTION ( 'NONE',  ( 1.000000000000000000, -1.084202172485504187E-16, 0.000000000000000000 ) ) ;
#247 = CARTESIAN_POINT ( 'NONE',  ( -7.779872523426087483, 4.190323970480659632, -2.524865513016926855 ) ) ;
#248 = CARTESIAN_POINT ( 'NONE',  ( 8.728625686203526968, -3.937467461392999191, 0.8815768312447372912 ) ) ;
#249 = CARTESIAN_POINT ( 'NONE',  ( 5.543760790436658148, -4.112072104884781254, -6.397924645955512801 ) ) ;
#250 = ORIENTED_EDGE ( 'NONE', *, *, #640, .F. ) ;
#251 = CARTESIAN_POINT ( 'NONE',  ( 8.725925877500465333, -3.939176312133597424, -0.8862530370891633646 ) ) ;
#252 = DIRECTION ( 'NONE',  ( -1.224646799147353454E-16, 1.000000000000000000, -0.000000000000000000 ) ) ;
#253 = CARTESIAN_POINT ( 'NONE',  ( 7.141447054659509242, -4.200000000000003730, 3.630650861766623549 ) ) ;
#254 = CARTESIAN_POINT ( 'NONE',  ( 5.127780774347488801, -3.937467461392998302, -7.118423168755266595 ) ) ;
#255 = EDGE_LOOP ( 'NONE', ( #392, #750, #786 ) ) ;
#256 = CARTESIAN_POINT ( 'NONE',  ( 2.123818238726334684, -4.178431270394334263, -8.000000000000003553 ) ) ;
#257 = CARTESIAN_POINT ( 'NONE',  ( 0.000000000000000000, -2.962395692965990701, 0.000000000000000000 ) ) ;
#258 = CARTESIAN_POINT ( 'NONE',  ( -7.779872523426088371, -4.190323970480659632, 2.524865513016925966 ) ) ;
#259 = CARTESIAN_POINT ( 'NONE',  ( 0.000000000000000000, -4.200000000000000178, 0.000000000000000000 ) ) ;
#260 = VERTEX_POINT ( 'NONE', #96 ) ;
#261 = MECHANICAL_DESIGN_GEOMETRIC_PRESENTATION_REPRESENTATION (  '', ( #796 ), #375 ) ;
#262 = CARTESIAN_POINT ( 'NONE',  ( 3.851859888774471706E-31, -4.200000000000000178, -8.000000000000000000 ) ) ;
#263 = TOROIDAL_SURFACE ( 'NONE', #917, 8.000000000000001776, 1.237604307034010809 ) ;
#264 = CARTESIAN_POINT ( 'NONE',  ( -2.128683319877549884, -4.178214913799119579, -7.999999999999998224 ) ) ;
#265 = DIRECTION ( 'NONE',  ( 1.224646799147353454E-16, -1.000000000000000000, 0.000000000000000000 ) ) ;
#266 =( NAMED_UNIT ( * ) PLANE_ANGLE_UNIT ( ) SI_UNIT ( $, .RADIAN. ) );
#267 = EDGE_LOOP ( 'NONE', ( #93, #877, #1010, #939, #861, #835 ) ) ;
#268 = ADVANCED_FACE ( 'NONE', ( #449 ), #802, .F. ) ;
#269 = CARTESIAN_POINT ( 'NONE',  ( -5.441955180484443488, -4.083189860389690118, -6.574257134888284781 ) ) ;
#270 = CARTESIAN_POINT ( 'NONE',  ( 4.717749776183817190, 3.450989042010864427, 7.828617690252932526 ) ) ;
#271 = B_SPLINE_CURVE_WITH_KNOTS ( 'NONE', 3,
 ( #88, #164, #529, #990, #264, #346, #444, #84, #1158, #519, #630, #102, #1052, #880, #783, #276 ),
 .UNSPECIFIED., .F., .F.,
 ( 4, 2, 2, 2, 2, 2, 2, 4 ),
 ( 0.005214165576141695756, 0.006504532252849130891, 0.007794898929556566894, 0.008440082267910284028, 0.009085265606264001162, 0.009730448944617716561, 0.01005304061379457339, 0.01037563228297143196 ),
 .UNSPECIFIED. ) ;
#272 = DIRECTION ( 'NONE',  ( -1.224646799147353454E-16, 1.000000000000000000, -0.000000000000000000 ) ) ;
#273 = B_SPLINE_CURVE_WITH_KNOTS ( 'NONE', 3,
 ( #768, #479, #1013, #830, #33, #394, #1110, #303, #217, #573, #485, #837, #40, #361, #969, #700, #884, #516 ),
 .UNSPECIFIED., .F., .F.,
 ( 4, 2, 2, 2, 2, 2, 2, 2, 4 ),
 ( 1.969447730900106623E-07, 0.0003222677304009320611, 0.0006443385160287741237, 0.0009664093016566161322, 0.001288480087284458358, 0.001932621658540144109, 0.002576763229795829644, 0.003865046372307204183, 0.005153329514818578289 ),
 .UNSPECIFIED. ) ;
#274 = ORIENTED_EDGE ( 'NONE', *, *, #81, .F. ) ;
#275 = CARTESIAN_POINT ( 'NONE',  ( -4.618802153517005848, -3.071414949476183764, -8.000000000000005329 ) ) ;
#276 = CARTESIAN_POINT ( 'NONE',  ( -4.618802153517005848, -2.962395692965989813, -8.000000000000001776 ) ) ;
#277 = DIRECTION ( 'NONE',  ( 0.5000000000000003331, 0.000000000000000000, 0.8660254037844383745 ) ) ;
#278 = DIRECTION ( 'NONE',  ( 0.000000000000000000, 0.000000000000000000, 1.000000000000000000 ) ) ;
#279 = DIRECTION ( 'NONE',  ( 0.000000000000000000, 0.000000000000000000, 1.000000000000000000 ) ) ;
#280 = CARTESIAN_POINT ( 'NONE',  ( -5.127780774347489690, -3.937467461392997858, 7.118423168755264818 ) ) ;
#281 = AXIS2_PLACEMENT_3D ( 'NONE', #259, #791, #160 ) ;
#282 = AXIS2_PLACEMENT_3D ( 'NONE', #490, #48, #864 ) ;
#283 = CARTESIAN_POINT ( 'NONE',  ( 8.309615238046045960, 4.112824853656753099, 1.607324216355703772 ) ) ;
#284 = EDGE_CURVE ( 'NONE', #1111, #41, #913, .T. ) ;
#285 = AXIS2_PLACEMENT_3D ( 'NONE', #14, #916, #810 ) ;
#286 = DIRECTION ( 'NONE',  ( 0.000000000000000000, 0.000000000000000000, 1.000000000000000000 ) ) ;
#287 = CARTESIAN_POINT ( 'NONE',  ( -7.994442466175113005, 4.177987353017137195, 2.153219470398465063 ) ) ;
#288 = CARTESIAN_POINT ( 'NONE',  ( -5.861963994375901876, 4.177987353017136307, -5.846780529601537602 ) ) ;
#289 = CARTESIAN_POINT ( 'NONE',  ( 9.059329331449561096, 3.599266832974233665, 0.3087813154303664098 ) ) ;
#290 = EDGE_CURVE ( 'NONE', #855, #395, #1166, .T. ) ;
#291 = ORIENTED_EDGE ( 'NONE', *, *, #629, .F. ) ;
#292 = PRODUCT_CONTEXT ( 'NONE', #958, 'mechanical' ) ;
#293 = DIRECTION ( 'NONE',  ( -1.000000000000000000, -1.084202172485504187E-16, 0.000000000000000000 ) ) ;
#294 = ADVANCED_FACE ( 'NONE', ( #812 ), #149, .T. ) ;
#295 = DIRECTION ( 'NONE',  ( 0.8660254037844385966, 0.000000000000000000, -0.5000000000000003331 ) ) ;
#296 = ORIENTED_EDGE ( 'NONE', *, *, #123, .F. ) ;
#297 = CARTESIAN_POINT ( 'NONE',  ( -9.137724817311930536, 3.453155172322070143, -0.1729963508327026223 ) ) ;
#298 = CIRCLE ( 'NONE', #1103, 8.000000000000000000 ) ;
#299 = CARTESIAN_POINT ( 'NONE',  ( -6.928203230275509661, 4.200000000000000178, 4.000000000000002665 ) ) ;
#300 = ORIENTED_EDGE ( 'NONE', *, *, #508, .T. ) ;
#301 = ADVANCED_FACE ( 'NONE', ( #202 ), #733, .F. ) ;
#302 = CARTESIAN_POINT ( 'NONE',  ( 0.000000000000000000, -4.200000000000000178, 0.000000000000000000 ) ) ;
#303 = CARTESIAN_POINT ( 'NONE',  ( 4.933646212451368918, 3.771467729896438303, -7.454674093464471518 ) ) ;
#304 = ORIENTED_EDGE ( 'NONE', *, *, #911, .F. ) ;
#305 = CARTESIAN_POINT ( 'NONE',  ( 3.381589133234278677, 3.998115155113008523, 7.999999999999996447 ) ) ;
#306 = CARTESIAN_POINT ( 'NONE',  ( 0.000000000000000000, 2.962395692965990701, 0.000000000000000000 ) ) ;
#307 = EDGE_CURVE ( 'NONE', #685, #1124, #914, .T. ) ;
#308 = ORIENTED_EDGE ( 'NONE', *, *, #290, .F. ) ;
#309 = CARTESIAN_POINT ( 'NONE',  ( -9.222784663438831743, 3.177651271041055381, -0.02566837565691561240 ) ) ;
#310 = CARTESIAN_POINT ( 'NONE',  ( 4.618802153517008513, 4.200000000000000178, 7.999999999999998224 ) ) ;
#311 = ORIENTED_EDGE ( 'NONE', *, *, #592, .F. ) ;
#312 = MANIFOLD_SOLID_BREP ( 'Chamfer1', #1006 ) ;
#313 = CARTESIAN_POINT ( 'NONE',  ( 0.000000000000000000, -2.962395692965990701, 0.000000000000000000 ) ) ;
#314 = AXIS2_PLACEMENT_3D ( 'NONE', #257, #695, #234 ) ;
#315 = CARTESIAN_POINT ( 'NONE',  ( 0.000000000000000000, -2.962395692965990701, 0.000000000000000000 ) ) ;
#316 = EDGE_CURVE ( 'NONE', #497, #320, #210, .T. ) ;
#317 = VECTOR ( 'NONE', #624, 1000.000000000000000 ) ;
#318 = CARTESIAN_POINT ( 'NONE',  ( 0.000000000000000000, -3.574999999999994849, 0.000000000000000000 ) ) ;
#319 = AXIS2_PLACEMENT_3D ( 'NONE', #807, #10, #639 ) ;
#320 = VERTEX_POINT ( 'NONE', #390 ) ;
#321 = CARTESIAN_POINT ( 'NONE',  ( 3.591189876504918388, 3.940524947700295044, 7.999999999999998224 ) ) ;
#322 = DIRECTION ( 'NONE',  ( -1.000000000000000000, -1.224646799147353454E-16, 0.000000000000000000 ) ) ;
#323 = CARTESIAN_POINT ( 'NONE',  ( 1.925929944387235853E-31, -4.200000000000000178, 8.000000000000000000 ) ) ;
#324 = DIRECTION ( 'NONE',  ( -0.5000000000000000000, 0.000000000000000000, 0.8660254037844385966 ) ) ;
#325 = VERTEX_POINT ( 'NONE', #756 ) ;
#326 = CARTESIAN_POINT ( 'NONE',  ( -9.479937697598170579E-16, -4.200000000000000178, 0.000000000000000000 ) ) ;
#327 = DIRECTION ( 'NONE',  ( -1.224646799147353454E-16, -1.000000000000000000, 0.000000000000000000 ) ) ;
#328 = CARTESIAN_POINT ( 'NONE',  ( 4.589637713212660231, -3.176248292070555923, 7.999999999999998224 ) ) ;
#329 = CARTESIAN_POINT ( 'NONE',  ( 7.354697526780044292, -4.201368122346466727, 3.261290209315801381 ) ) ;
#330 = CARTESIAN_POINT ( 'NONE',  ( 4.841514505840055271, -3.662627326601618716, 7.614250890303301489 ) ) ;
#331 = EDGE_LOOP ( 'NONE', ( #35, #177 ) ) ;
#332 = CARTESIAN_POINT ( 'NONE',  ( -4.421164788682263591, 3.450799083968673298, 7.999999999999998224 ) ) ;
#333 = CARTESIAN_POINT ( 'NONE',  ( 9.237604307034013473, 2.962395692965991589, -2.602085213965210642E-15 ) ) ;
#334 = CARTESIAN_POINT ( 'NONE',  ( 5.127780774347495019, 3.937467461393000079, 7.118423168755264818 ) ) ;
#335 = DIRECTION ( 'NONE',  ( 0.000000000000000000, 0.7071067811865441310, 0.7071067811865510144 ) ) ;
#336 = CARTESIAN_POINT ( 'NONE',  ( 5.438174208807375898, -4.081962322906827367, -6.580805969934946376 ) ) ;
#337 = ORIENTED_EDGE ( 'NONE', *, *, #752, .T. ) ;
#338 = AXIS2_PLACEMENT_3D ( 'NONE', #619, #903, #23 ) ;
#339 = ADVANCED_FACE ( 'NONE', ( #36 ), #263, .T. ) ;
#340 = FACE_OUTER_BOUND ( 'NONE', #679, .T. ) ;
#341 = CARTESIAN_POINT ( 'NONE',  ( -4.589440199095920825, -3.177012901147281632, 7.999999999999998224 ) ) ;
#342 = CARTESIAN_POINT ( 'NONE',  ( 6.075269715168096774, -4.190266715128402097, -5.477324183644356026 ) ) ;
#343 = ORIENTED_EDGE ( 'NONE', *, *, #867, .T. ) ;
#344 = CARTESIAN_POINT ( 'NONE',  ( 4.183515340382188974, -3.672815147077422182, -8.000000000000000000 ) ) ;
#345 = DIRECTION ( 'NONE',  ( -1.224646799147353454E-16, 1.000000000000000000, -0.000000000000000000 ) ) ;
#346 = CARTESIAN_POINT ( 'NONE',  ( -2.766119333037706518, -4.112440398173809797, -8.000000000000001776 ) ) ;
#347 = CARTESIAN_POINT ( 'NONE',  ( 0.4255407485127009060, -4.200000000000001066, 8.000000000000000000 ) ) ;
#348 = CARTESIAN_POINT ( 'NONE',  ( -9.014891954710961386, -3.662627326601616939, 0.3857491096967005650 ) ) ;
#349 = CARTESIAN_POINT ( 'NONE',  ( 0.000000000000000000, -2.962395692965990701, 0.000000000000000000 ) ) ;
#350 = ORIENTED_EDGE ( 'NONE', *, *, #1097, .T. ) ;
#351 = CARTESIAN_POINT ( 'NONE',  ( 9.237604307034013473, -2.962395692965991589, -2.602085213965210642E-15 ) ) ;
#352 = CARTESIAN_POINT ( 'NONE',  ( 4.633473320285394159, 3.176609285919681724, 7.974588793750833737 ) ) ;
#353 = EDGE_CURVE ( 'NONE', #561, #1029, #587, .T. ) ;
#354 = CARTESIAN_POINT ( 'NONE',  ( -9.237604307034013473, -3.071414949476182432, -1.264902534566420443E-16 ) ) ;
#355 = CARTESIAN_POINT ( 'NONE',  ( -4.618802153517010289, -2.962395692965989813, 7.999999999999998224 ) ) ;
#356 = ORIENTED_EDGE ( 'NONE', *, *, #184, .T. ) ;
#357 = CARTESIAN_POINT ( 'NONE',  ( -4.618802153517005848, 4.200000000000000178, -8.000000000000000000 ) ) ;
#358 = AXIS2_PLACEMENT_3D ( 'NONE', #326, #680, #1036 ) ;
#359 = DIRECTION ( 'NONE',  ( 0.000000000000000000, 0.000000000000000000, -1.000000000000000000 ) ) ;
#360 = CARTESIAN_POINT ( 'NONE',  ( -5.130480583050552212, 3.939176312133595648, 7.113746962910842520 ) ) ;
#361 = CARTESIAN_POINT ( 'NONE',  ( 5.863113352446644555, 4.177971114334130043, -5.844789783026922869 ) ) ;
#362 = CARTESIAN_POINT ( 'NONE',  ( -4.417705795728178231, 3.454680609770849564, -8.000000000000000000 ) ) ;
#363 = CARTESIAN_POINT ( 'NONE',  ( -4.841514505840052607, -3.662627326601616939, -7.614250890303302377 ) ) ;
#364 = PRESENTATION_STYLE_ASSIGNMENT (( #3 ) ) ;
#365 = FACE_OUTER_BOUND ( 'NONE', #1071, .T. ) ;
#366 = EDGE_LOOP ( 'NONE', ( #504, #658, #300, #662 ) ) ;
#367 = CARTESIAN_POINT ( 'NONE',  ( -6.928203230275509661, -4.200000000000000178, 4.000000000000002665 ) ) ;
#368 = B_SPLINE_CURVE_WITH_KNOTS ( 'NONE', 3,
 ( #820, #536, #467, #889, #445, #558, #894, #97, #795, #360, #454, #631, #450, #378, #197, #813, #203, #553 ),
 .UNSPECIFIED., .F., .F.,
 ( 4, 2, 2, 2, 2, 2, 2, 2, 4 ),
 ( 1.969447730888949082E-07, 0.0003222677304009345005, 0.0006443385160287800869, 0.0009664093016566255648, 0.001288480087284471151, 0.001932621658540158421, 0.002576763229795846124, 0.003865046372307218495, 0.005153329514818590432 ),
 .UNSPECIFIED. ) ;
#369 = B_SPLINE_CURVE_WITH_KNOTS ( 'NONE', 3,
 ( #854, #1134, #235, #847, #657, #937, #330, #749, #224, #398, #568, #1028, #581, #496, #931, #137, #491, #925 ),
 .UNSPECIFIED., .F., .F.,
 ( 4, 2, 2, 2, 2, 2, 2, 2, 4 ),
 ( 1.969447730896739667E-07, 0.0003222677304009336874, 0.0006443385160287777016, 0.0009664093016566216617, 0.001288480087284465730, 0.001932621658540151048, 0.002576763229795836583, 0.003865046372307210688, 0.005153329514818584360 ),
 .UNSPECIFIED. ) ;
#370 = SURFACE_SIDE_STYLE ('',( #198 ) ) ;
#371 = CARTESIAN_POINT ( 'NONE',  ( -4.260177956160828394, 3.600914527603101156, -8.000000000000000000 ) ) ;
#372 = CARTESIAN_POINT ( 'NONE',  ( 0.000000000000000000, 3.574999999999993072, 0.000000000000000000 ) ) ;
#373 = AXIS2_PLACEMENT_3D ( 'NONE', #357, #518, #82 ) ;
#374 = ORIENTED_EDGE ( 'NONE', *, *, #168, .T. ) ;
#375 =( GEOMETRIC_REPRESENTATION_CONTEXT ( 3 ) GLOBAL_UNCERTAINTY_ASSIGNED_CONTEXT ( ( #572 ) ) GLOBAL_UNIT_ASSIGNED_CONTEXT ( ( #532, #266, #956 ) ) REPRESENTATION_CONTEXT ( 'NONE', 'WORKASPACE' ) );
#376 = EDGE_CURVE ( 'NONE', #561, #774, #463, .T. ) ;
#377 = CONICAL_SURFACE ( 'NONE', #1144, 4.375000000000000888, 0.7853981633974531640 ) ;
#378 = CARTESIAN_POINT ( 'NONE',  ( -5.863113352446645443, 4.177971114334129155, 5.844789783026921093 ) ) ;
#379 = CIRCLE ( 'NONE', #1024, 8.000000000000001776 ) ;
#380 = FACE_OUTER_BOUND ( 'NONE', #213, .T. ) ;
#381 = ORIENTED_EDGE ( 'NONE', *, *, #542, .F. ) ;
#382 = PRESENTATION_STYLE_ASSIGNMENT (( #819 ) ) ;
#383 = CARTESIAN_POINT ( 'NONE',  ( -9.222933140265622498, -3.176609285919682168, -0.02541120624916499635 ) ) ;
#384 = CARTESIAN_POINT ( 'NONE',  ( -8.418232251743640759, 4.081962322906827367, 1.419194030065058509 ) ) ;
#385 = CARTESIAN_POINT ( 'NONE',  ( 7.141447054659504801, 4.200000000000001954, -3.630650861766624882 ) ) ;
#386 = UNCERTAINTY_MEASURE_WITH_UNIT (LENGTH_MEASURE( 1.000000000000000082E-05 ), #904, 'distance_accuracy_value', 'NONE');
#387 = EDGE_CURVE ( 'NONE', #774, #685, #91, .T. ) ;
#388 = CARTESIAN_POINT ( 'NONE',  ( -7.781136745382917219, 4.190266715128400321, 2.522675816355647971 ) ) ;
#389 = EDGE_LOOP ( 'NONE', ( #763, #148 ) ) ;
#390 = CARTESIAN_POINT ( 'NONE',  ( 0.000000000000000000, 3.574999999999993072, 4.375000000000000888 ) ) ;
#391 = PRESENTATION_LAYER_ASSIGNMENT (  '', '', ( #1023 ) ) ;
#392 = ORIENTED_EDGE ( 'NONE', *, *, #24, .T. ) ;
#393 = CONICAL_SURFACE ( 'NONE', #977, 4.375000000000000888, 0.7853981633974531640 ) ;
#394 = CARTESIAN_POINT ( 'NONE',  ( 4.797077129101452009, 3.599266832974231889, -7.691218684569636643 ) ) ;
#395 = VERTEX_POINT ( 'NONE', #941 ) ;
#396 = ORIENTED_EDGE ( 'NONE', *, *, #307, .T. ) ;
#397 = CARTESIAN_POINT ( 'NONE',  ( -8.922760248099649516, 3.771467729896439192, -0.5453259065355322566 ) ) ;
#398 = CARTESIAN_POINT ( 'NONE',  ( 5.130480583050556653, -3.939176312133594315, 7.113746962910838967 ) ) ;
#399 = ORIENTED_EDGE ( 'NONE', *, *, #290, .T. ) ;
#400 = CARTESIAN_POINT ( 'NONE',  ( -6.928203230275508773, -4.200000000000000178, -4.000000000000000888 ) ) ;
#401 = FACE_BOUND ( 'NONE', #389, .T. ) ;
#402 = CARTESIAN_POINT ( 'NONE',  ( 4.264630730809310322, 3.597418570320586539, -7.999999999999998224 ) ) ;
#403 = ORIENTED_EDGE ( 'NONE', *, *, #376, .F. ) ;
#404 = CARTESIAN_POINT ( 'NONE',  ( -0.4261284541126367786, 4.200000000000122746, 8.000000000000000000 ) ) ;
#405 = DIRECTION ( 'NONE',  ( 1.224646799147353454E-16, -1.000000000000000000, 0.000000000000000000 ) ) ;
#406 = B_SPLINE_CURVE_WITH_KNOTS ( 'NONE', 3,
 ( #507, #943, #753, #1045, #759, #500, #858, #1138, #334, #64, #703, #270, #1059, #352, #1066, #694 ),
 .UNSPECIFIED., .F., .F.,
 ( 4, 2, 2, 2, 2, 2, 2, 4 ),
 ( 0.005153329514818599105, 0.006443520579360251938, 0.007733711643901903902, 0.008378807176172731186, 0.009023902708443555867, 0.009668998240714382283, 0.009991546006849793757, 0.01031409377298520523 ),
 .UNSPECIFIED. ) ;
#407 = CIRCLE ( 'NONE', #465, 5.000000000000006217 ) ;
#408 = CARTESIAN_POINT ( 'NONE',  ( 1.704286896799089623, 4.190301953412443048, -7.999999999999998224 ) ) ;
#409 = ORIENTED_EDGE ( 'NONE', *, *, #547, .F. ) ;
#410 = CARTESIAN_POINT ( 'NONE',  ( 4.488118582537206969, 3.369550792430279884, 7.999999999999998224 ) ) ;
#411 = CARTESIAN_POINT ( 'NONE',  ( -4.618802153517010289, -2.962395692965989813, 7.999999999999998224 ) ) ;
#412 = FACE_OUTER_BOUND ( 'NONE', #1115, .T. ) ;
#413 = CARTESIAN_POINT ( 'NONE',  ( 4.589155630819242937, 3.177126786970130734, -8.000000000000001776 ) ) ;
#414 = ORIENTED_EDGE ( 'NONE', *, *, #961, .F. ) ;
#415 = CARTESIAN_POINT ( 'NONE',  ( 4.618802153517012066, 3.071577131821058959, 8.000000000000000000 ) ) ;
#416 = CARTESIAN_POINT ( 'NONE',  ( 0.000000000000000000, -4.200000000000000178, 0.000000000000000000 ) ) ;
#417 = CARTESIAN_POINT ( 'NONE',  ( -7.993293108104372990, -4.177971114334128266, 2.155210216973081128 ) ) ;
#418 = CARTESIAN_POINT ( 'NONE',  ( 4.683143404749861460, -3.366616993083764164, -7.888557683842141621 ) ) ;
#419 = ADVANCED_FACE ( 'NONE', ( #498 ), #51, .T. ) ;
#420 = VERTEX_POINT ( 'NONE', #951 ) ;
#421 = CARTESIAN_POINT ( 'NONE',  ( 8.622031782289454327, -3.996525607785682777, -1.066202888601030629 ) ) ;
#422 = CARTESIAN_POINT ( 'NONE',  ( 9.173263055801157861, 3.366616993083765497, -0.1114423161578661781 ) ) ;
#423 = FACE_OUTER_BOUND ( 'NONE', #517, .T. ) ;
#424 = CARTESIAN_POINT ( 'NONE',  ( 4.618802153517716391, -3.069749245481964373, 7.999999999999998224 ) ) ;
#425 = CIRCLE ( 'NONE', #1142, 4.375000000000000888 ) ;
#426 = CARTESIAN_POINT ( 'NONE',  ( 8.312645670114360286, -4.112072104884780366, 1.602075354044492972 ) ) ;
#427 = COLOUR_RGB ( '',0.7529411764705882248, 0.7529411764705882248, 0.7529411764705882248 ) ;
#428 = CYLINDRICAL_SURFACE ( 'NONE', #649, 4.375000000000000888 ) ;
#429 = PRESENTATION_LAYER_ASSIGNMENT (  '', '', ( #1068 ) ) ;
#430 = VERTEX_POINT ( 'NONE', #764 ) ;
#431 = VECTOR ( 'NONE', #230, 1000.000000000000000 ) ;
#432 = CARTESIAN_POINT ( 'NONE',  ( 8.874633149953552902, -3.817694045706340411, -0.6286844857454245705 ) ) ;
#433 = DIRECTION ( 'NONE',  ( -0.000000000000000000, 1.000000000000000000, -0.000000000000000000 ) ) ;
#434 = CARTESIAN_POINT ( 'NONE',  ( 0.000000000000000000, 2.962395692965990701, 0.000000000000000000 ) ) ;
#435 = CARTESIAN_POINT ( 'NONE',  ( -8.414451280066572281, 4.083189860389688342, -1.425742865111717883 ) ) ;
#436 = CARTESIAN_POINT ( 'NONE',  ( 9.237604307034013473, -2.962395692965991589, -2.602085213965210642E-15 ) ) ;
#437 = CARTESIAN_POINT ( 'NONE',  ( 4.618802153516972098, -3.070694209302875510, -8.000000000000058620 ) ) ;
#438 = ORIENTED_EDGE ( 'NONE', *, *, #1135, .T. ) ;
#439 = DIRECTION ( 'NONE',  ( 1.000000000000000000, -1.084202172485504187E-16, 0.000000000000000000 ) ) ;
#440 = DIRECTION ( 'NONE',  ( -1.224646799147353454E-16, 1.000000000000000000, -0.000000000000000000 ) ) ;
#441 = CARTESIAN_POINT ( 'NONE',  ( 5.861963994375901876, -4.177987353017137195, -5.846780529601540266 ) ) ;
#442 = ORIENTED_EDGE ( 'NONE', *, *, #698, .F. ) ;
#443 = CARTESIAN_POINT ( 'NONE',  ( -5.234374678261564107, -3.996525607785681000, -6.933797111398978252 ) ) ;
#444 = CARTESIAN_POINT ( 'NONE',  ( -2.977533811913355422, -4.082449767676217256, -8.000000000000000000 ) ) ;
#445 = CARTESIAN_POINT ( 'NONE',  ( -4.718681643239087897, 3.453155172322072364, 7.827003649167304289 ) ) ;
#446 = CARTESIAN_POINT ( 'NONE',  ( 9.237604307034013473, -2.962395692965991589, -2.602085213965210642E-15 ) ) ;
#447 = ORIENTED_EDGE ( 'NONE', *, *, #1035, .F. ) ;
#448 = CARTESIAN_POINT ( 'NONE',  ( 3.595257048395104960, -3.939278949484822601, -8.000000000000000000 ) ) ;
#449 = FACE_OUTER_BOUND ( 'NONE', #56, .T. ) ;
#450 = CARTESIAN_POINT ( 'NONE',  ( -5.546791222504972474, 4.112824853656751323, 6.392675783644299337 ) ) ;
#451 = EDGE_CURVE ( 'NONE', #926, #182, #208, .T. ) ;
#452 = ORIENTED_EDGE ( 'NONE', *, *, #110, .T. ) ;
#453 = SURFACE_STYLE_FILL_AREA ( #902 ) ;
#454 = CARTESIAN_POINT ( 'NONE',  ( -5.234374678261560554, 3.996525607785680112, 6.933797111398975588 ) ) ;
#455 = ORIENTED_EDGE ( 'NONE', *, *, #486, .F. ) ;
#456 = CARTESIAN_POINT ( 'NONE',  ( -4.618802153517010289, -2.962395692965989813, 7.999999999999998224 ) ) ;
#457 = EDGE_CURVE ( 'NONE', #430, #569, #799, .T. ) ;
#458 = VERTEX_POINT ( 'NONE', #1042 ) ;
#459 = CARTESIAN_POINT ( 'NONE',  ( 0.000000000000000000, -4.200000000000000178, 0.000000000000000000 ) ) ;
#460 = CARTESIAN_POINT ( 'NONE',  ( -8.000000000000001776, -2.962395692965989813, 0.000000000000000000 ) ) ;
#461 = CARTESIAN_POINT ( 'NONE',  ( -6.714959405891508304, -4.200000000000001954, 4.369349138233380003 ) ) ;
#462 = CIRCLE ( 'NONE', #285, 5.000000000000006217 ) ;
#463 = B_SPLINE_CURVE_WITH_KNOTS ( 'NONE', 3,
 ( #751, #415, #1025, #410, #244, #668, #52, #600, #1126, #321, #305, #145, #232, #134, #935, #770, #959, #227, #844, #583, #746, #659 ),
 .UNSPECIFIED., .F., .F.,
 ( 4, 2, 2, 2, 2, 2, 2, 2, 2, 2, 4 ),
 ( 0.01538195165976005696, 0.01570520008891520061, 0.01602844851807034426, 0.01635169694722548792, 0.01667494537638063157, 0.01732144223469092234, 0.01796793909300120964, 0.01926093280962178772, 0.01990742966793207502, 0.02023067809708721868, 0.02055392652624236233 ),
 .UNSPECIFIED. ) ;
#464 = EDGE_CURVE ( 'NONE', #395, #430, #1044, .T. ) ;
#465 = AXIS2_PLACEMENT_3D ( 'NONE', #302, #1, #279 ) ;
#466 = SURFACE_STYLE_FILL_AREA ( #741 ) ;
#467 = CARTESIAN_POINT ( 'NONE',  ( -4.633621797112182250, 3.177651271041057601, 7.974331624343088620 ) ) ;
#468 = CIRCLE ( 'NONE', #1020, 5.000000000000015099 ) ;
#469 = CARTESIAN_POINT ( 'NONE',  ( -9.138656684367205685, -3.450989042010864427, -0.1713823097470678347 ) ) ;
#470 =( NAMED_UNIT ( * ) SI_UNIT ( $, .STERADIAN. ) SOLID_ANGLE_UNIT ( ) );
#471 = UNCERTAINTY_MEASURE_WITH_UNIT (LENGTH_MEASURE( 1.000000000000000082E-05 ), #716, 'distance_accuracy_value', 'NONE');
#472 = CARTESIAN_POINT ( 'NONE',  ( -4.717749776183810972, -3.450989042010864871, 7.828617690252936079 ) ) ;
#473 = EDGE_CURVE ( 'NONE', #1076, #855, #588, .T. ) ;
#474 = DIRECTION ( 'NONE',  ( 1.000000000000000000, 0.000000000000000000, -0.000000000000000000 ) ) ;
#475 = B_SPLINE_CURVE_WITH_KNOTS ( 'NONE', 3,
 ( #1080, #704, #1067, #1001, #1074, #289, #803, #4, #186, #722, #997, #983, #283, #181, #987, #89, #643, #1088 ),
 .UNSPECIFIED., .F., .F.,
 ( 4, 2, 2, 2, 2, 2, 2, 2, 4 ),
 ( 1.969447730902000536E-07, 0.0003222677304009345005, 0.0006443385160287787858, 0.0009664093016566230711, 0.001288480087284467248, 0.001932621658540155819, 0.002576763229795844389, 0.003865046372307221530, 0.005153329514818599105 ),
 .UNSPECIFIED. ) ;
#476 = DIRECTION ( 'NONE',  ( -0.5000000000000002220, 0.000000000000000000, -0.8660254037844384856 ) ) ;
#477 = CARTESIAN_POINT ( 'NONE',  ( -1.699012369344037543, 4.190418870051541234, -8.000000000000001776 ) ) ;
#478 = DIRECTION ( 'NONE',  ( -0.000000000000000000, -1.000000000000000000, -0.000000000000000000 ) ) ;
#479 = CARTESIAN_POINT ( 'NONE',  ( 4.618802153517006737, 3.071414949476184653, -8.000000000000003553 ) ) ;
#480 = ORIENTED_EDGE ( 'NONE', *, *, #387, .F. ) ;
#481 = DIRECTION ( 'NONE',  ( 1.000000000000000000, -1.084202172485504187E-16, 2.664535259100375697E-15 ) ) ;
#482 = AXIS2_PLACEMENT_3D ( 'NONE', #721, #1086, #655 ) ;
#483 = ORIENTED_EDGE ( 'NONE', *, *, #542, .T. ) ;
#484 = AXIS2_PLACEMENT_3D ( 'NONE', #717, #272, #19 ) ;
#485 = CARTESIAN_POINT ( 'NONE',  ( 5.234374678261562330, 3.996525607785681000, -6.933797111398975588 ) ) ;
#486 = EDGE_CURVE ( 'NONE', #104, #906, #673, .T. ) ;
#487 = ORIENTED_EDGE ( 'NONE', *, *, #54, .T. ) ;
#488 = CARTESIAN_POINT ( 'NONE',  ( 1.925929944387235853E-31, 4.200000000000000178, 8.000000000000000000 ) ) ;
#489 = CARTESIAN_POINT ( 'NONE',  ( 7.781136745382919884, 4.190266715128402097, -2.522675816355651079 ) ) ;
#490 = CARTESIAN_POINT ( 'NONE',  ( 0.000000000000000000, 4.200000000000000178, 0.000000000000000000 ) ) ;
#491 = CARTESIAN_POINT ( 'NONE',  ( 6.715274748790362125, -4.200000000000001066, 4.368802948310767320 ) ) ;
#492 = VERTEX_POINT ( 'NONE', #878 ) ;
#493 = ADVANCED_FACE ( 'NONE', ( #340 ), #1077, .F. ) ;
#494 = CARTESIAN_POINT ( 'NONE',  ( -0.8522887891674134631, 4.201362521316050369, 7.999999999999998224 ) ) ;
#495 = CARTESIAN_POINT ( 'NONE',  ( 3.851859888774471706E-31, 4.200000000000000178, -8.000000000000000000 ) ) ;
#496 = CARTESIAN_POINT ( 'NONE',  ( 5.863113352446648108, -4.177971114334130043, 5.844789783026922869 ) ) ;
#497 = VERTEX_POINT ( 'NONE', #1157 ) ;
#498 = FACE_OUTER_BOUND ( 'NONE', #950, .T. ) ;
#499 = EDGE_CURVE ( 'NONE', #1162, #1141, #882, .T. ) ;
#500 = CARTESIAN_POINT ( 'NONE',  ( 5.543760790436660812, 4.112072104884778589, 6.397924645955507472 ) ) ;
#501 = CARTESIAN_POINT ( 'NONE',  ( 1.925929944387235853E-31, -4.200000000000000178, 8.000000000000000000 ) ) ;
#502 = AXIS2_PLACEMENT_3D ( 'NONE', #180, #871, #359 ) ;
#503 = CARTESIAN_POINT ( 'NONE',  ( 4.421164788682257374, 3.450799083968673298, -7.999999999999998224 ) ) ;
#504 = ORIENTED_EDGE ( 'NONE', *, *, #629, .T. ) ;
#505 = DIRECTION ( 'NONE',  ( -1.000000000000000000, 1.224646799147353454E-16, 0.000000000000000000 ) ) ;
#506 = CARTESIAN_POINT ( 'NONE',  ( 9.138656684367205685, 3.450989042010865315, -0.1713823097470703050 ) ) ;
#507 = CARTESIAN_POINT ( 'NONE',  ( 6.928203230275508773, 4.200000000000001066, 4.000000000000000000 ) ) ;
#508 = EDGE_CURVE ( 'NONE', #458, #320, #1091, .T. ) ;
#509 = DIRECTION ( 'NONE',  ( -0.8660254037844384856, 0.000000000000000000, 0.5000000000000004441 ) ) ;
#510 = CARTESIAN_POINT ( 'NONE',  ( 9.222933140265622498, -3.176609285919681280, 0.02541120624916596779 ) ) ;
#511 = VERTEX_POINT ( 'NONE', #1099 ) ;
#512 = CARTESIAN_POINT ( 'NONE',  ( -2.977936071689164077, 4.082315466463525944, 7.999999999999994671 ) ) ;
#513 = CARTESIAN_POINT ( 'NONE',  ( -6.928203230275509661, 4.200000000000000178, 4.000000000000002665 ) ) ;
#514 = CARTESIAN_POINT ( 'NONE',  ( 3.994220278810606040, -3.775927419601437851, 7.999999999999998224 ) ) ;
#515 = CARTESIAN_POINT ( 'NONE',  ( 4.618802153517006737, 2.962395692965990701, -8.000000000000000000 ) ) ;
#516 = CARTESIAN_POINT ( 'NONE',  ( 6.928203230275507885, 4.200000000000001066, -4.000000000000002665 ) ) ;
#517 = EDGE_LOOP ( 'NONE', ( #1012, #692, #399 ) ) ;
#518 = DIRECTION ( 'NONE',  ( 0.8660254037844385966, -0.000000000000000000, 0.5000000000000001110 ) ) ;
#519 = CARTESIAN_POINT ( 'NONE',  ( -3.994220278810601155, -3.775927419601436963, -8.000000000000001776 ) ) ;
#520 = FACE_OUTER_BOUND ( 'NONE', #192, .T. ) ;
#521 = AXIS2_PLACEMENT_3D ( 'NONE', #1165, #729, #909 ) ;
#522 = CARTESIAN_POINT ( 'NONE',  ( 9.237604307034045448, -3.070694209302874178, -5.632656161514795840E-14 ) ) ;
#523 = FILL_AREA_STYLE ('',( #1140 ) ) ;
#524 = AXIS2_PLACEMENT_3D ( 'NONE', #728, #126, #1000 ) ;
#525 = EDGE_LOOP ( 'NONE', ( #550, #533, #719, #15, #226, #242 ) ) ;
#526 = EDGE_CURVE ( 'NONE', #80, #825, #173, .T. ) ;
#527 = CIRCLE ( 'NONE', #338, 4.375000000000000888 ) ;
#528 = CARTESIAN_POINT ( 'NONE',  ( 0.8496084971663396823, -4.201346847949910313, -8.000000000000005329 ) ) ;
#529 = CARTESIAN_POINT ( 'NONE',  ( -0.8510704468916262533, -4.201357333921363235, -8.000000000000000000 ) ) ;
#530 = CARTESIAN_POINT ( 'NONE',  ( -7.354066466992795092, 4.201360097834864860, -3.262383236929930153 ) ) ;
#531 = CARTESIAN_POINT ( 'NONE',  ( -6.928203230275509661, -4.200000000000000178, 4.000000000000002665 ) ) ;
#532 =( LENGTH_UNIT ( ) NAMED_UNIT ( * ) SI_UNIT ( .MILLI., .METRE. ) );
#533 = ORIENTED_EDGE ( 'NONE', *, *, #1035, .T. ) ;
#534 = CARTESIAN_POINT ( 'NONE',  ( 9.222784663438831743, -3.177651271041058934, -0.02566837565691825959 ) ) ;
#535 = FACE_OUTER_BOUND ( 'NONE', #742, .T. ) ;
#536 = CARTESIAN_POINT ( 'NONE',  ( -4.618802153517003184, 3.071414949476182876, 8.000000000000001776 ) ) ;
#537 = DIRECTION ( 'NONE',  ( -0.000000000000000000, -1.000000000000000000, -0.000000000000000000 ) ) ;
#538 = B_SPLINE_CURVE_WITH_KNOTS ( 'NONE', 3,
 ( #187, #900, #13, #548, #362, #371, #805, #725, #1092, #1008, #211, #567, #122, #216, #477, #827, #31, #928, #589, #936, #53, #495 ),
 .UNSPECIFIED., .F., .F.,
 ( 4, 2, 2, 2, 2, 2, 2, 2, 2, 2, 4 ),
 ( 0.01538195165976000839, 0.01570520008891514857, 0.01602844851807029222, 0.01635169694722543240, 0.01667494537638057606, 0.01732144223469085642, 0.01796793909300114025, 0.01926093280962170445, 0.01990742966793198482, 0.02023067809708712847, 0.02055392652624226865 ),
 .UNSPECIFIED. ) ;
#539 = EDGE_LOOP ( 'NONE', ( #442, #438, #447 ) ) ;
#540 = CARTESIAN_POINT ( 'NONE',  ( -4.981773310597463755, -3.817694045706337747, -7.371315514254582091 ) ) ;
#541 = DIRECTION ( 'NONE',  ( -1.000000000000000000, -1.224646799147353454E-16, 0.000000000000000000 ) ) ;
#542 = EDGE_CURVE ( 'NONE', #458, #926, #120, .T. ) ;
#543 = ORIENTED_EDGE ( 'NONE', *, *, #99, .T. ) ;
#544 = MECHANICAL_DESIGN_GEOMETRIC_PRESENTATION_REPRESENTATION (  '', ( #757 ), #189 ) ;
#545 = AXIS2_PLACEMENT_3D ( 'NONE', #459, #1100, #481 ) ;
#546 = AXIS2_PLACEMENT_3D ( 'NONE', #697, #2, #439 ) ;
#547 = EDGE_CURVE ( 'NONE', #260, #1162, #970, .T. ) ;
#548 = CARTESIAN_POINT ( 'NONE',  ( -4.488118582537199863, 3.369550792430278108, -8.000000000000000000 ) ) ;
#549 = CARTESIAN_POINT ( 'NONE',  ( -4.929624429117377638, -3.774582393226857402, 7.461640026535976133 ) ) ;
#550 = ORIENTED_EDGE ( 'NONE', *, *, #353, .T. ) ;
#551 = B_SPLINE_CURVE_WITH_KNOTS ( 'NONE', 3,
 ( #501, #347, #158, #595, #852, #766, #608, #872, #954, #514, #65, #699, #239, #328, #424, #778 ),
 .UNSPECIFIED., .F., .F.,
 ( 4, 2, 2, 2, 2, 2, 2, 4 ),
 ( 0.005214165576141694888, 0.006504532252849130891, 0.007794898929556566894, 0.008440082267910284028, 0.009085265606264002897, 0.009730448944617720031, 0.01005304061379457860, 0.01037563228297143716 ),
 .UNSPECIFIED. ) ;
#552 = CARTESIAN_POINT ( 'NONE',  ( -4.929624429117382967, 3.774582393226855626, -7.461640026535977022 ) ) ;
#553 = CARTESIAN_POINT ( 'NONE',  ( -6.928203230275509661, 4.200000000000000178, 4.000000000000002665 ) ) ;
#554 = CARTESIAN_POINT ( 'NONE',  ( -6.928203230275508773, -4.200000000000000178, -4.000000000000000888 ) ) ;
#555 =( LENGTH_UNIT ( ) NAMED_UNIT ( * ) SI_UNIT ( .MILLI., .METRE. ) );
#556 = DIRECTION ( 'NONE',  ( 0.000000000000000000, 1.000000000000000000, 0.000000000000000000 ) ) ;
#557 = CARTESIAN_POINT ( 'NONE',  ( -9.237604307034013473, 4.200000000000000178, 5.418385350720734506E-17 ) ) ;
#558 = CARTESIAN_POINT ( 'NONE',  ( -4.797077129101452009, 3.599266832974234109, 7.691218684569636643 ) ) ;
#559 = CARTESIAN_POINT ( 'NONE',  ( -9.237604307034013473, 2.962395692965988925, 0.000000000000000000 ) ) ;
#560 = AXIS2_PLACEMENT_3D ( 'NONE', #920, #278, #647 ) ;
#561 = VERTEX_POINT ( 'NONE', #853 ) ;
#562 = EDGE_CURVE ( 'NONE', #182, #926, #468, .T. ) ;
#563 = VECTOR ( 'NONE', #1113, 1000.000000000000000 ) ;
#564 = CARTESIAN_POINT ( 'NONE',  ( -5.543760790436657260, 4.112072104884778589, -6.397924645955511025 ) ) ;
#565 = CARTESIAN_POINT ( 'NONE',  ( 6.123233995736784032E-16, 4.200000000000000178, -5.000000000000015099 ) ) ;
#566 = CARTESIAN_POINT ( 'NONE',  ( 0.000000000000000000, -4.526061762082101758, 4.375000000000000888 ) ) ;
#567 = CARTESIAN_POINT ( 'NONE',  ( -2.964440041539508908, 4.084537549960702840, -8.000000000000001776 ) ) ;
#568 = CARTESIAN_POINT ( 'NONE',  ( 5.234374678261565883, -3.996525607785681000, 6.933797111398975588 ) ) ;
#569 = VERTEX_POINT ( 'NONE', #1038 ) ;
#570 = CARTESIAN_POINT ( 'NONE',  ( -4.834298031608271096, 3.669476118239524798, -7.626750190324265155 ) ) ;
#571 = ORIENTED_EDGE ( 'NONE', *, *, #905, .T. ) ;
#572 = UNCERTAINTY_MEASURE_WITH_UNIT (LENGTH_MEASURE( 1.000000000000000082E-05 ), #532, 'distance_accuracy_value', 'NONE');
#573 = CARTESIAN_POINT ( 'NONE',  ( 5.130480583050554877, 3.939176312133595648, -7.113746962910842520 ) ) ;
#574 = ORIENTED_EDGE ( 'NONE', *, *, #839, .T. ) ;
#575 = AXIS2_PLACEMENT_3D ( 'NONE', #349, #979, #773 ) ;
#576 = B_SPLINE_CURVE_WITH_KNOTS ( 'NONE', 3,
 ( #85, #964, #1149, #342, #441, #249, #336, #78, #254, #712, #1055, #798, #418, #691, #437, #1155 ),
 .UNSPECIFIED., .F., .F.,
 ( 4, 2, 2, 2, 2, 2, 2, 4 ),
 ( 0.005153329514818602575, 0.006443520579360253672, 0.007733711643901904770, 0.008378807176172731186, 0.009023902708443557602, 0.009668998240714384018, 0.009991546006849797226, 0.01031409377298521043 ),
 .UNSPECIFIED. ) ;
#577 = CARTESIAN_POINT ( 'NONE',  ( -3.600457736832837430, 3.937552330564737524, 7.999999999999998224 ) ) ;
#578 = CONICAL_SURFACE ( 'NONE', #502, 5.000000000000006217, 0.7853981633974476129 ) ;
#579 = DIRECTION ( 'NONE',  ( 1.224646799147353454E-16, 1.000000000000000000, -0.000000000000000000 ) ) ;
#580 = AXIS2_PLACEMENT_3D ( 'NONE', #836, #478, #761 ) ;
#581 = CARTESIAN_POINT ( 'NONE',  ( 5.546791222504977803, -4.112824853656753099, 6.392675783644297560 ) ) ;
#582 = ORIENTED_EDGE ( 'NONE', *, *, #168, .F. ) ;
#583 = CARTESIAN_POINT ( 'NONE',  ( 0.2124399188244243120, 4.200005411495421725, 7.999999999999998224 ) ) ;
#584 = DIRECTION ( 'NONE',  ( 0.000000000000000000, 1.000000000000000000, 0.000000000000000000 ) ) ;
#585 = CARTESIAN_POINT ( 'NONE',  ( 4.618802153517372666, 3.070056286026331183, -8.000000000000003553 ) ) ;
#586 = ORIENTED_EDGE ( 'NONE', *, *, #623, .T. ) ;
#587 = LINE ( 'NONE', #57, #563 ) ;
#588 = B_SPLINE_CURVE_WITH_KNOTS ( 'NONE', 3,
 ( #972, #275, #1050, #966, #702, #617, #363, #628, #540, #1163, #443, #269, #989, #1057, #793, #188, #787, #171 ),
 .UNSPECIFIED., .F., .F.,
 ( 4, 2, 2, 2, 2, 2, 2, 2, 4 ),
 ( 1.969447730893151159E-07, 0.0003222677304009341753, 0.0006443385160287791111, 0.0009664093016566240469, 0.001288480087284468766, 0.001932621658540156686, 0.002576763229795844823, 0.003865046372307218495, 0.005153329514818593034 ),
 .UNSPECIFIED. ) ;
#589 = CARTESIAN_POINT ( 'NONE',  ( -0.4248797910128170874, 4.199962068831947448, -8.000000000000000000 ) ) ;
#590 = CARTESIAN_POINT ( 'NONE',  ( 3.851859888774471706E-31, 4.200000000000000178, -8.000000000000000000 ) ) ;
#591 = ORIENTED_EDGE ( 'NONE', *, *, #90, .T. ) ;
#592 = EDGE_CURVE ( 'NONE', #616, #104, #865, .T. ) ;
#593 = CARTESIAN_POINT ( 'NONE',  ( -4.589155630819243825, 3.177126786970129846, 7.999999999999994671 ) ) ;
#594 = DIRECTION ( 'NONE',  ( -1.000000000000000000, 1.224646799147353454E-16, 0.000000000000000000 ) ) ;
#595 = CARTESIAN_POINT ( 'NONE',  ( 1.702241559904557056, -4.190349429200885822, 7.999999999999998224 ) ) ;
#596 = AXIS2_PLACEMENT_3D ( 'NONE', #676, #405, #136 ) ;
#597 = AXIS2_PLACEMENT_3D ( 'NONE', #618, #252, #968 ) ;
#598 = DIRECTION ( 'NONE',  ( -0.000000000000000000, -1.000000000000000000, -0.000000000000000000 ) ) ;
#599 = EDGE_LOOP ( 'NONE', ( #994, #838, #356, #582, #1014, #809 ) ) ;
#600 = CARTESIAN_POINT ( 'NONE',  ( 3.985532395662857663, 3.773356357392370075, 7.999999999999998224 ) ) ;
#601 = DIRECTION ( 'NONE',  ( 1.224646799147353454E-16, -1.000000000000000000, 0.000000000000000000 ) ) ;
#602 = CARTESIAN_POINT ( 'NONE',  ( 0.000000000000000000, -4.200000000000000178, 0.000000000000000000 ) ) ;
#603 = CARTESIAN_POINT ( 'NONE',  ( -8.414451280066570504, -4.083189860389689230, 1.425742865111716551 ) ) ;
#604 = SURFACE_STYLE_FILL_AREA ( #523 ) ;
#605 = ORIENTED_EDGE ( 'NONE', *, *, #387, .T. ) ;
#606 = CARTESIAN_POINT ( 'NONE',  ( 6.928203230275507885, -4.200000000000001066, -4.000000000000002665 ) ) ;
#607 = CARTESIAN_POINT ( 'NONE',  ( 0.000000000000000000, 3.574999999999993072, 0.000000000000000000 ) ) ;
#608 = CARTESIAN_POINT ( 'NONE',  ( 2.977533811913359862, -4.082449767676218144, 8.000000000000000000 ) ) ;
#609 = EDGE_CURVE ( 'NONE', #117, #430, #1082, .T. ) ;
#610 = CARTESIAN_POINT ( 'NONE',  ( 0.000000000000000000, -4.200000000000000178, 0.000000000000000000 ) ) ;
#611 = EDGE_LOOP ( 'NONE', ( #480, #133, #169 ) ) ;
#612 = CARTESIAN_POINT ( 'NONE',  ( 1.699117065908963387, -4.190419071723204603, -8.000000000000001776 ) ) ;
#613 = DIRECTION ( 'NONE',  ( -1.000000000000000000, 0.000000000000000000, 0.000000000000000000 ) ) ;
#614 = EDGE_CURVE ( 'NONE', #320, #182, #883, .T. ) ;
#615 = COLOUR_RGB ( '',0.7529411764705882248, 0.7529411764705882248, 0.7529411764705882248 ) ;
#616 = VERTEX_POINT ( 'NONE', #515 ) ;
#617 = CARTESIAN_POINT ( 'NONE',  ( -4.797077129101452897, -3.599266832974233665, -7.691218684569638420 ) ) ;
#618 = CARTESIAN_POINT ( 'NONE',  ( 0.000000000000000000, 2.962395692965990701, 0.000000000000000000 ) ) ;
#619 = CARTESIAN_POINT ( 'NONE',  ( 0.000000000000000000, 3.574999999999993072, 0.000000000000000000 ) ) ;
#620 = PRESENTATION_STYLE_ASSIGNMENT (( #1063 ) ) ;
#621 = EDGE_LOOP ( 'NONE', ( #985, #543, #1136 ) ) ;
#622 = CARTESIAN_POINT ( 'NONE',  ( 7.993293108104369438, -4.177971114334129155, -2.155210216973085124 ) ) ;
#623 = EDGE_CURVE ( 'NONE', #855, #117, #71, .T. ) ;
#624 = DIRECTION ( 'NONE',  ( -0.000000000000000000, -1.000000000000000000, -0.000000000000000000 ) ) ;
#625 = CARTESIAN_POINT ( 'NONE',  ( 1.925929944387235853E-31, 4.200000000000000178, 8.000000000000000000 ) ) ;
#626 = CARTESIAN_POINT ( 'NONE',  ( -7.354697526780044292, -4.201368122346464951, -3.261290209315800048 ) ) ;
#627 = ORIENTED_EDGE ( 'NONE', *, *, #353, .F. ) ;
#628 = CARTESIAN_POINT ( 'NONE',  ( -4.933646212451371582, -3.771467729896438303, -7.454674093464471518 ) ) ;
#629 = EDGE_CURVE ( 'NONE', #497, #492, #220, .T. ) ;
#630 = CARTESIAN_POINT ( 'NONE',  ( -4.187017291416400333, -3.670262848421349755, -8.000000000000000000 ) ) ;
#631 = CARTESIAN_POINT ( 'NONE',  ( -5.441955180484441712, 4.083189860389688342, 6.574257134888282117 ) ) ;
#632 = AXIS2_PLACEMENT_3D ( 'NONE', #610, #537, #1048 ) ;
#633 = EDGE_LOOP ( 'NONE', ( #747, #574, #707 ) ) ;
#634 = PRESENTATION_LAYER_ASSIGNMENT (  '', '', ( #796 ) ) ;
#635 = DIRECTION ( 'NONE',  ( 1.224646799147353454E-16, -1.000000000000000000, 0.000000000000000000 ) ) ;
#636 = AXIS2_PLACEMENT_3D ( 'NONE', #557, #295, #476 ) ;
#637 = CIRCLE ( 'NONE', #127, 8.000000000000001776 ) ;
#638 = CARTESIAN_POINT ( 'NONE',  ( -5.230490775365858269, 3.994539901920537428, -6.940524228546001595 ) ) ;
#639 = DIRECTION ( 'NONE',  ( 0.000000000000000000, -0.000000000000000000, 1.000000000000000000 ) ) ;
#640 = EDGE_CURVE ( 'NONE', #1156, #1111, #924, .T. ) ;
#641 = CARTESIAN_POINT ( 'NONE',  ( -9.173263055801156085, 3.366616993083761056, 0.1114423161578611682 ) ) ;
#642 = CARTESIAN_POINT ( 'NONE',  ( -4.633473320285392383, 3.176609285919683501, -7.974588793750835514 ) ) ;
#643 = CARTESIAN_POINT ( 'NONE',  ( 7.141131711760658085, 4.200000000000001954, 3.631197051689234900 ) ) ;
#644 = CARTESIAN_POINT ( 'NONE',  ( -6.075269715168094997, -4.190266715128401209, 5.477324183644354250 ) ) ;
#645 = ORIENTED_EDGE ( 'NONE', *, *, #654, .T. ) ;
#646 = CARTESIAN_POINT ( 'NONE',  ( -6.714959405891510080, 4.199999999999999289, -4.369349138233378227 ) ) ;
#647 = DIRECTION ( 'NONE',  ( 1.000000000000000000, 0.000000000000000000, 0.000000000000000000 ) ) ;
#648 = CARTESIAN_POINT ( 'NONE',  ( -9.022108428942749114, 3.669476118239523910, 0.3732498096757374539 ) ) ;
#649 = AXIS2_PLACEMENT_3D ( 'NONE', #1004, #897, #286 ) ;
#650 = COLOUR_RGB ( '',0.7529411764705882248, 0.7529411764705882248, 0.7529411764705882248 ) ;
#651 = ORIENTED_EDGE ( 'NONE', *, *, #1027, .T. ) ;
#652 = CARTESIAN_POINT ( 'NONE',  ( -9.138656684367205685, 3.450989042010863539, 0.1713823097470664747 ) ) ;
#653 = ORIENTED_EDGE ( 'NONE', *, *, #457, .T. ) ;
#654 = EDGE_CURVE ( 'NONE', #1156, #825, #132, .T. ) ;
#655 = DIRECTION ( 'NONE',  ( 0.000000000000000000, 0.000000000000000000, 1.000000000000000000 ) ) ;
#656 = ORIENTED_EDGE ( 'NONE', *, *, #526, .F. ) ;
#657 = CARTESIAN_POINT ( 'NONE',  ( 4.718681643239091450, -3.453155172322071920, 7.827003649167298960 ) ) ;
#658 = ORIENTED_EDGE ( 'NONE', *, *, #879, .T. ) ;
#659 = CARTESIAN_POINT ( 'NONE',  ( 1.925929944387235853E-31, 4.200000000000000178, 8.000000000000000000 ) ) ;
#660 = FACE_OUTER_BOUND ( 'NONE', #236, .T. ) ;
#661 = PRODUCT_DEFINITION ( 'UNKNOWN', '', #207, #664 ) ;
#662 = ORIENTED_EDGE ( 'NONE', *, *, #316, .F. ) ;
#663 = CARTESIAN_POINT ( 'NONE',  ( -8.725925877500465333, 3.939176312133593427, -0.8862530370891598119 ) ) ;
#664 = PRODUCT_DEFINITION_CONTEXT ( 'detailed design', #816, 'design' ) ;
#665 = CARTESIAN_POINT ( 'NONE',  ( 2.977936071689164521, 4.082315466463526832, -7.999999999999998224 ) ) ;
#666 = EDGE_LOOP ( 'NONE', ( #571, #403, #1106 ) ) ;
#667 = VECTOR ( 'NONE', #743, 1000.000000000000000 ) ;
#668 = CARTESIAN_POINT ( 'NONE',  ( 4.260177956160836388, 3.600914527603098048, 7.999999999999998224 ) ) ;
#669 = CARTESIAN_POINT ( 'NONE',  ( -3.992727322579915583, -3.776876284349844681, 7.999999999999998224 ) ) ;
#670 = TOROIDAL_SURFACE ( 'NONE', #34, 8.000000000000001776, 1.237604307034010809 ) ;
#671 = ADVANCED_FACE ( 'NONE', ( #1032 ), #690, .T. ) ;
#672 = CARTESIAN_POINT ( 'NONE',  ( 0.8522887891674142402, 4.201362521316050369, -7.999999999999998224 ) ) ;
#673 = B_SPLINE_CURVE_WITH_KNOTS ( 'NONE', 3,
 ( #1151, #892, #183, #94, #982, #344, #862, #448, #162, #178, #801, #256, #612, #528, #715, #262 ),
 .UNSPECIFIED., .F., .F.,
 ( 4, 2, 2, 2, 2, 2, 2, 4 ),
 ( 6.169851745103296784E-05, 0.0003837277086191999875, 0.0007057568997873669937, 0.001349815282123701006, 0.001993873664460033609, 0.002637932046796366212, 0.003926048811469031417, 0.005214165576141695756 ),
 .UNSPECIFIED. ) ;
#674 = ORIENTED_EDGE ( 'NONE', *, *, #1128, .T. ) ;
#675 = CARTESIAN_POINT ( 'NONE',  ( -1.704286896799091622, 4.190301953412444824, 7.999999999999998224 ) ) ;
#676 = CARTESIAN_POINT ( 'NONE',  ( 0.000000000000000000, 4.200000000000000178, 0.000000000000000000 ) ) ;
#677 = CARTESIAN_POINT ( 'NONE',  ( 2.130777158276488503, 4.178079402155151278, -7.999999999999998224 ) ) ;
#678 = EDGE_CURVE ( 'NONE', #260, #1141, #379, .T. ) ;
#679 = EDGE_LOOP ( 'NONE', ( #374, #1064, #586, #868, #800, #1109 ) ) ;
#680 = DIRECTION ( 'NONE',  ( 1.224646799147353454E-16, 1.000000000000000000, -0.000000000000000000 ) ) ;
#681 = CARTESIAN_POINT ( 'NONE',  ( -3.390157193145610481, -3.995928894101497875, 7.999999999999998224 ) ) ;
#682 = CARTESIAN_POINT ( 'NONE',  ( -4.618802153517004960, 4.200000000000000178, 7.999999999999998224 ) ) ;
#683 = CARTESIAN_POINT ( 'NONE',  ( 9.022108428942750891, -3.669476118239526130, 0.3732498096757383976 ) ) ;
#684 = CARTESIAN_POINT ( 'NONE',  ( 2.767358646479386675, 4.112272029350790170, -8.000000000000000000 ) ) ;
#685 = VERTEX_POINT ( 'NONE', #1159 ) ;
#686 = B_SPLINE_CURVE_WITH_KNOTS ( 'NONE', 3,
 ( #1114, #385, #1016, #489, #228, #140, #845, #967, #857, #1132, #973, #506, #422, #163, #58, #333 ),
 .UNSPECIFIED., .F., .F.,
 ( 4, 2, 2, 2, 2, 2, 2, 4 ),
 ( 0.005153329514818578289, 0.006443520579360225917, 0.007733711643901873545, 0.008378807176172696491, 0.009023902708443519438, 0.009668998240714344120, 0.009991546006849753858, 0.01031409377298516533 ),
 .UNSPECIFIED. ) ;
#687 = DIRECTION ( 'NONE',  ( -0.000000000000000000, -1.000000000000000000, -0.000000000000000000 ) ) ;
#688 = CARTESIAN_POINT ( 'NONE',  ( -2.123818238726335572, -4.178431270394331598, 7.999999999999998224 ) ) ;
#689 = CIRCLE ( 'NONE', #739, 8.000000000000001776 ) ;
#690 = TOROIDAL_SURFACE ( 'NONE', #314, 8.000000000000001776, 1.237604307034010809 ) ;
#691 = CARTESIAN_POINT ( 'NONE',  ( 4.633473320285393271, -3.176609285919683945, -7.974588793750839066 ) ) ;
#692 = ORIENTED_EDGE ( 'NONE', *, *, #623, .F. ) ;
#693 = CARTESIAN_POINT ( 'NONE',  ( 7.141131711760656309, -4.200000000000002842, -3.631197051689238453 ) ) ;
#694 = CARTESIAN_POINT ( 'NONE',  ( 4.618802153517009401, 2.962395692965990701, 7.999999999999998224 ) ) ;
#695 = DIRECTION ( 'NONE',  ( -1.224646799147353454E-16, -1.000000000000000000, 0.000000000000000000 ) ) ;
#696 = ORIENTED_EDGE ( 'NONE', *, *, #678, .T. ) ;
#697 = CARTESIAN_POINT ( 'NONE',  ( 0.000000000000000000, -4.200000000000000178, 0.000000000000000000 ) ) ;
#698 = EDGE_CURVE ( 'NONE', #569, #1029, #551, .T. ) ;
#699 = CARTESIAN_POINT ( 'NONE',  ( 4.421498044645769454, -3.450413262045732399, 7.999999999999998224 ) ) ;
#700 = CARTESIAN_POINT ( 'NONE',  ( 6.502339993558222453, 4.201360097834866636, -4.737616763070072956 ) ) ;
#701 = ORIENTED_EDGE ( 'NONE', *, *, #499, .T. ) ;
#702 = CARTESIAN_POINT ( 'NONE',  ( -4.718681643239087897, -3.453155172322070143, -7.827003649167297183 ) ) ;
#703 = CARTESIAN_POINT ( 'NONE',  ( 4.834298031608271984, 3.669476118239524354, 7.626750190324261602 ) ) ;
#704 = CARTESIAN_POINT ( 'NONE',  ( 9.237604307034011697, 3.071414949476184209, 1.673313587300869728E-15 ) ) ;
#705 = CARTESIAN_POINT ( 'NONE',  ( -8.874633149953551126, -3.817694045706337747, 0.6286844857454197966 ) ) ;
#706 = AXIS2_PLACEMENT_3D ( 'NONE', #1119, #139, #47 ) ;
#707 = ORIENTED_EDGE ( 'NONE', *, *, #464, .T. ) ;
#708 = CARTESIAN_POINT ( 'NONE',  ( 9.137724817311932313, -3.453155172322073696, -0.1729963508327066191 ) ) ;
#709 = DIRECTION ( 'NONE',  ( -1.224646799147353454E-16, 1.000000000000000000, -0.000000000000000000 ) ) ;
#710 = FACE_OUTER_BOUND ( 'NONE', #155, .T. ) ;
#711 = CARTESIAN_POINT ( 'NONE',  ( -8.926782031433637243, -3.774582393226856070, -0.5383599734640259760 ) ) ;
#712 = CARTESIAN_POINT ( 'NONE',  ( 4.929624429117382078, -3.774582393226856958, -7.461640026535978798 ) ) ;
#713 = ORIENTED_EDGE ( 'NONE', *, *, #8, .F. ) ;
#714 = ADVANCED_FACE ( 'NONE', ( #412 ), #1060, .F. ) ;
#715 = CARTESIAN_POINT ( 'NONE',  ( 0.4247987661997292830, -4.200000000000001066, -7.999999999999998224 ) ) ;
#716 =( LENGTH_UNIT ( ) NAMED_UNIT ( * ) SI_UNIT ( .MILLI., .METRE. ) );
#717 = CARTESIAN_POINT ( 'NONE',  ( 0.000000000000000000, 2.962395692965990701, 0.000000000000000000 ) ) ;
#718 = SURFACE_STYLE_USAGE ( .BOTH. , #370 ) ;
#719 = ORIENTED_EDGE ( 'NONE', *, *, #547, .T. ) ;
#720 = CARTESIAN_POINT ( 'NONE',  ( -5.438174208807375898, -4.081962322906827367, 6.580805969934946376 ) ) ;
#721 = CARTESIAN_POINT ( 'NONE',  ( 0.000000000000000000, -4.526061762082101758, 0.000000000000000000 ) ) ;
#722 = CARTESIAN_POINT ( 'NONE',  ( 8.725925877500465333, 3.939176312133596536, 0.8862530370891599230 ) ) ;
#723 = CARTESIAN_POINT ( 'NONE',  ( -7.141447054659507465, -4.200000000000001066, -3.630650861766621329 ) ) ;
#724 = AXIS2_PLACEMENT_3D ( 'NONE', #460, #915, #37 ) ;
#725 = CARTESIAN_POINT ( 'NONE',  ( -3.985532395662849670, 3.773356357392371851, -7.999999999999998224 ) ) ;
#726 = FACE_OUTER_BOUND ( 'NONE', #539, .T. ) ;
#727 = CIRCLE ( 'NONE', #20, 8.000000000000001776 ) ;
#728 = CARTESIAN_POINT ( 'NONE',  ( 0.000000000000000000, 2.962395692965990701, 0.000000000000000000 ) ) ;
#729 = DIRECTION ( 'NONE',  ( -1.224646799147353454E-16, -1.000000000000000000, 0.000000000000000000 ) ) ;
#730 = ADVANCED_FACE ( 'NONE', ( #520 ), #975, .F. ) ;
#731 = CARTESIAN_POINT ( 'NONE',  ( -9.022108428942750891, -3.669476118239524798, -0.3732498096757390083 ) ) ;
#732 = DIRECTION ( 'NONE',  ( -1.224646799147353454E-16, -1.000000000000000000, 0.000000000000000000 ) ) ;
#733 = PLANE ( 'NONE',  #636 ) ;
#734 = CARTESIAN_POINT ( 'NONE',  ( -8.926782031433637243, 3.774582393226855181, 0.5383599734640245327 ) ) ;
#735 = CARTESIAN_POINT ( 'NONE',  ( -7.141447054659505689, 4.199999999999999289, 3.630650861766622217 ) ) ;
#736 = PRESENTATION_LAYER_ASSIGNMENT (  '', '', ( #757 ) ) ;
#737 = ORIENTED_EDGE ( 'NONE', *, *, #1085, .F. ) ;
#738 = DIRECTION ( 'NONE',  ( 8.659560562354977232E-17, 0.7071067811865441310, -0.7071067811865510144 ) ) ;
#739 = AXIS2_PLACEMENT_3D ( 'NONE', #1133, #601, #846 ) ;
#740 = CONICAL_SURFACE ( 'NONE', #632, 5.000000000000006217, 0.7853981633974476129 ) ;
#741 = FILL_AREA_STYLE ('',( #111 ) ) ;
#742 = EDGE_LOOP ( 'NONE', ( #274, #755, #29, #713 ) ) ;
#743 = DIRECTION ( 'NONE',  ( -0.000000000000000000, -1.000000000000000000, -0.000000000000000000 ) ) ;
#744 = ORIENTED_EDGE ( 'NONE', *, *, #614, .F. ) ;
#745 = EDGE_CURVE ( 'NONE', #320, #458, #527, .T. ) ;
#746 = CARTESIAN_POINT ( 'NONE',  ( 0.1077789681949298251, 4.200000000000121858, 7.999999999999998224 ) ) ;
#747 = ORIENTED_EDGE ( 'NONE', *, *, #609, .F. ) ;
#748 = CARTESIAN_POINT ( 'NONE',  ( -8.874633149953552902, 3.817694045706337747, -0.6286844857454209068 ) ) ;
#749 = CARTESIAN_POINT ( 'NONE',  ( 4.933646212451373358, -3.771467729896440080, 7.454674093464467965 ) ) ;
#750 = ORIENTED_EDGE ( 'NONE', *, *, #473, .F. ) ;
#751 = CARTESIAN_POINT ( 'NONE',  ( 4.618802153517009401, 2.962395692965990701, 7.999999999999998224 ) ) ;
#752 = EDGE_CURVE ( 'NONE', #825, #1111, #727, .T. ) ;
#753 = CARTESIAN_POINT ( 'NONE',  ( 6.501708933770973253, 4.201368122346465839, 4.738709790684198175 ) ) ;
#754 = CARTESIAN_POINT ( 'NONE',  ( 4.490625275939019723, 3.365714075070526334, -8.000000000000000000 ) ) ;
#755 = ORIENTED_EDGE ( 'NONE', *, *, #1027, .F. ) ;
#756 = CARTESIAN_POINT ( 'NONE',  ( 3.851859888774471706E-31, 4.200000000000000178, -8.000000000000000000 ) ) ;
#757 = STYLED_ITEM ( 'NONE', ( #822 ), #1070 ) ;
#758 = VECTOR ( 'NONE', #1107, 1000.000000000000000 ) ;
#759 = CARTESIAN_POINT ( 'NONE',  ( 5.861963994375903653, 4.177987353017136307, 5.846780529601534937 ) ) ;
#760 = ADVANCED_FACE ( 'NONE', ( #113 ), #993, .T. ) ;
#761 = DIRECTION ( 'NONE',  ( 0.000000000000000000, 0.000000000000000000, 1.000000000000000000 ) ) ;
#762 = CARTESIAN_POINT ( 'NONE',  ( -9.237604307034013473, 4.200000000000000178, 5.418385350720734506E-17 ) ) ;
#763 = ORIENTED_EDGE ( 'NONE', *, *, #562, .T. ) ;
#764 = CARTESIAN_POINT ( 'NONE',  ( -6.928203230275509661, -4.200000000000000178, 4.000000000000002665 ) ) ;
#765 = CARTESIAN_POINT ( 'NONE',  ( -3.595257048395108512, -3.939278949484821712, 8.000000000000000000 ) ) ;
#766 = CARTESIAN_POINT ( 'NONE',  ( 2.766119333037710515, -4.112440398173810685, 7.999999999999998224 ) ) ;
#767 = DIRECTION ( 'NONE',  ( -0.000000000000000000, -1.000000000000000000, -0.000000000000000000 ) ) ;
#768 = CARTESIAN_POINT ( 'NONE',  ( 4.618802153517006737, 2.962395692965990701, -8.000000000000000000 ) ) ;
#769 = ORIENTED_EDGE ( 'NONE', *, *, #464, .F. ) ;
#770 = CARTESIAN_POINT ( 'NONE',  ( 1.062220067573347748, 4.198612662185452038, 8.000000000000000000 ) ) ;
#771 = CARTESIAN_POINT ( 'NONE',  ( -9.237604307034013473, -2.962395692965988925, 0.000000000000000000 ) ) ;
#772 = CARTESIAN_POINT ( 'NONE',  ( -7.141131711760656309, -4.200000000000001066, 3.631197051689236233 ) ) ;
#773 = DIRECTION ( 'NONE',  ( -1.000000000000000000, 1.224646799147353454E-16, 0.000000000000000000 ) ) ;
#774 = VERTEX_POINT ( 'NONE', #625 ) ;
#775 = CARTESIAN_POINT ( 'NONE',  ( 8.309615238046045960, -4.112824853656754875, -1.607324216355707325 ) ) ;
#776 = CIRCLE ( 'NONE', #281, 8.000000000000001776 ) ;
#777 = CARTESIAN_POINT ( 'NONE',  ( -4.420000530603775957, -3.452175407802214657, 7.999999999999998224 ) ) ;
#778 = CARTESIAN_POINT ( 'NONE',  ( 4.618802153517008513, -2.962395692965988037, 7.999999999999998224 ) ) ;
#779 = TOROIDAL_SURFACE ( 'NONE', #225, 8.000000000000001776, 1.237604307034010809 ) ;
#780 = CARTESIAN_POINT ( 'NONE',  ( 0.000000000000000000, 4.200000000000000178, 0.000000000000000000 ) ) ;
#781 = ORIENTED_EDGE ( 'NONE', *, *, #526, .T. ) ;
#782 = CARTESIAN_POINT ( 'NONE',  ( 7.354066466992793316, -4.201360097834865748, -3.262383236929934593 ) ) ;
#783 = CARTESIAN_POINT ( 'NONE',  ( -4.618802153517711950, -3.069749245481962596, -7.999999999999998224 ) ) ;
#784 = CARTESIAN_POINT ( 'NONE',  ( -7.993293108104371214, 4.177971114334128266, -2.155210216973082460 ) ) ;
#785 = DIRECTION ( 'NONE',  ( 1.000000000000000000, -1.084202172485504187E-16, 8.881784197001252323E-16 ) ) ;
#786 = ORIENTED_EDGE ( 'NONE', *, *, #184, .F. ) ;
#787 = CARTESIAN_POINT ( 'NONE',  ( -6.715274748790359460, -4.200000000000000178, -4.368802948310767320 ) ) ;
#788 = CARTESIAN_POINT ( 'NONE',  ( 3.851859888774471706E-31, -4.200000000000000178, -8.000000000000000000 ) ) ;
#789 = FILL_AREA_STYLE_COLOUR ( '', #650 ) ;
#790 = CARTESIAN_POINT ( 'NONE',  ( 9.138656684367203908, -3.450989042010865759, 0.1713823097470670298 ) ) ;
#791 = DIRECTION ( 'NONE',  ( 1.224646799147353454E-16, 1.000000000000000000, -0.000000000000000000 ) ) ;
#792 = ORIENTED_EDGE ( 'NONE', *, *, #614, .T. ) ;
#793 = CARTESIAN_POINT ( 'NONE',  ( -6.076533937124928286, -4.190323970480658744, -5.475134486983074034 ) ) ;
#794 = DIRECTION ( 'NONE',  ( 0.000000000000000000, 1.000000000000000000, 0.000000000000000000 ) ) ;
#795 = CARTESIAN_POINT ( 'NONE',  ( -4.981773310597461091, 3.817694045706338191, 7.371315514254582979 ) ) ;
#796 = STYLED_ITEM ( 'NONE', ( #620 ), #1168 ) ;
#797 = EDGE_CURVE ( 'NONE', #923, #138, #475, .T. ) ;
#798 = CARTESIAN_POINT ( 'NONE',  ( 4.717749776183812749, -3.450989042010865315, -7.828617690252934302 ) ) ;
#799 = CIRCLE ( 'NONE', #358, 8.000000000000000000 ) ;
#800 = ORIENTED_EDGE ( 'NONE', *, *, #640, .T. ) ;
#801 = CARTESIAN_POINT ( 'NONE',  ( 2.760485026368410200, -4.113161906529671619, -8.000000000000001776 ) ) ;
#802 = CYLINDRICAL_SURFACE ( 'NONE', #482, 4.375000000000000888 ) ;
#803 = CARTESIAN_POINT ( 'NONE',  ( 9.014891954710963162, 3.662627326601620492, 0.3857491096967023969 ) ) ;
#804 = FILL_AREA_STYLE_COLOUR ( '', #427 ) ;
#805 = CARTESIAN_POINT ( 'NONE',  ( -4.171280868098049766, 3.664085859130945533, -8.000000000000000000 ) ) ;
#806 = LINE ( 'NONE', #1154, #317 ) ;
#807 = CARTESIAN_POINT ( 'NONE',  ( 0.000000000000000000, -4.200000000000000178, 0.000000000000000000 ) ) ;
#808 = APPLICATION_PROTOCOL_DEFINITION ( 'draft international standard', 'automotive_design', 1998, #958 ) ;
#809 = ORIENTED_EDGE ( 'NONE', *, *, #1078, .T. ) ;
#810 = DIRECTION ( 'NONE',  ( 0.000000000000000000, 0.000000000000000000, 1.000000000000000000 ) ) ;
#811 = EDGE_CURVE ( 'NONE', #685, #80, #368, .T. ) ;
#812 = FACE_OUTER_BOUND ( 'NONE', #621, .T. ) ;
#813 = CARTESIAN_POINT ( 'NONE',  ( -6.502339993558220677, 4.201360097834863971, 4.737616763070070292 ) ) ;
#814 = VECTOR ( 'NONE', #335, 1000.000000000000000 ) ;
#815 =( GEOMETRIC_REPRESENTATION_CONTEXT ( 3 ) GLOBAL_UNCERTAINTY_ASSIGNED_CONTEXT ( ( #1116 ) ) GLOBAL_UNIT_ASSIGNED_CONTEXT ( ( #206, #118, #28 ) ) REPRESENTATION_CONTEXT ( 'NONE', 'WORKASPACE' ) );
#816 = APPLICATION_CONTEXT ( 'automotive_design' ) ;
#817 = AXIS2_PLACEMENT_3D ( 'NONE', #995, #1002, #474 ) ;
#818 = ADVANCED_FACE ( 'NONE', ( #365 ), #974, .T. ) ;
#819 = SURFACE_STYLE_USAGE ( .BOTH. , #22 ) ;
#820 = CARTESIAN_POINT ( 'NONE',  ( -4.618802153517004960, 2.962395692965988925, 7.999999999999998224 ) ) ;
#821 = CARTESIAN_POINT ( 'NONE',  ( -9.173263055801157861, -3.366616993083762388, -0.1114423161578614180 ) ) ;
#822 = PRESENTATION_STYLE_ASSIGNMENT (( #718 ) ) ;
#823 = DIRECTION ( 'NONE',  ( -0.000000000000000000, -1.000000000000000000, -0.000000000000000000 ) ) ;
#824 = CARTESIAN_POINT ( 'NONE',  ( -5.230490775365853828, -3.994539901920537428, 6.940524228546000707 ) ) ;
#825 = VERTEX_POINT ( 'NONE', #991 ) ;
#826 = CARTESIAN_POINT ( 'NONE',  ( -4.618802153517005848, 2.962395692965989813, -8.000000000000001776 ) ) ;
#827 = CARTESIAN_POINT ( 'NONE',  ( -1.062220067573345306, 4.198612662185451150, -8.000000000000000000 ) ) ;
#828 = CARTESIAN_POINT ( 'NONE',  ( -9.059329331449561096, 3.599266832974233221, -0.3087813154303659102 ) ) ;
#829 = ADVANCED_FACE ( 'NONE', ( #190, #710 ), #103, .F. ) ;
#830 = CARTESIAN_POINT ( 'NONE',  ( 4.683736533074175590, 3.368404857904539362, -7.887530355449021258 ) ) ;
#831 = EDGE_LOOP ( 'NONE', ( #291, #1040, #414, #737 ) ) ;
#832 = TOROIDAL_SURFACE ( 'NONE', #896, 8.000000000000001776, 1.237604307034010809 ) ;
#833 = AXIS2_PLACEMENT_3D ( 'NONE', #152, #509, #277 ) ;
#834 = DIRECTION ( 'NONE',  ( -0.000000000000000000, -1.000000000000000000, -0.000000000000000000 ) ) ;
#835 = ORIENTED_EDGE ( 'NONE', *, *, #911, .T. ) ;
#836 = CARTESIAN_POINT ( 'NONE',  ( 0.000000000000000000, -3.574999999999994849, 0.000000000000000000 ) ) ;
#837 = CARTESIAN_POINT ( 'NONE',  ( 5.441955180484441712, 4.083189860389689230, -6.574257134888283893 ) ) ;
#838 = ORIENTED_EDGE ( 'NONE', *, *, #486, .T. ) ;
#839 = EDGE_CURVE ( 'NONE', #117, #395, #1145, .T. ) ;
#840 = CARTESIAN_POINT ( 'NONE',  ( -3.897108975210486825, 3.815739430406304145, 7.999999999999998224 ) ) ;
#841 = CARTESIAN_POINT ( 'NONE',  ( -9.237604307034015250, 3.071414949476182876, -1.067261513540418427E-16 ) ) ;
#842 = CARTESIAN_POINT ( 'NONE',  ( -4.618802153517005848, -2.962395692965989813, -8.000000000000001776 ) ) ;
#843 = EDGE_LOOP ( 'NONE', ( #674, #455, #194 ) ) ;
#844 = CARTESIAN_POINT ( 'NONE',  ( 0.4248797910128175870, 4.199962068831948336, 7.999999999999998224 ) ) ;
#845 = CARTESIAN_POINT ( 'NONE',  ( 8.418232251743640759, 4.081962322906828255, -1.419194030065061618 ) ) ;
#846 = DIRECTION ( 'NONE',  ( -1.000000000000000000, -1.084202172485504187E-16, 0.000000000000000000 ) ) ;
#847 = CARTESIAN_POINT ( 'NONE',  ( 4.683736533074178254, -3.368404857904538030, 7.887530355449019481 ) ) ;
#848 = ORIENTED_EDGE ( 'NONE', *, *, #54, .F. ) ;
#849 = DIRECTION ( 'NONE',  ( 0.000000000000000000, 0.000000000000000000, 1.000000000000000000 ) ) ;
#850 = AXIS2_PLACEMENT_3D ( 'NONE', #150, #687, #849 ) ;
#851 = CARTESIAN_POINT ( 'NONE',  ( -4.618802153517005848, 2.962395692965989813, -8.000000000000001776 ) ) ;
#852 = CARTESIAN_POINT ( 'NONE',  ( 2.128683319877552105, -4.178214913799123131, 7.999999999999998224 ) ) ;
#853 = CARTESIAN_POINT ( 'NONE',  ( 4.618802153517009401, 2.962395692965990701, 7.999999999999998224 ) ) ;
#854 = CARTESIAN_POINT ( 'NONE',  ( 4.618802153517008513, -2.962395692965988037, 7.999999999999998224 ) ) ;
#855 = VERTEX_POINT ( 'NONE', #400 ) ;
#856 = DIRECTION ( 'NONE',  ( -1.224646799147353454E-16, -1.000000000000000000, 0.000000000000000000 ) ) ;
#857 = CARTESIAN_POINT ( 'NONE',  ( 8.728625686203528744, 3.937467461392999191, -0.8815768312447380683 ) ) ;
#858 = CARTESIAN_POINT ( 'NONE',  ( 5.438174208807378562, 4.081962322906826479, 6.580805969934940158 ) ) ;
#859 = ADVANCED_FACE ( 'NONE', ( #660 ), #18, .T. ) ;
#860 = CARTESIAN_POINT ( 'NONE',  ( -8.622031782289452551, -3.996525607785680112, 1.066202888601025300 ) ) ;
#861 = ORIENTED_EDGE ( 'NONE', *, *, #811, .T. ) ;
#862 = CARTESIAN_POINT ( 'NONE',  ( 3.992727322579912030, -3.776876284349845569, -8.000000000000000000 ) ) ;
#863 = CARTESIAN_POINT ( 'NONE',  ( 0.000000000000000000, -4.200000000000000178, -5.000000000000006217 ) ) ;
#864 = DIRECTION ( 'NONE',  ( -1.000000000000000000, -1.084202172485504187E-16, 0.000000000000000000 ) ) ;
#865 = LINE ( 'NONE', #240, #1122 ) ;
#866 = FACE_OUTER_BOUND ( 'NONE', #831, .T. ) ;
#867 = EDGE_CURVE ( 'NONE', #420, #923, #686, .T. ) ;
#868 = ORIENTED_EDGE ( 'NONE', *, *, #1018, .F. ) ;
#869 = CARTESIAN_POINT ( 'NONE',  ( 0.000000000000000000, 3.574999999999993072, 0.000000000000000000 ) ) ;
#870 = COLOUR_RGB ( '',0.7529411764705882248, 0.7529411764705882248, 0.7529411764705882248 ) ;
#871 = DIRECTION ( 'NONE',  ( -0.000000000000000000, -1.000000000000000000, -0.000000000000000000 ) ) ;
#872 = CARTESIAN_POINT ( 'NONE',  ( 3.396094945054309644, -3.994442516667616516, 7.999999999999998224 ) ) ;
#873 = AXIS2_PLACEMENT_3D ( 'NONE', #416, #579, #246 ) ;
#874 = AXIS2_PLACEMENT_3D ( 'NONE', #912, #901, #201 ) ;
#875 = CARTESIAN_POINT ( 'NONE',  ( -9.222784663438833519, -3.177651271041055381, 0.02566837565691431136 ) ) ;
#876 = SURFACE_SIDE_STYLE ('',( #604 ) ) ;
#877 = ORIENTED_EDGE ( 'NONE', *, *, #609, .T. ) ;
#878 = CARTESIAN_POINT ( 'NONE',  ( 5.357829746269671606E-16, -3.574999999999994849, -4.375000000000000888 ) ) ;
#879 = EDGE_CURVE ( 'NONE', #492, #458, #1043, .T. ) ;
#880 = CARTESIAN_POINT ( 'NONE',  ( -4.589637713212657566, -3.176248292070557255, -8.000000000000000000 ) ) ;
#881 = DIRECTION ( 'NONE',  ( 0.000000000000000000, -0.000000000000000000, -1.000000000000000000 ) ) ;
#882 = B_SPLINE_CURVE_WITH_KNOTS ( 'NONE', 3,
 ( #351, #1065, #534, #886, #708, #63, #1072, #1143, #432, #251, #421, #87, #775, #622, #986, #782, #693, #606 ),
 .UNSPECIFIED., .F., .F.,
 ( 4, 2, 2, 2, 2, 2, 2, 2, 4 ),
 ( 1.969447730903691690E-07, 0.0003222677304009348800, 0.0006443385160287792195, 0.0009664093016566237216, 0.001288480087284468115, 0.001932621658540157336, 0.002576763229795846558, 0.003865046372307224566, 0.005153329514818602575 ),
 .UNSPECIFIED. ) ;
#883 = LINE ( 'NONE', #1139, #814 ) ;
#884 = CARTESIAN_POINT ( 'NONE',  ( 6.715274748790363013, 4.200000000000002842, -4.368802948310769985 ) ) ;
#885 = ORIENTED_EDGE ( 'NONE', *, *, #938, .F. ) ;
#886 = CARTESIAN_POINT ( 'NONE',  ( 9.172669927476844620, -3.368404857904538918, -0.1124696445509855564 ) ) ;
#887 = ADVANCED_FACE ( 'NONE', ( #1152 ), #670, .T. ) ;
#888 = DIRECTION ( 'NONE',  ( 0.000000000000000000, 0.000000000000000000, 1.000000000000000000 ) ) ;
#889 = CARTESIAN_POINT ( 'NONE',  ( -4.683736533074172925, 3.368404857904538030, 7.887530355449021258 ) ) ;
#890 = FACE_OUTER_BOUND ( 'NONE', #255, .T. ) ;
#891 = VERTEX_POINT ( 'NONE', #863 ) ;
#892 = CARTESIAN_POINT ( 'NONE',  ( 4.618802153517973075, -3.070014153665903578, -8.000000000000000000 ) ) ;
#893 = DIRECTION ( 'NONE',  ( -1.000000000000000000, -1.224646799147353454E-16, 0.000000000000000000 ) ) ;
#894 = CARTESIAN_POINT ( 'NONE',  ( -4.841514505840051719, 3.662627326601619160, 7.614250890303304153 ) ) ;
#895 = CARTESIAN_POINT ( 'NONE',  ( -7.781136745382919884, -4.190266715128400321, -2.522675816355647527 ) ) ;
#896 = AXIS2_PLACEMENT_3D ( 'NONE', #1073, #440, #893 ) ;
#897 = DIRECTION ( 'NONE',  ( -0.000000000000000000, 1.000000000000000000, -0.000000000000000000 ) ) ;
#898 = B_SPLINE_CURVE_WITH_KNOTS ( 'NONE', 3,
 ( #299, #735, #7, #388, #287, #209, #384, #1005, #1104, #734, #648, #652, #641, #1009, #1098, #559 ),
 .UNSPECIFIED., .F., .F.,
 ( 4, 2, 2, 2, 2, 2, 2, 4 ),
 ( 0.005153329514818590432, 0.006443520579360239794, 0.007733711643901889157, 0.008378807176172713839, 0.009023902708443540255, 0.009668998240714366671, 0.009991546006849778144, 0.01031409377298518962 ),
 .UNSPECIFIED. ) ;
#899 = AXIS2_PLACEMENT_3D ( 'NONE', #175, #881, #613 ) ;
#900 = CARTESIAN_POINT ( 'NONE',  ( -4.618802153517007625, 3.071577131821055406, -8.000000000000000000 ) ) ;
#901 = DIRECTION ( 'NONE',  ( 1.224646799147353454E-16, -1.000000000000000000, 0.000000000000000000 ) ) ;
#902 = FILL_AREA_STYLE ('',( #789 ) ) ;
#903 = DIRECTION ( 'NONE',  ( 0.000000000000000000, 1.000000000000000000, 0.000000000000000000 ) ) ;
#904 =( LENGTH_UNIT ( ) NAMED_UNIT ( * ) SI_UNIT ( .MILLI., .METRE. ) );
#905 = EDGE_CURVE ( 'NONE', #138, #774, #637, .T. ) ;
#906 = VERTEX_POINT ( 'NONE', #788 ) ;
#907 = CARTESIAN_POINT ( 'NONE',  ( -4.683143404749857908, -3.366616993083764164, 7.888557683842143398 ) ) ;
#908 = CARTESIAN_POINT ( 'NONE',  ( -6.928203230275510549, 4.200000000000000178, -4.000000000000001776 ) ) ;
#909 = DIRECTION ( 'NONE',  ( -1.000000000000000000, 1.224646799147353454E-16, 0.000000000000000000 ) ) ;
#910 =( NAMED_UNIT ( * ) PLANE_ANGLE_UNIT ( ) SI_UNIT ( $, .RADIAN. ) );
#911 = EDGE_CURVE ( 'NONE', #80, #1156, #898, .T. ) ;
#912 = CARTESIAN_POINT ( 'NONE',  ( 0.000000000000000000, 4.200000000000000178, 0.000000000000000000 ) ) ;
#913 = B_SPLINE_CURVE_WITH_KNOTS ( 'NONE', 3,
 ( #908, #646, #17, #927, #288, #564, #196, #638, #1011, #552, #570, #996, #106, #642, #30, #826 ),
 .UNSPECIFIED., .F., .F.,
 ( 4, 2, 2, 2, 2, 2, 2, 4 ),
 ( 0.005153329514818595636, 0.006443520579360245866, 0.007733711643901896096, 0.008378807176172724247, 0.009023902708443550663, 0.009668998240714377079, 0.009991546006849788553, 0.01031409377298520003 ),
 .UNSPECIFIED. ) ;
#914 = LINE ( 'NONE', #214, #130 ) ;
#915 = DIRECTION ( 'NONE',  ( 0.000000000000000000, 0.000000000000000000, 1.000000000000000000 ) ) ;
#916 = DIRECTION ( 'NONE',  ( 0.000000000000000000, 1.000000000000000000, 0.000000000000000000 ) ) ;
#917 = AXIS2_PLACEMENT_3D ( 'NONE', #313, #856, #505 ) ;
#918 = ORIENTED_EDGE ( 'NONE', *, *, #905, .F. ) ;
#919 = DIRECTION ( 'NONE',  ( 0.000000000000000000, 0.000000000000000000, 1.000000000000000000 ) ) ;
#920 = CARTESIAN_POINT ( 'NONE',  ( 0.000000000000000000, 0.000000000000000000, 0.000000000000000000 ) ) ;
#921 = DIRECTION ( 'NONE',  ( 0.000000000000000000, 0.000000000000000000, 1.000000000000000000 ) ) ;
#922 = ADVANCED_FACE ( 'NONE', ( #212 ), #119, .F. ) ;
#923 = VERTEX_POINT ( 'NONE', #1083 ) ;
#924 = B_SPLINE_CURVE_WITH_KNOTS ( 'NONE', 3,
 ( #1101, #841, #309, #44, #297, #828, #39, #397, #748, #663, #1019, #435, #1046, #784, #247, #530, #1053, #962 ),
 .UNSPECIFIED., .F., .F.,
 ( 4, 2, 2, 2, 2, 2, 2, 2, 4 ),
 ( 1.969447730879217997E-07, 0.0003222677304009323321, 0.0006443385160287767258, 0.0009664093016566210111, 0.001288480087284465513, 0.001932621658540153867, 0.002576763229795842221, 0.003865046372307219362, 0.005153329514818595636 ),
 .UNSPECIFIED. ) ;
#925 = CARTESIAN_POINT ( 'NONE',  ( 6.928203230275508773, -4.200000000000001066, 4.000000000000000000 ) ) ;
#926 = VERTEX_POINT ( 'NONE', #565 ) ;
#927 = CARTESIAN_POINT ( 'NONE',  ( -6.075269715168094997, 4.190266715128399433, -5.477324183644350697 ) ) ;
#928 = CARTESIAN_POINT ( 'NONE',  ( -0.5310997011128020251, 4.199913222680514480, -8.000000000000000000 ) ) ;
#929 = CARTESIAN_POINT ( 'NONE',  ( -9.237604307034013473, -2.962395692965988925, 0.000000000000000000 ) ) ;
#930 = CIRCLE ( 'NONE', #98, 8.000000000000001776 ) ;
#931 = CARTESIAN_POINT ( 'NONE',  ( 6.076533937124932727, -4.190323970480661409, 5.475134486983074922 ) ) ;
#932 = ORIENTED_EDGE ( 'NONE', *, *, #1112, .T. ) ;
#933 = CIRCLE ( 'NONE', #596, 8.000000000000001776 ) ;
#934 = AXIS2_PLACEMENT_3D ( 'NONE', #310, #1117, #324 ) ;
#935 = CARTESIAN_POINT ( 'NONE',  ( 1.699012369344041540, 4.190418870051541234, 8.000000000000000000 ) ) ;
#936 = CARTESIAN_POINT ( 'NONE',  ( -0.2124399188244247560, 4.200005411495420837, -8.000000000000000000 ) ) ;
#937 = CARTESIAN_POINT ( 'NONE',  ( 4.797077129101454673, -3.599266832974234553, 7.691218684569637531 ) ) ;
#938 = EDGE_CURVE ( 'NONE', #430, #1124, #1108, .T. ) ;
#939 = ORIENTED_EDGE ( 'NONE', *, *, #307, .F. ) ;
#940 = B_SPLINE_CURVE_WITH_KNOTS ( 'NONE', 3,
 ( #411, #1031, #341, #1127, #777, #43, #669, #765, #681, #157, #1017, #688, #151, #1026, #233, #323 ),
 .UNSPECIFIED., .F., .F.,
 ( 4, 2, 2, 2, 2, 2, 2, 4 ),
 ( 6.169851745103201916E-05, 0.0003837277086191981444, 0.0007057568997873642832, 0.001349815282123696669, 0.001993873664460028838, 0.002637932046796361008, 0.003926048811469027948, 0.005214165576141694888 ),
 .UNSPECIFIED. ) ;
#941 = CARTESIAN_POINT ( 'NONE',  ( -8.000000000000001776, -4.200000000000000178, 0.000000000000000000 ) ) ;
#942 = DIRECTION ( 'NONE',  ( -1.000000000000000000, -1.224646799147353454E-16, 0.000000000000000000 ) ) ;
#943 = CARTESIAN_POINT ( 'NONE',  ( 6.714959405891512745, 4.200000000000001066, 4.369349138233379115 ) ) ;
#944 = LINE ( 'NONE', #124, #431 ) ;
#945 = ORIENTED_EDGE ( 'NONE', *, *, #24, .F. ) ;
#946 = CARTESIAN_POINT ( 'NONE',  ( -2.767358646479388007, 4.112272029350789282, 8.000000000000000000 ) ) ;
#947 = LINE ( 'NONE', #1146, #241 ) ;
#948 = DIRECTION ( 'NONE',  ( 1.224646799147353454E-16, 1.000000000000000000, -0.000000000000000000 ) ) ;
#949 = CARTESIAN_POINT ( 'NONE',  ( 3.393573084474135193, 3.995022235156586721, -7.999999999999998224 ) ) ;
#950 = EDGE_LOOP ( 'NONE', ( #696, #1022, #409 ) ) ;
#951 = CARTESIAN_POINT ( 'NONE',  ( 6.928203230275507885, 4.200000000000001066, -4.000000000000002665 ) ) ;
#952 = TOROIDAL_SURFACE ( 'NONE', #1105, 8.000000000000001776, 1.237604307034010809 ) ;
#953 = DIRECTION ( 'NONE',  ( 0.000000000000000000, -0.000000000000000000, 1.000000000000000000 ) ) ;
#954 = CARTESIAN_POINT ( 'NONE',  ( 3.600868488216870666, -3.937318964335604132, 7.999999999999998224 ) ) ;
#955 = CARTESIAN_POINT ( 'NONE',  ( -8.725925877500461780, -3.939176312133594315, 0.8862530370891581466 ) ) ;
#956 =( NAMED_UNIT ( * ) SI_UNIT ( $, .STERADIAN. ) SOLID_ANGLE_UNIT ( ) );
#957 = ORIENTED_EDGE ( 'NONE', *, *, #678, .F. ) ;
#958 = APPLICATION_CONTEXT ( 'automotive_design' ) ;
#959 = CARTESIAN_POINT ( 'NONE',  ( 0.8497590757394102301, 4.199394856786890173, 7.999999999999998224 ) ) ;
#960 = DIRECTION ( 'NONE',  ( -1.000000000000000000, -1.084202172485504434E-16, 0.000000000000000000 ) ) ;
#961 = EDGE_CURVE ( 'NONE', #891, #511, #462, .T. ) ;
#962 = CARTESIAN_POINT ( 'NONE',  ( -6.928203230275510549, 4.200000000000000178, -4.000000000000001776 ) ) ;
#963 = CARTESIAN_POINT ( 'NONE',  ( -9.137724817311928760, -3.453155172322069699, 0.1729963508327023725 ) ) ;
#964 = CARTESIAN_POINT ( 'NONE',  ( 6.714959405891510080, -4.200000000000001954, -4.369349138233381780 ) ) ;
#965 = ORIENTED_EDGE ( 'NONE', *, *, #745, .T. ) ;
#966 = CARTESIAN_POINT ( 'NONE',  ( -4.683736533074175590, -3.368404857904538474, -7.887530355449021258 ) ) ;
#967 = CARTESIAN_POINT ( 'NONE',  ( 8.625915685185155724, 3.994539901920538316, -1.059475771454003290 ) ) ;
#968 = DIRECTION ( 'NONE',  ( -1.000000000000000000, -1.224646799147353454E-16, 0.000000000000000000 ) ) ;
#969 = CARTESIAN_POINT ( 'NONE',  ( 6.076533937124929174, 4.190323970480662297, -5.475134486983077586 ) ) ;
#970 = B_SPLINE_CURVE_WITH_KNOTS ( 'NONE', 3,
 ( #195, #253, #329, #1047, #1160, #426, #153, #166, #248, #159, #683, #790, #984, #510, #522, #436 ),
 .UNSPECIFIED., .F., .F.,
 ( 4, 2, 2, 2, 2, 2, 2, 4 ),
 ( 0.005153329514818584360, 0.006443520579360232856, 0.007733711643901880484, 0.008378807176172705165, 0.009023902708443529846, 0.009668998240714352793, 0.009991546006849764266, 0.01031409377298517574 ),
 .UNSPECIFIED. ) ;
#971 = ORIENTED_EDGE ( 'NONE', *, *, #752, .F. ) ;
#972 = CARTESIAN_POINT ( 'NONE',  ( -4.618802153517005848, -2.962395692965989813, -8.000000000000001776 ) ) ;
#973 = CARTESIAN_POINT ( 'NONE',  ( 9.022108428942750891, 3.669476118239525242, -0.3732498096757410622 ) ) ;
#974 = TOROIDAL_SURFACE ( 'NONE', #521, 8.000000000000001776, 1.237604307034010809 ) ;
#975 = PLANE ( 'NONE',  #833 ) ;
#976 = MECHANICAL_DESIGN_GEOMETRIC_PRESENTATION_REPRESENTATION (  '', ( #1023 ), #32 ) ;
#977 = AXIS2_PLACEMENT_3D ( 'NONE', #372, #556, #921 ) ;
#978 = DIRECTION ( 'NONE',  ( 0.000000000000000000, 0.000000000000000000, 1.000000000000000000 ) ) ;
#979 = DIRECTION ( 'NONE',  ( -1.224646799147353454E-16, -1.000000000000000000, 0.000000000000000000 ) ) ;
#980 = ORIENTED_EDGE ( 'NONE', *, *, #1007, .T. ) ;
#981 = ADVANCED_FACE ( 'NONE', ( #380 ), #393, .F. ) ;
#982 = CARTESIAN_POINT ( 'NONE',  ( 4.420000530603775069, -3.452175407802215990, -8.000000000000001776 ) ) ;
#983 = CARTESIAN_POINT ( 'NONE',  ( 8.414451280066572281, 4.083189860389691006, 1.425742865111718327 ) ) ;
#984 = CARTESIAN_POINT ( 'NONE',  ( 9.173263055801157861, -3.366616993083763720, 0.1114423161578622506 ) ) ;
#985 = ORIENTED_EDGE ( 'NONE', *, *, #284, .F. ) ;
#986 = CARTESIAN_POINT ( 'NONE',  ( 7.779872523426087483, -4.190323970480661409, -2.524865513016929963 ) ) ;
#987 = CARTESIAN_POINT ( 'NONE',  ( 7.779872523426089259, 4.190323970480662297, 2.524865513016925522 ) ) ;
#988 = ORIENTED_EDGE ( 'NONE', *, *, #451, .F. ) ;
#989 = CARTESIAN_POINT ( 'NONE',  ( -5.546791222504975138, -4.112824853656753099, -6.392675783644301113 ) ) ;
#990 = CARTESIAN_POINT ( 'NONE',  ( -1.702241559904557056, -4.190349429200882270, -8.000000000000000000 ) ) ;
#991 = CARTESIAN_POINT ( 'NONE',  ( -8.000000000000001776, 4.200000000000000178, 0.000000000000000000 ) ) ;
#992 = ADVANCED_FACE ( 'NONE', ( #726 ), #779, .T. ) ;
#993 = TOROIDAL_SURFACE ( 'NONE', #484, 8.000000000000001776, 1.237604307034010809 ) ;
#994 = ORIENTED_EDGE ( 'NONE', *, *, #592, .T. ) ;
#995 = CARTESIAN_POINT ( 'NONE',  ( 4.618802153517005848, 4.200000000000000178, -8.000000000000000000 ) ) ;
#996 = CARTESIAN_POINT ( 'NONE',  ( -4.717749776183815413, 3.450989042010864871, -7.828617690252936079 ) ) ;
#997 = CARTESIAN_POINT ( 'NONE',  ( 8.622031782289454327, 3.996525607785681888, 1.066202888601026855 ) ) ;
#998 = FILL_AREA_STYLE ('',( #804 ) ) ;
#999 = CARTESIAN_POINT ( 'NONE',  ( -5.861963994375901876, -4.177987353017137195, 5.846780529601538490 ) ) ;
#1000 = DIRECTION ( 'NONE',  ( -1.000000000000000000, -1.224646799147353454E-16, 0.000000000000000000 ) ) ;
#1001 = CARTESIAN_POINT ( 'NONE',  ( 9.172669927476841067, 3.368404857904538918, 0.1124696445509829612 ) ) ;
#1002 = DIRECTION ( 'NONE',  ( 0.000000000000000000, -0.000000000000000000, 1.000000000000000000 ) ) ;
#1003 = ORIENTED_EDGE ( 'NONE', *, *, #1097, .F. ) ;
#1004 = CARTESIAN_POINT ( 'NONE',  ( 0.000000000000000000, -4.526061762082101758, 0.000000000000000000 ) ) ;
#1005 = CARTESIAN_POINT ( 'NONE',  ( -8.625915685185161053, 3.994539901920538316, 1.059475771453999737 ) ) ;
#1006 = CLOSED_SHELL ( 'NONE', ( #981, #1120, #1168, #339, #887, #1041, #730, #922, #493, #301, #714, #859, #215, #245, #199, #760, #294, #129, #419, #992, #818, #70, #1153, #671, #829, #268, #222, #179 ) ) ;
#1007 = EDGE_CURVE ( 'NONE', #923, #1162, #1093, .T. ) ;
#1008 = CARTESIAN_POINT ( 'NONE',  ( -3.591189876504912171, 3.940524947700298597, -8.000000000000001776 ) ) ;
#1009 = CARTESIAN_POINT ( 'NONE',  ( -9.222933140265622498, 3.176609285919679948, 0.02541120624916516635 ) ) ;
#1010 = ORIENTED_EDGE ( 'NONE', *, *, #938, .T. ) ;
#1011 = CARTESIAN_POINT ( 'NONE',  ( -5.127780774347490578, 3.937467461392998302, -7.118423168755263930 ) ) ;
#1012 = ORIENTED_EDGE ( 'NONE', *, *, #839, .F. ) ;
#1013 = CARTESIAN_POINT ( 'NONE',  ( 4.633621797112184026, 3.177651271041058045, -7.974331624343088620 ) ) ;
#1014 = ORIENTED_EDGE ( 'NONE', *, *, #16, .T. ) ;
#1015 = CARTESIAN_POINT ( 'NONE',  ( -2.130777158276489391, 4.178079402155152167, 7.999999999999998224 ) ) ;
#1016 = CARTESIAN_POINT ( 'NONE',  ( 7.354697526780045180, 4.201368122346465839, -3.261290209315802713 ) ) ;
#1017 = CARTESIAN_POINT ( 'NONE',  ( -2.760485026368411088, -4.113161906529669842, 8.000000000000000000 ) ) ;
#1018 = EDGE_CURVE ( 'NONE', #1156, #117, #26, .T. ) ;
#1019 = CARTESIAN_POINT ( 'NONE',  ( -8.622031782289454327, 3.996525607785680112, -1.066202888601026633 ) ) ;
#1020 = AXIS2_PLACEMENT_3D ( 'NONE', #780, #767, #978 ) ;
#1021 = CARTESIAN_POINT ( 'NONE',  ( 3.992988696320705522, 3.769437493000489692, -8.000000000000000000 ) ) ;
#1022 = ORIENTED_EDGE ( 'NONE', *, *, #499, .F. ) ;
#1023 = STYLED_ITEM ( 'NONE', ( #364 ), #268 ) ;
#1024 = AXIS2_PLACEMENT_3D ( 'NONE', #602, #948, #77 ) ;
#1025 = CARTESIAN_POINT ( 'NONE',  ( 4.588717034107453685, 3.178899504127043585, 7.999999999999998224 ) ) ;
#1026 = CARTESIAN_POINT ( 'NONE',  ( -0.8496084971663422358, -4.201346847949908536, 7.999999999999996447 ) ) ;
#1027 = EDGE_CURVE ( 'NONE', #492, #497, #425, .T. ) ;
#1028 = CARTESIAN_POINT ( 'NONE',  ( 5.441955180484446153, -4.083189860389689230, 6.574257134888283893 ) ) ;
#1029 = VERTEX_POINT ( 'NONE', #55 ) ;
#1030 = CARTESIAN_POINT ( 'NONE',  ( -4.618802153517004960, 2.962395692965988925, 7.999999999999998224 ) ) ;
#1031 = CARTESIAN_POINT ( 'NONE',  ( -4.618802153517974851, -3.070014153665901802, 8.000000000000000000 ) ) ;
#1032 = FACE_OUTER_BOUND ( 'NONE', #843, .T. ) ;
#1033 = FACE_OUTER_BOUND ( 'NONE', #525, .T. ) ;
#1034 = ORIENTED_EDGE ( 'NONE', *, *, #457, .F. ) ;
#1035 = EDGE_CURVE ( 'NONE', #1029, #260, #369, .T. ) ;
#1036 = DIRECTION ( 'NONE',  ( -1.000000000000000000, 1.084202172485504434E-16, 0.000000000000000000 ) ) ;
#1037 = CARTESIAN_POINT ( 'NONE',  ( -9.479937697598170579E-16, 4.200000000000000178, 0.000000000000000000 ) ) ;
#1038 = CARTESIAN_POINT ( 'NONE',  ( 1.925929944387235853E-31, -4.200000000000000178, 8.000000000000000000 ) ) ;
#1039 = CARTESIAN_POINT ( 'NONE',  ( 3.600457736832835209, 3.937552330564737524, -8.000000000000000000 ) ) ;
#1040 = ORIENTED_EDGE ( 'NONE', *, *, #81, .T. ) ;
#1041 = ADVANCED_FACE ( 'NONE', ( #1033 ), #131, .F. ) ;
#1042 = CARTESIAN_POINT ( 'NONE',  ( 5.357829746269671606E-16, 3.574999999999993072, -4.375000000000000888 ) ) ;
#1043 = LINE ( 'NONE', #74, #112 ) ;
#1044 = CIRCLE ( 'NONE', #546, 8.000000000000001776 ) ;
#1045 = CARTESIAN_POINT ( 'NONE',  ( 6.075269715168098550, 4.190266715128402097, 5.477324183644351585 ) ) ;
#1046 = CARTESIAN_POINT ( 'NONE',  ( -8.309615238046047736, 4.112824853656752211, -1.607324216355703772 ) ) ;
#1047 = CARTESIAN_POINT ( 'NONE',  ( 7.781136745382923436, -4.190266715128402097, 2.522675816355649303 ) ) ;
#1048 = DIRECTION ( 'NONE',  ( 0.000000000000000000, 0.000000000000000000, -1.000000000000000000 ) ) ;
#1049 = ORIENTED_EDGE ( 'NONE', *, *, #654, .F. ) ;
#1050 = CARTESIAN_POINT ( 'NONE',  ( -4.633621797112184026, -3.177651271041057601, -7.974331624343088620 ) ) ;
#1051 = B_SPLINE_CURVE_WITH_KNOTS ( 'NONE', 3,
 ( #590, #49, #672, #408, #677, #684, #665, #949, #1039, #45, #1021, #147, #402, #503, #754, #413, #585, #1123 ),
 .UNSPECIFIED., .F., .F.,
 ( 4, 2, 2, 2, 2, 2, 2, 2, 4 ),
 ( 0.000000000000000000, 0.001278035554776281186, 0.002556071109552561938, 0.003195088886940702314, 0.003834106664328842690, 0.004153615553022912445, 0.004473124441716982633, 0.004792633330411051953, 0.005112142219105121274 ),
 .UNSPECIFIED. ) ;
#1052 = CARTESIAN_POINT ( 'NONE',  ( -4.490006071337595550, -3.366854961236419364, -8.000000000000003553 ) ) ;
#1053 = CARTESIAN_POINT ( 'NONE',  ( -7.141131711760655421, 4.200000000000000178, -3.631197051689236233 ) ) ;
#1054 = CARTESIAN_POINT ( 'NONE',  ( -8.922760248099645963, -3.771467729896436971, 0.5453259065355308133 ) ) ;
#1055 = CARTESIAN_POINT ( 'NONE',  ( 4.834298031608268431, -3.669476118239524354, -7.626750190324262491 ) ) ;
#1056 = ORIENTED_EDGE ( 'NONE', *, *, #90, .F. ) ;
#1057 = CARTESIAN_POINT ( 'NONE',  ( -5.863113352446645443, -4.177971114334127378, -5.844789783026921093 ) ) ;
#1058 = CARTESIAN_POINT ( 'NONE',  ( 0.000000000000000000, 2.962395692965990701, 0.000000000000000000 ) ) ;
#1059 = CARTESIAN_POINT ( 'NONE',  ( 4.683143404749864125, 3.366616993083763720, 7.888557683842138069 ) ) ;
#1060 = PLANE ( 'NONE',  #170 ) ;
#1061 = PRODUCT_DEFINITION_SHAPE ( 'NONE', 'NONE',  #661 ) ;
#1062 = PRODUCT_RELATED_PRODUCT_CATEGORY ( 'part', '', ( #79 ) ) ;
#1063 = SURFACE_STYLE_USAGE ( .BOTH. , #876 ) ;
#1064 = ORIENTED_EDGE ( 'NONE', *, *, #473, .T. ) ;
#1065 = CARTESIAN_POINT ( 'NONE',  ( 9.237604307034015250, -3.071414949476184653, -4.070840344504165852E-15 ) ) ;
#1066 = CARTESIAN_POINT ( 'NONE',  ( 4.618802153516975650, 3.070694209302875510, 8.000000000000055067 ) ) ;
#1067 = CARTESIAN_POINT ( 'NONE',  ( 9.222784663438833519, 3.177651271041058489, 0.02566837565691576159 ) ) ;
#1068 = STYLED_ITEM ( 'NONE', ( #382 ), #312 ) ;
#1069 = CARTESIAN_POINT ( 'NONE',  ( -9.059329331449559319, -3.599266832974231889, 0.3087813154303652441 ) ) ;
#1070 = ADVANCED_BREP_SHAPE_REPRESENTATION ( 'ISO 4032 Nut M10x1.25', ( #312, #560 ), #114 ) ;
#1071 = EDGE_LOOP ( 'NONE', ( #653, #1056, #885 ) ) ;
#1072 = CARTESIAN_POINT ( 'NONE',  ( 9.014891954710964939, -3.662627326601618716, -0.3857491096967063382 ) ) ;
#1073 = CARTESIAN_POINT ( 'NONE',  ( 0.000000000000000000, 2.962395692965990701, 0.000000000000000000 ) ) ;
#1074 = CARTESIAN_POINT ( 'NONE',  ( 9.137724817311930536, 3.453155172322072364, 0.1729963508327033994 ) ) ;
#1075 = CARTESIAN_POINT ( 'NONE',  ( -9.237604307034047224, -3.070694209302874178, 5.617268396306343559E-14 ) ) ;
#1076 = VERTEX_POINT ( 'NONE', #842 ) ;
#1077 = PLANE ( 'NONE',  #373 ) ;
#1078 = EDGE_CURVE ( 'NONE', #325, #616, #1051, .T. ) ;
#1079 = CARTESIAN_POINT ( 'NONE',  ( 0.000000000000000000, 4.200000000000000178, 5.000000000000015099 ) ) ;
#1080 = CARTESIAN_POINT ( 'NONE',  ( 9.237604307034013473, 2.962395692965991589, -2.602085213965210642E-15 ) ) ;
#1081 = ORIENTED_EDGE ( 'NONE', *, *, #99, .F. ) ;
#1082 = B_SPLINE_CURVE_WITH_KNOTS ( 'NONE', 3,
 ( #66, #354, #875, #1148, #963, #1069, #348, #1054, #705, #955, #860, #603, #60, #417, #258, #176, #772, #531 ),
 .UNSPECIFIED., .F., .F.,
 ( 4, 2, 2, 2, 2, 2, 2, 2, 4 ),
 ( 1.969447730878066826E-07, 0.0003222677304009320611, 0.0006443385160287762922, 0.0009664093016566205775, 0.001288480087284464646, 0.001932621658540153217, 0.002576763229795841787, 0.003865046372307220229, 0.005153329514818598238 ),
 .UNSPECIFIED. ) ;
#1083 = CARTESIAN_POINT ( 'NONE',  ( 9.237604307034013473, 2.962395692965991589, -2.602085213965210642E-15 ) ) ;
#1084 = CARTESIAN_POINT ( 'NONE',  ( 5.357829746269671606E-16, 3.574999999999993072, -4.375000000000000888 ) ) ;
#1085 = EDGE_CURVE ( 'NONE', #492, #891, #944, .T. ) ;
#1086 = DIRECTION ( 'NONE',  ( -0.000000000000000000, 1.000000000000000000, -0.000000000000000000 ) ) ;
#1087 = TOROIDAL_SURFACE ( 'NONE', #575, 8.000000000000001776, 1.237604307034010809 ) ;
#1088 = CARTESIAN_POINT ( 'NONE',  ( 6.928203230275508773, 4.200000000000001066, 4.000000000000000000 ) ) ;
#1089 = CARTESIAN_POINT ( 'NONE',  ( -8.625915685185155724, -3.994539901920536540, -1.059475771454001292 ) ) ;
#1090 = CIRCLE ( 'NONE', #873, 8.000000000000001776 ) ;
#1091 = CIRCLE ( 'NONE', #75, 4.375000000000000888 ) ;
#1092 = CARTESIAN_POINT ( 'NONE',  ( -3.888884801146929249, 3.819506527844124921, -7.999999999999998224 ) ) ;
#1093 = LINE ( 'NONE', #116, #243 ) ;
#1094 =( NAMED_UNIT ( * ) PLANE_ANGLE_UNIT ( ) SI_UNIT ( $, .RADIAN. ) );
#1095 = DIRECTION ( 'NONE',  ( -1.000000000000000000, -1.084202172485504187E-16, 0.000000000000000000 ) ) ;
#1096 = DIRECTION ( 'NONE',  ( -1.000000000000000000, 1.224646799147353454E-16, 0.000000000000000000 ) ) ;
#1097 = EDGE_CURVE ( 'NONE', #616, #420, #273, .T. ) ;
#1098 = CARTESIAN_POINT ( 'NONE',  ( -9.237604307034040119, 3.070694209302872846, -5.723646323004290003E-14 ) ) ;
#1099 = CARTESIAN_POINT ( 'NONE',  ( 6.123233995736773185E-16, -4.200000000000000178, 5.000000000000006217 ) ) ;
#1100 = DIRECTION ( 'NONE',  ( 1.224646799147353454E-16, 1.000000000000000000, -0.000000000000000000 ) ) ;
#1101 = CARTESIAN_POINT ( 'NONE',  ( -9.237604307034013473, 2.962395692965988925, 0.000000000000000000 ) ) ;
#1102 = UNCERTAINTY_MEASURE_WITH_UNIT (LENGTH_MEASURE( 1.000000000000000082E-05 ), #555, 'distance_accuracy_value', 'NONE');
#1103 = AXIS2_PLACEMENT_3D ( 'NONE', #1037, #146, #960 ) ;
#1104 = CARTESIAN_POINT ( 'NONE',  ( -8.728625686203528744, 3.937467461392998302, 0.8815768312447356259 ) ) ;
#1105 = AXIS2_PLACEMENT_3D ( 'NONE', #315, #327, #594 ) ;
#1106 = ORIENTED_EDGE ( 'NONE', *, *, #144, .F. ) ;
#1107 = DIRECTION ( 'NONE',  ( -0.000000000000000000, 1.000000000000000000, -0.000000000000000000 ) ) ;
#1108 = B_SPLINE_CURVE_WITH_KNOTS ( 'NONE', 3,
 ( #367, #461, #193, #644, #999, #200, #720, #824, #280, #549, #205, #472, #907, #21, #105, #456 ),
 .UNSPECIFIED., .F., .F.,
 ( 4, 2, 2, 2, 2, 2, 2, 4 ),
 ( 0.005153329514818598238, 0.006443520579360248468, 0.007733711643901899566, 0.008378807176172725982, 0.009023902708443554133, 0.009668998240714380549, 0.009991546006849795492, 0.01031409377298520870 ),
 .UNSPECIFIED. ) ;
#1109 = ORIENTED_EDGE ( 'NONE', *, *, #284, .T. ) ;
#1110 = CARTESIAN_POINT ( 'NONE',  ( 4.841514505840051719, 3.662627326601617828, -7.614250890303300601 ) ) ;
#1111 = VERTEX_POINT ( 'NONE', #67 ) ;
#1112 = EDGE_CURVE ( 'NONE', #1141, #104, #576, .T. ) ;
#1113 = DIRECTION ( 'NONE',  ( -0.000000000000000000, -1.000000000000000000, -0.000000000000000000 ) ) ;
#1114 = CARTESIAN_POINT ( 'NONE',  ( 6.928203230275507885, 4.200000000000001066, -4.000000000000002665 ) ) ;
#1115 = EDGE_LOOP ( 'NONE', ( #396, #591, #50, #627, #125, #605 ) ) ;
#1116 = UNCERTAINTY_MEASURE_WITH_UNIT (LENGTH_MEASURE( 1.000000000000000082E-05 ), #206, 'distance_accuracy_value', 'NONE');
#1117 = DIRECTION ( 'NONE',  ( -0.8660254037844387076, 0.000000000000000000, -0.5000000000000001110 ) ) ;
#1118 = ORIENTED_EDGE ( 'NONE', *, *, #745, .F. ) ;
#1119 = CARTESIAN_POINT ( 'NONE',  ( 0.000000000000000000, -2.962395692965990701, 0.000000000000000000 ) ) ;
#1120 = ADVANCED_FACE ( 'NONE', ( #866 ), #740, .F. ) ;
#1121 = DIRECTION ( 'NONE',  ( 8.659560562354926695E-17, -0.7071067811865480168, 0.7071067811865470176 ) ) ;
#1122 = VECTOR ( 'NONE', #598, 1000.000000000000000 ) ;
#1123 = CARTESIAN_POINT ( 'NONE',  ( 4.618802153517006737, 2.962395692965990701, -8.000000000000000000 ) ) ;
#1124 = VERTEX_POINT ( 'NONE', #355 ) ;
#1125 = AXIS2_PLACEMENT_3D ( 'NONE', #434, #709, #541 ) ;
#1126 = CARTESIAN_POINT ( 'NONE',  ( 3.888884801146936798, 3.819506527844124033, 7.999999999999998224 ) ) ;
#1127 = CARTESIAN_POINT ( 'NONE',  ( -4.488999949758518682, -3.368388373009551628, 8.000000000000000000 ) ) ;
#1128 = EDGE_CURVE ( 'NONE', #1141, #906, #776, .T. ) ;
#1129 = DIRECTION ( 'NONE',  ( 0.000000000000000000, 0.000000000000000000, 1.000000000000000000 ) ) ;
#1130 = ORIENTED_EDGE ( 'NONE', *, *, #879, .F. ) ;
#1131 = CARTESIAN_POINT ( 'NONE',  ( -4.490625275939022387, 3.365714075070526778, 8.000000000000001776 ) ) ;
#1132 = CARTESIAN_POINT ( 'NONE',  ( 8.926782031433637243, 3.774582393226856958, -0.5383599734640273082 ) ) ;
#1133 = CARTESIAN_POINT ( 'NONE',  ( 0.000000000000000000, 4.200000000000000178, 0.000000000000000000 ) ) ;
#1134 = CARTESIAN_POINT ( 'NONE',  ( 4.618802153517009401, -3.071414949476185097, 8.000000000000003553 ) ) ;
#1135 = EDGE_CURVE ( 'NONE', #569, #260, #930, .T. ) ;
#1136 = ORIENTED_EDGE ( 'NONE', *, *, #16, .F. ) ;
#1137 = CARTESIAN_POINT ( 'NONE',  ( -4.176228695849559358, 3.660675066028559854, 7.999999999999998224 ) ) ;
#1138 = CARTESIAN_POINT ( 'NONE',  ( 5.230490775365863598, 3.994539901920538316, 6.940524228546000707 ) ) ;
#1139 = CARTESIAN_POINT ( 'NONE',  ( 0.000000000000000000, 3.574999999999993072, 4.375000000000000888 ) ) ;
#1140 = FILL_AREA_STYLE_COLOUR ( '', #870 ) ;
#1141 = VERTEX_POINT ( 'NONE', #1161 ) ;
#1142 = AXIS2_PLACEMENT_3D ( 'NONE', #318, #142, #1129 ) ;
#1143 = CARTESIAN_POINT ( 'NONE',  ( 8.922760248099644187, -3.771467729896438303, -0.5453259065355364754 ) ) ;
#1144 = AXIS2_PLACEMENT_3D ( 'NONE', #607, #794, #888 ) ;
#1145 = CIRCLE ( 'NONE', #724, 1.237604307034010809 ) ;
#1146 = CARTESIAN_POINT ( 'NONE',  ( 6.123233995736773185E-16, -4.200000000000000178, 5.000000000000006217 ) ) ;
#1147 = DIRECTION ( 'NONE',  ( 0.000000000000000000, 0.000000000000000000, -1.000000000000000000 ) ) ;
#1148 = CARTESIAN_POINT ( 'NONE',  ( -9.172669927476841067, -3.368404857904535810, 0.1124696445509813930 ) ) ;
#1149 = CARTESIAN_POINT ( 'NONE',  ( 6.501708933770973253, -4.201368122346466727, -4.738709790684203504 ) ) ;
#1150 = ORIENTED_EDGE ( 'NONE', *, *, #1128, .F. ) ;
#1151 = CARTESIAN_POINT ( 'NONE',  ( 4.618802153517006737, -2.962395692965990701, -8.000000000000000000 ) ) ;
#1152 = FACE_OUTER_BOUND ( 'NONE', #143, .T. ) ;
#1153 = ADVANCED_FACE ( 'NONE', ( #890 ), #1087, .T. ) ;
#1154 = CARTESIAN_POINT ( 'NONE',  ( -4.618802153517005848, 4.200000000000000178, -8.000000000000000000 ) ) ;
#1155 = CARTESIAN_POINT ( 'NONE',  ( 4.618802153517006737, -2.962395692965990701, -8.000000000000000000 ) ) ;
#1156 = VERTEX_POINT ( 'NONE', #92 ) ;
#1157 = CARTESIAN_POINT ( 'NONE',  ( 0.000000000000000000, -3.574999999999994849, 4.375000000000000888 ) ) ;
#1158 = CARTESIAN_POINT ( 'NONE',  ( -3.600868488216865337, -3.937318964335603244, -8.000000000000000000 ) ) ;
#1159 = CARTESIAN_POINT ( 'NONE',  ( -4.618802153517004960, 2.962395692965988925, 7.999999999999998224 ) ) ;
#1160 = CARTESIAN_POINT ( 'NONE',  ( 7.994442466175114781, -4.177987353017136307, 2.153219470398465507 ) ) ;
#1161 = CARTESIAN_POINT ( 'NONE',  ( 6.928203230275507885, -4.200000000000001066, -4.000000000000002665 ) ) ;
#1162 = VERTEX_POINT ( 'NONE', #446 ) ;
#1163 = CARTESIAN_POINT ( 'NONE',  ( -5.130480583050553989, -3.939176312133594760, -7.113746962910840743 ) ) ;
#1164 = FACE_OUTER_BOUND ( 'NONE', #62, .T. ) ;
#1165 = CARTESIAN_POINT ( 'NONE',  ( 0.000000000000000000, -2.962395692965990701, 0.000000000000000000 ) ) ;
#1166 = CIRCLE ( 'NONE', #545, 8.000000000000001776 ) ;
#1167 = CARTESIAN_POINT ( 'NONE',  ( -8.312645670114358509, -4.112072104884778589, -1.602075354044492750 ) ) ;
#1168 = ADVANCED_FACE ( 'NONE', ( #61 ), #428, .F. ) ;
ENDSEC;
END-ISO-10303-21;
