ISO-10303-21;
HEADER;
FILE_DESCRIPTION (( 'STEP AP214' ),
    '1' );
FILE_NAME ('ISO 4032 Nut M8.STEP',
    '2023-12-19T12:36:15',
    ( '' ),
    ( '' ),
    'SwSTEP 2.0',
    'SolidWorks 2020',
    '' );
FILE_SCHEMA (( 'AUTOMOTIVE_DESIGN' ));
ENDSEC;

DATA;
#1 = CARTESIAN_POINT ( 'NONE',  ( -3.752776749733353956, -2.481886102380328918, 6.500000000000001776 ) ) ;
#2 = ORIENTED_EDGE ( 'NONE', *, *, #1118, .F. ) ;
#3 = CARTESIAN_POINT ( 'NONE',  ( 4.252928092102779445, -3.234676348481877017, 5.633712463541018067 ) ) ;
#4 = CARTESIAN_POINT ( 'NONE',  ( 5.455904543246719918, -3.400000000000001688, -3.550096129850815352 ) ) ;
#5 = CARTESIAN_POINT ( 'NONE',  ( -3.752776749732563921, 2.394446500534865852, 6.499999999999999112 ) ) ;
#6 = CARTESIAN_POINT ( 'NONE',  ( 7.505553499465133171, -2.394446500534868072, -6.505213034913026604E-15 ) ) ;
#7 = ADVANCED_FACE ( 'NONE', ( #221 ), #321, .F. ) ;
#8 = DIRECTION ( 'NONE',  ( 0.000000000000000000, 1.000000000000000000, 0.000000000000000000 ) ) ;
#9 = EDGE_LOOP ( 'NONE', ( #117, #552, #342, #848, #393, #709 ) ) ;
#10 = STYLED_ITEM ( 'NONE', ( #860 ), #1150 ) ;
#11 = DIRECTION ( 'NONE',  ( 0.000000000000000000, -0.000000000000000000, -1.000000000000000000 ) ) ;
#12 = AXIS2_PLACEMENT_3D ( 'NONE', #817, #728, #355 ) ;
#13 = CARTESIAN_POINT ( 'NONE',  ( -5.455904543246718141, -3.400000000000001688, 3.550096129850810467 ) ) ;
#14 = CARTESIAN_POINT ( 'NONE',  ( -8.673617379884035472E-16, 2.394446500534867184, 0.000000000000000000 ) ) ;
#15 = DIRECTION ( 'NONE',  ( 0.000000000000000000, -0.7071067811865484609, -0.7071067811865465735 ) ) ;
#16 = ORIENTED_EDGE ( 'NONE', *, *, #487, .T. ) ;
#17 = CARTESIAN_POINT ( 'NONE',  ( 4.937183384069204095, 3.392138205761039860, -4.448547532507293845 ) ) ;
#18 = CARTESIAN_POINT ( 'NONE',  ( 3.647311981109360612, -2.724316360227338141, -6.500000000000001776 ) ) ;
#19 = AXIS2_PLACEMENT_3D ( 'NONE', #956, #857, #38 ) ;
#20 = CARTESIAN_POINT ( 'NONE',  ( -0.6914986448786651918, -3.401102860623835156, -6.500000000000000888 ) ) ;
#21 = ORIENTED_EDGE ( 'NONE', *, *, #852, .F. ) ;
#22 = CARTESIAN_POINT ( 'NONE',  ( -2.925371915295607916, 3.186761267217938176, 6.500000000000000000 ) ) ;
#23 = CARTESIAN_POINT ( 'NONE',  ( -3.833171732276605681, -2.791428730955259674, 6.360751805560107996 ) ) ;
#24 = CARTESIAN_POINT ( 'NONE',  ( 0.000000000000000000, -3.399999999999999911, 0.000000000000000000 ) ) ;
#25 = CARTESIAN_POINT ( 'NONE',  ( 3.752776749732568806, -2.394446500534865407, 6.499999999999998224 ) ) ;
#26 = ADVANCED_FACE ( 'NONE', ( #61 ), #317, .F. ) ;
#27 = ORIENTED_EDGE ( 'NONE', *, *, #853, .F. ) ;
#28 = CARTESIAN_POINT ( 'NONE',  ( -1.384733110397027289, 3.392120337013462716, 6.499999999999999112 ) ) ;
#29 = CARTESIAN_POINT ( 'NONE',  ( -3.927867623214239767, -2.968950109958565342, 6.196733711188119997 ) ) ;
#30 = CARTESIAN_POINT ( 'NONE',  ( -5.282638566576783212, 3.401111599110816286, -3.850201604666189326 ) ) ;
#31 = CARTESIAN_POINT ( 'NONE',  ( -2.247481382785258663, -3.328856549808322907, -6.500000000000000000 ) ) ;
#32 = ORIENTED_EDGE ( 'NONE', *, *, #1132, .T. ) ;
#33 = DIRECTION ( 'NONE',  ( -0.000000000000000000, 1.000000000000000000, -0.000000000000000000 ) ) ;
#34 = CARTESIAN_POINT ( 'NONE',  ( -5.629165124598852543, 3.399999999999999911, -3.250000000000000888 ) ) ;
#35 = CARTESIAN_POINT ( 'NONE',  ( -2.759331280959717247, -3.232983223471199263, -6.500000000000002665 ) ) ;
#36 = AXIS2_PLACEMENT_3D ( 'NONE', #141, #401, #850 ) ;
#37 = CARTESIAN_POINT ( 'NONE',  ( -3.244303318468003905, 3.050167961642168635, 6.499999999999999112 ) ) ;
#38 = DIRECTION ( 'NONE',  ( -1.000000000000000000, -1.334402673828313093E-16, 1.776356839400250465E-15 ) ) ;
#39 = ORIENTED_EDGE ( 'NONE', *, *, #1154, .T. ) ;
#40 = DIRECTION ( 'NONE',  ( 0.000000000000000000, 0.000000000000000000, 1.000000000000000000 ) ) ;
#41 = CARTESIAN_POINT ( 'NONE',  ( 3.646596348255069397, 2.725260018933997941, 6.499999999999997335 ) ) ;
#42 = DIRECTION ( 'NONE',  ( -1.000000000000000000, 1.224646799147353454E-16, 0.000000000000000000 ) ) ;
#43 = VERTEX_POINT ( 'NONE', #326 ) ;
#44 = CARTESIAN_POINT ( 'NONE',  ( 7.324600147778983050, 2.963384091789760699, 0.3134203989202979934 ) ) ;
#45 = CARTESIAN_POINT ( 'NONE',  ( 0.08757041296260305308, 3.400000313974939736, 6.499999686025160095 ) ) ;
#46 = CARTESIAN_POINT ( 'NONE',  ( -7.505553499465134948, 2.394446500534866296, 0.000000000000000000 ) ) ;
#47 = ADVANCED_FACE ( 'NONE', ( #410, #783 ), #603, .T. ) ;
#48 = CARTESIAN_POINT ( 'NONE',  ( -7.493633295173301789, -2.568494647208679815, -0.02064639947005594139 ) ) ;
#49 = EDGE_CURVE ( 'NONE', #77, #491, #952, .T. ) ;
#50 = CARTESIAN_POINT ( 'NONE',  ( 7.505553499465133171, 2.394446500534868072, -6.505213034913026604E-15 ) ) ;
#51 = AXIS2_PLACEMENT_3D ( 'NONE', #717, #1076, #441 ) ;
#52 = CARTESIAN_POINT ( 'NONE',  ( 0.8630538039548847351, 3.398872788032157199, 6.500000000000000000 ) ) ;
#53 = FACE_OUTER_BOUND ( 'NONE', #349, .T. ) ;
#54 = CARTESIAN_POINT ( 'NONE',  ( -4.168515176068119388, -3.188080631620866967, -5.779919922928094422 ) ) ;
#55 = CARTESIAN_POINT ( 'NONE',  ( 5.975179253413052116, 3.401105081892170645, 2.650685948757120602 ) ) ;
#56 = ORIENTED_EDGE ( 'NONE', *, *, #963, .T. ) ;
#57 = VERTEX_POINT ( 'NONE', #143 ) ;
#58 = CARTESIAN_POINT ( 'NONE',  ( -8.673617379884035472E-16, 3.399999999999999911, 0.000000000000000000 ) ) ;
#59 = CARTESIAN_POINT ( 'NONE',  ( -5.629165124598852543, 3.399999999999999911, -3.250000000000000888 ) ) ;
#60 = SURFACE_SIDE_STYLE ('',( #789 ) ) ;
#61 = FACE_OUTER_BOUND ( 'NONE', #64, .T. ) ;
#62 = CIRCLE ( 'NONE', #678, 3.375000000000000000 ) ;
#63 = LINE ( 'NONE', #231, #380 ) ;
#64 = EDGE_LOOP ( 'NONE', ( #749, #1081, #1018, #884 ) ) ;
#65 = CARTESIAN_POINT ( 'NONE',  ( -5.975691682620918321, 3.401111599110816286, 2.649798395333810230 ) ) ;
#66 = PLANE ( 'NONE',  #1023 ) ;
#67 = LINE ( 'NONE', #795, #402 ) ;
#68 = PRODUCT_DEFINITION_SHAPE ( 'NONE', 'NONE',  #583 ) ;
#69 = FACE_OUTER_BOUND ( 'NONE', #159, .T. ) ;
#70 = DIRECTION ( 'NONE',  ( 0.000000000000000000, 0.000000000000000000, 1.000000000000000000 ) ) ;
#71 = ORIENTED_EDGE ( 'NONE', *, *, #156, .F. ) ;
#72 = TOROIDAL_SURFACE ( 'NONE', #356, 6.500000000000000000, 1.005553499465133838 ) ;
#73 = AXIS2_PLACEMENT_3D ( 'NONE', #680, #1047, #593 ) ;
#74 = CARTESIAN_POINT ( 'NONE',  ( 3.752776749732563033, 2.394446500534867628, -6.500000000000000888 ) ) ;
#75 = CARTESIAN_POINT ( 'NONE',  ( -3.646596348311471392, 2.725260018849602339, -6.500000000000001776 ) ) ;
#76 = FACE_OUTER_BOUND ( 'NONE', #938, .T. ) ;
#77 = VERTEX_POINT ( 'NONE', #517 ) ;
#78 = DIRECTION ( 'NONE',  ( 0.5000000000000005551, 0.000000000000000000, 0.8660254037844382635 ) ) ;
#79 = CARTESIAN_POINT ( 'NONE',  ( 3.897624758937812572, 2.911903677182723360, -6.249115888681306963 ) ) ;
#80 = ORIENTED_EDGE ( 'NONE', *, *, #666, .F. ) ;
#81 = CARTESIAN_POINT ( 'NONE',  ( -0.4315185071541531303, 3.399929493427917837, -6.500000000000000888 ) ) ;
#82 = DIRECTION ( 'NONE',  ( -1.224646799147353454E-16, -1.000000000000000000, 0.000000000000000000 ) ) ;
#83 = ORIENTED_EDGE ( 'NONE', *, *, #535, .T. ) ;
#84 = CARTESIAN_POINT ( 'NONE',  ( -7.089815073129581258, -3.188080631620867855, 0.7200800770719001376 ) ) ;
#85 = ADVANCED_FACE ( 'NONE', ( #434 ), #1119, .F. ) ;
#86 = VERTEX_POINT ( 'NONE', #548 ) ;
#87 = CARTESIAN_POINT ( 'NONE',  ( 6.322173523891095215, -3.392091709972222091, 2.049674242353855647 ) ) ;
#88 = ADVANCED_FACE ( 'NONE', ( #999 ), #66, .F. ) ;
#89 = ORIENTED_EDGE ( 'NONE', *, *, #986, .F. ) ;
#90 = TOROIDAL_SURFACE ( 'NONE', #223, 6.500000000000000000, 1.005553499465133838 ) ;
#91 = DIRECTION ( 'NONE',  ( 1.224646799147353454E-16, 1.000000000000000000, -0.000000000000000000 ) ) ;
#92 = CIRCLE ( 'NONE', #36, 6.500000000000000000 ) ;
#93 = CARTESIAN_POINT ( 'NONE',  ( -1.724883842957300795, 3.382369500325648204, -6.500000000000001776 ) ) ;
#94 = FACE_BOUND ( 'NONE', #455, .T. ) ;
#95 = ORIENTED_EDGE ( 'NONE', *, *, #1014, .T. ) ;
#96 = CARTESIAN_POINT ( 'NONE',  ( 4.421586669338174680, -3.305091113047303963, 5.341587238637036883 ) ) ;
#97 = CARTESIAN_POINT ( 'NONE',  ( 3.752776749732568806, -2.394446500534865407, 6.499999999999998224 ) ) ;
#98 = CARTESIAN_POINT ( 'NONE',  ( -3.752776749732521289, -2.482438684504777449, 6.500000000000075495 ) ) ;
#99 = EDGE_CURVE ( 'NONE', #1104, #1038, #382, .T. ) ;
#100 = PRODUCT_DEFINITION_CONTEXT ( 'detailed design', #1072, 'design' ) ;
#101 = CARTESIAN_POINT ( 'NONE',  ( 3.728920317117646821, -2.568822789919174010, -6.500000000000001776 ) ) ;
#102 = CARTESIAN_POINT ( 'NONE',  ( 3.648633036700448695, 2.722142685994801692, -6.500000000000000888 ) ) ;
#103 = ORIENTED_EDGE ( 'NONE', *, *, #436, .F. ) ;
#104 = CARTESIAN_POINT ( 'NONE',  ( 5.282638566576778771, -3.401111599110817174, -3.850201604666192434 ) ) ;
#105 = AXIS2_PLACEMENT_3D ( 'NONE', #58, #1134, #1055 ) ;
#106 = DIRECTION ( 'NONE',  ( 1.224646799147353454E-16, 1.000000000000000000, -0.000000000000000000 ) ) ;
#107 = CARTESIAN_POINT ( 'NONE',  ( 3.244088964451583124, -3.056212885762084497, -6.500000000000000888 ) ) ;
#108 = CARTESIAN_POINT ( 'NONE',  ( 3.648134549107071134, -2.723062206444697431, 6.499999999999999112 ) ) ;
#109 = ORIENTED_EDGE ( 'NONE', *, *, #712, .T. ) ;
#110 = CARTESIAN_POINT ( 'NONE',  ( 4.763778368890284831, 3.382101452282697096, -4.748893829084432916 ) ) ;
#111 = CARTESIAN_POINT ( 'NONE',  ( -4.005320080205668098, 3.054348363496429020, -6.062582120507935990 ) ) ;
#112 = CARTESIAN_POINT ( 'NONE',  ( 3.752776749732568806, -2.394446500534865407, 6.499999999999998224 ) ) ;
#113 = EDGE_CURVE ( 'NONE', #217, #619, #873, .T. ) ;
#114 = VECTOR ( 'NONE', #1130, 1000.000000000000000 ) ;
#115 = CARTESIAN_POINT ( 'NONE',  ( 0.6924846411985232653, 3.401107048569341096, -6.500000000000000888 ) ) ;
#116 = EDGE_CURVE ( 'NONE', #258, #700, #477, .T. ) ;
#117 = ORIENTED_EDGE ( 'NONE', *, *, #295, .T. ) ;
#118 = CARTESIAN_POINT ( 'NONE',  ( -1.162044386198238344E-16, 3.400000000000000799, 6.500000000000000000 ) ) ;
#119 = CARTESIAN_POINT ( 'NONE',  ( -4.168515176068111394, 3.188080631620868743, 5.779919922928095311 ) ) ;
#120 = CARTESIAN_POINT ( 'NONE',  ( 3.752776749733347739, -2.481886102380329362, -6.500000000000001776 ) ) ;
#121 = CARTESIAN_POINT ( 'NONE',  ( 1.383079415951132596, -3.392158728504469867, 6.499999999999997335 ) ) ;
#122 = EDGE_LOOP ( 'NONE', ( #527, #83, #622, #485 ) ) ;
#123 = SURFACE_SIDE_STYLE ('',( #581 ) ) ;
#124 = SURFACE_STYLE_FILL_AREA ( #828 ) ;
#125 = VECTOR ( 'NONE', #824, 1000.000000000000000 ) ;
#126 = DIRECTION ( 'NONE',  ( -0.000000000000000000, 1.000000000000000000, -0.000000000000000000 ) ) ;
#127 = EDGE_CURVE ( 'NONE', #619, #838, #405, .T. ) ;
#128 = DIRECTION ( 'NONE',  ( -1.000000000000000000, -1.334402673828313093E-16, 0.000000000000000000 ) ) ;
#129 = CARTESIAN_POINT ( 'NONE',  ( 6.839813249328572375, 3.304094536839379703, -1.153095937880145749 ) ) ;
#130 = DIRECTION ( 'NONE',  ( -1.000000000000000000, -1.224646799147353454E-16, 0.000000000000000000 ) ) ;
#131 = EDGE_LOOP ( 'NONE', ( #307, #1002, #978 ) ) ;
#132 = CONICAL_SURFACE ( 'NONE', #1095, 3.375000000000000000, 0.7853981633974492782 ) ;
#133 = AXIS2_PLACEMENT_3D ( 'NONE', #951, #774, #503 ) ;
#134 = DIRECTION ( 'NONE',  ( -1.224646799147353454E-16, -1.000000000000000000, 0.000000000000000000 ) ) ;
#135 =( NAMED_UNIT ( * ) SI_UNIT ( $, .STERADIAN. ) SOLID_ANGLE_UNIT ( ) );
#136 = UNCERTAINTY_MEASURE_WITH_UNIT (LENGTH_MEASURE( 1.000000000000000082E-05 ), #507, 'distance_accuracy_value', 'NONE');
#137 = EDGE_CURVE ( 'NONE', #77, #217, #816, .T. ) ;
#138 = CARTESIAN_POINT ( 'NONE',  ( -5.802169637108724132, 3.399999999999999911, -2.950347394394215339 ) ) ;
#139 = APPLICATION_PROTOCOL_DEFINITION ( 'draft international standard', 'automotive_design', 1998, #1072 ) ;
#140 = STYLED_ITEM ( 'NONE', ( #245 ), #463 ) ;
#141 = CARTESIAN_POINT ( 'NONE',  ( -8.673617379884035472E-16, -3.399999999999999911, 0.000000000000000000 ) ) ;
#142 = COLOUR_RGB ( '',0.7529411764705882248, 0.7529411764705882248, 0.7529411764705882248 ) ;
#143 = CARTESIAN_POINT ( 'NONE',  ( 5.629165124598849879, 3.400000000000001688, 3.250000000000000444 ) ) ;
#144 = B_SPLINE_CURVE_WITH_KNOTS ( 'NONE', 3,
 ( #580, #944, #855, #927, #226, #1128, #438, #594, #1056, #338, #883, #954, #1049, #158, #684, #1039, #138, #59 ),
 .UNSPECIFIED., .F., .F.,
 ( 4, 2, 2, 2, 2, 2, 2, 2, 4 ),
 ( 1.969461639985858336E-07, 0.0002618793163779858393, 0.0005235616865919730245, 0.0007852440568059601556, 0.001046926427019947503, 0.001570291167447921766, 0.002093655907875896244, 0.003140385388731845636, 0.004187114869587795461 ),
 .UNSPECIFIED. ) ;
#145 = ORIENTED_EDGE ( 'NONE', *, *, #875, .T. ) ;
#146 = CARTESIAN_POINT ( 'NONE',  ( 4.418516999869129158, 3.304094536839378815, 5.346904062119860690 ) ) ;
#147 = APPLICATION_PROTOCOL_DEFINITION ( 'draft international standard', 'automotive_design', 1998, #166 ) ;
#148 = SURFACE_SIDE_STYLE ('',( #124 ) ) ;
#149 = ORIENTED_EDGE ( 'NONE', *, *, #236, .T. ) ;
#150 = CARTESIAN_POINT ( 'NONE',  ( 7.210640242208232742, 3.089375691583497563, 0.5108047453945927519 ) ) ;
#151 = CARTESIAN_POINT ( 'NONE',  ( 2.747541170362477914, 3.235968563630642336, 6.499999999999999112 ) ) ;
#152 = FACE_OUTER_BOUND ( 'NONE', #340, .T. ) ;
#153 =( LENGTH_UNIT ( ) NAMED_UNIT ( * ) SI_UNIT ( .MILLI., .METRE. ) );
#154 = EDGE_CURVE ( 'NONE', #258, #333, #211, .T. ) ;
#155 = CARTESIAN_POINT ( 'NONE',  ( -7.505553499465176692, -2.482438684504777449, 6.819208148460195740E-14 ) ) ;
#156 = EDGE_CURVE ( 'NONE', #538, #461, #306, .T. ) ;
#157 = CARTESIAN_POINT ( 'NONE',  ( 7.505553499465134060, 2.483023390264762487, 6.102448868493606793E-15 ) ) ;
#158 = CARTESIAN_POINT ( 'NONE',  ( -6.494551880307418479, 3.382101452282696652, -1.751106170915572191 ) ) ;
#159 = EDGE_LOOP ( 'NONE', ( #645, #439, #399 ) ) ;
#160 = AXIS2_PLACEMENT_3D ( 'NONE', #949, #311, #605 ) ;
#161 = ADVANCED_FACE ( 'NONE', ( #1099 ), #1115, .F. ) ;
#162 = CARTESIAN_POINT ( 'NONE',  ( 3.833171732276613231, 2.791428730955258786, 6.360751805560102667 ) ) ;
#163 = ORIENTED_EDGE ( 'NONE', *, *, #1160, .T. ) ;
#164 = CARTESIAN_POINT ( 'NONE',  ( -7.092008824382824095, 3.186691960244337096, 0.7162803884421199418 ) ) ;
#165 = DIRECTION ( 'NONE',  ( -1.224646799147353454E-16, -1.000000000000000000, 0.000000000000000000 ) ) ;
#166 = APPLICATION_CONTEXT ( 'automotive_design' ) ;
#167 = CARTESIAN_POINT ( 'NONE',  ( 5.629165124598849879, -3.400000000000001688, 3.250000000000000444 ) ) ;
#168 = CARTESIAN_POINT ( 'NONE',  ( -5.802425705950977175, 3.400000000000000799, 2.949903870149188645 ) ) ;
#169 = CARTESIAN_POINT ( 'NONE',  ( -7.452794536859872032, -2.724328297655624453, 0.09138120378693677381 ) ) ;
#170 = DIRECTION ( 'NONE',  ( 0.000000000000000000, 0.000000000000000000, 1.000000000000000000 ) ) ;
#171 = ORIENTED_EDGE ( 'NONE', *, *, #712, .F. ) ;
#172 = CARTESIAN_POINT ( 'NONE',  ( -2.917841774660240084, 3.189176520006490545, -6.499999999999999112 ) ) ;
#173 = CARTESIAN_POINT ( 'NONE',  ( -8.673617379884035472E-16, -2.394446500534867184, 0.000000000000000000 ) ) ;
#174 = ORIENTED_EDGE ( 'NONE', *, *, #391, .T. ) ;
#175 = CARTESIAN_POINT ( 'NONE',  ( -7.453276026206172133, 2.722877040828552087, 0.09054723977584415440 ) ) ;
#176 = ORIENTED_EDGE ( 'NONE', *, *, #251, .T. ) ;
#177 = CARTESIAN_POINT ( 'NONE',  ( 7.425158516921089635, -2.791428730955258786, 0.1392481944399023286 ) ) ;
#178 = CARTESIAN_POINT ( 'NONE',  ( -8.673617379884035472E-16, -2.394446500534867184, 0.000000000000000000 ) ) ;
#179 = CARTESIAN_POINT ( 'NONE',  ( -8.673617379884035472E-16, -2.394446500534867184, 0.000000000000000000 ) ) ;
#180 = CARTESIAN_POINT ( 'NONE',  ( -8.673617379884035472E-16, -3.399999999999999911, 0.000000000000000000 ) ) ;
#181 = FACE_OUTER_BOUND ( 'NONE', #452, .T. ) ;
#182 = CARTESIAN_POINT ( 'NONE',  ( -1.162044386198238344E-16, -3.400000000000000799, 6.500000000000000000 ) ) ;
#183 = VERTEX_POINT ( 'NONE', #582 ) ;
#184 = CARTESIAN_POINT ( 'NONE',  ( -6.836743579859530406, -3.305091113047303963, 1.158412761362959120 ) ) ;
#185 = CARTESIAN_POINT ( 'NONE',  ( 4.936156725306604542, -3.392091709972221647, -4.450325757646149683 ) ) ;
#186 = CARTESIAN_POINT ( 'NONE',  ( 4.252928092102775004, 3.234676348481876573, -5.633712463541020732 ) ) ;
#187 = CIRCLE ( 'NONE', #19, 6.500000000000000000 ) ;
#188 = CARTESIAN_POINT ( 'NONE',  ( 6.836743579859528630, -3.305091113047303519, -1.158412761362971111 ) ) ;
#189 = EDGE_CURVE ( 'NONE', #86, #811, #940, .T. ) ;
#190 = CARTESIAN_POINT ( 'NONE',  ( 2.419573058247442177, 3.304381316501615373, -6.500000000000000888 ) ) ;
#191 = VERTEX_POINT ( 'NONE', #648 ) ;
#192 = CARTESIAN_POINT ( 'NONE',  ( -5.629165124598850767, -3.399999999999999911, 3.250000000000001332 ) ) ;
#193 = CARTESIAN_POINT ( 'NONE',  ( -3.933730101418711822, 2.963384091789762476, 6.186579601079711388 ) ) ;
#194 = CARTESIAN_POINT ( 'NONE',  ( 5.802169637108722355, -3.400000000000003908, -2.950347394394218892 ) ) ;
#195 = CARTESIAN_POINT ( 'NONE',  ( 2.247481382785258663, -3.328856549808324239, 6.499999999999999112 ) ) ;
#196 = EDGE_LOOP ( 'NONE', ( #994, #926, #1139, #657, #769, #636 ) ) ;
#197 = DIRECTION ( 'NONE',  ( 0.000000000000000000, 0.000000000000000000, 1.000000000000000000 ) ) ;
#198 = CARTESIAN_POINT ( 'NONE',  ( -5.456160612088976514, 3.400000000000001243, 3.549652605605786437 ) ) ;
#199 = B_SPLINE_CURVE_WITH_KNOTS ( 'NONE', 3,
 ( #510, #772, #611, #41, #412, #1045, #505, #606, #970, #515, #151, #866, #431, #870, #318, #52, #237, #877, #791, #242, #45, #965 ),
 .UNSPECIFIED., .F., .F.,
 ( 4, 2, 2, 2, 2, 2, 2, 2, 2, 2, 4 ),
 ( 0.01249783584575592243, 0.01276047519739717181, 0.01302311454903842293, 0.01328575390067967231, 0.01354839325232092342, 0.01407367195560342392, 0.01459895065888592441, 0.01564950806545092193, 0.01617478676873342416, 0.01643742612037467354, 0.01670006547201592292 ),
 .UNSPECIFIED. ) ;
#200 = CARTESIAN_POINT ( 'NONE',  ( 3.399104635492819160, -2.971663638701437016, -6.500000000000001776 ) ) ;
#201 = CARTESIAN_POINT ( 'NONE',  ( 3.764817632297956518, -2.569341170384326745, 6.479144579628779432 ) ) ;
#202 = CARTESIAN_POINT ( 'NONE',  ( -3.245308957478748813, -3.055438674223826645, -6.500000000000002665 ) ) ;
#203 = EDGE_LOOP ( 'NONE', ( #825, #543, #533, #589, #729, #693 ) ) ;
#204 = CARTESIAN_POINT ( 'NONE',  ( 7.253010168992032547, 3.054348363496430352, -0.4374178794920746682 ) ) ;
#205 = CARTESIAN_POINT ( 'NONE',  ( 3.752776749732565698, 3.399999999999999911, -6.500000000000000888 ) ) ;
#206 = AXIS2_PLACEMENT_3D ( 'NONE', #24, #663, #917 ) ;
#207 = CARTESIAN_POINT ( 'NONE',  ( 7.360705490259883632, -2.911903677182724692, -0.2508841113187025851 ) ) ;
#208 = CIRCLE ( 'NONE', #632, 6.500000000000000000 ) ;
#209 = CARTESIAN_POINT ( 'NONE',  ( -1.729570463129831648, -3.382298644643398688, -6.500000000000001776 ) ) ;
#210 = ORIENTED_EDGE ( 'NONE', *, *, #437, .F. ) ;
#211 = LINE ( 'NONE', #205, #1165 ) ;
#212 = CARTESIAN_POINT ( 'NONE',  ( 0.6903069632000771172, -3.401094312222340488, -6.500000000000001776 ) ) ;
#213 = CARTESIAN_POINT ( 'NONE',  ( -1.162044386198238344E-16, 3.400000000000000799, 6.500000000000000000 ) ) ;
#214 = PRESENTATION_STYLE_ASSIGNMENT (( #1042 ) ) ;
#215 = TOROIDAL_SURFACE ( 'NONE', #1141, 6.500000000000000000, 1.005553499465133838 ) ;
#216 = ADVANCED_FACE ( 'NONE', ( #1005 ), #555, .F. ) ;
#217 = VERTEX_POINT ( 'NONE', #232 ) ;
#218 = CARTESIAN_POINT ( 'NONE',  ( 6.751564268998584417, 3.329169717146176932, 1.305947655527827989 ) ) ;
#219 = CARTESIAN_POINT ( 'NONE',  ( -3.648633037379069410, 2.722142684967114423, 6.500000000000001776 ) ) ;
#220 = CARTESIAN_POINT ( 'NONE',  ( -4.506765980199118005, -3.329169717146175600, -5.194052344472174454 ) ) ;
#221 = FACE_OUTER_BOUND ( 'NONE', #203, .T. ) ;
#222 = CARTESIAN_POINT ( 'NONE',  ( 3.897624758937816569, -2.911903677182724248, 6.249115888681304298 ) ) ;
#223 = AXIS2_PLACEMENT_3D ( 'NONE', #544, #165, #637 ) ;
#224 = EDGE_CURVE ( 'NONE', #191, #901, #92, .T. ) ;
#225 = AXIS2_PLACEMENT_3D ( 'NONE', #278, #106, #271 ) ;
#226 = CARTESIAN_POINT ( 'NONE',  ( -7.424401831998799217, 2.793187661912571063, -0.1405588111706307930 ) ) ;
#227 = PRODUCT_CONTEXT ( 'NONE', #166, 'mechanical' ) ;
#228 = DIRECTION ( 'NONE',  ( -0.000000000000000000, -1.000000000000000000, -0.000000000000000000 ) ) ;
#229 = ORIENTED_EDGE ( 'NONE', *, *, #1154, .F. ) ;
#230 = EDGE_LOOP ( 'NONE', ( #480, #255, #89 ) ) ;
#231 = CARTESIAN_POINT ( 'NONE',  ( 3.752776749732568806, 3.399999999999999911, 6.499999999999998224 ) ) ;
#232 = CARTESIAN_POINT ( 'NONE',  ( -6.500000000000000888, -3.399999999999999467, 0.000000000000000000 ) ) ;
#233 = MECHANICAL_DESIGN_GEOMETRIC_PRESENTATION_REPRESENTATION (  '', ( #140 ), #542 ) ;
#234 = EDGE_CURVE ( 'NONE', #901, #77, #208, .T. ) ;
#235 = VECTOR ( 'NONE', #426, 999.9999999999998863 ) ;
#236 = EDGE_CURVE ( 'NONE', #538, #838, #588, .T. ) ;
#237 = CARTESIAN_POINT ( 'NONE',  ( 0.6904292480396186926, 3.399508321142672873, 6.499999999999999112 ) ) ;
#238 = DIRECTION ( 'NONE',  ( 0.000000000000000000, 0.000000000000000000, -1.000000000000000000 ) ) ;
#239 = B_SPLINE_CURVE_WITH_KNOTS ( 'NONE', 3,
 ( #1100, #120, #101, #18, #403, #200, #107, #389, #1021, #471, #495, #655, #489, #212, #763, #273 ),
 .UNSPECIFIED., .F., .F.,
 ( 4, 2, 2, 2, 2, 2, 2, 4 ),
 ( 5.016765084410857687E-05, 0.0003118166177412741197, 0.0005734655846384396558, 0.001096763518432770619, 0.001620061452227101583, 0.002143359386021432764, 0.003189955253610095125, 0.004236551121198758353 ),
 .UNSPECIFIED. ) ;
#240 = VERTEX_POINT ( 'NONE', #961 ) ;
#241 = CIRCLE ( 'NONE', #912, 6.500000000000000000 ) ;
#242 = CARTESIAN_POINT ( 'NONE',  ( 0.1726074328963950189, 3.400004396840033749, 6.499999999999998224 ) ) ;
#243 = DIRECTION ( 'NONE',  ( -1.000000000000000000, -1.224646799147353454E-16, 0.000000000000000000 ) ) ;
#244 = CARTESIAN_POINT ( 'NONE',  ( 4.504305709783912981, 3.328558606151220456, 5.198313657831666212 ) ) ;
#245 = PRESENTATION_STYLE_ASSIGNMENT (( #599 ) ) ;
#246 = EDGE_LOOP ( 'NONE', ( #713, #288, #176 ) ) ;
#247 = CARTESIAN_POINT ( 'NONE',  ( -6.322173523891093438, 3.392091709972222091, 2.049674242353849873 ) ) ;
#248 = PRODUCT ( 'ISO 4032 Nut M8', 'ISO 4032 Nut M8', '', ( #227 ) ) ;
#249 = CARTESIAN_POINT ( 'NONE',  ( 7.330462625983454217, -2.968950109958564454, 0.3032662888118868860 ) ) ;
#250 = AXIS2_PLACEMENT_3D ( 'NONE', #590, #134, #42 ) ;
#251 = EDGE_CURVE ( 'NONE', #461, #1108, #698, .T. ) ;
#252 = CARTESIAN_POINT ( 'NONE',  ( -7.505553499465178469, 2.482438684504775228, -7.528174725312046386E-14 ) ) ;
#253 = CARTESIAN_POINT ( 'NONE',  ( 4.008586736036442666, -3.051816669457922515, 6.056924106638195582 ) ) ;
#254 = CARTESIAN_POINT ( 'NONE',  ( -1.380447550092028797, 3.392215331916875520, -6.500000000000001776 ) ) ;
#255 = ORIENTED_EDGE ( 'NONE', *, *, #116, .F. ) ;
#256 = AXIS2_PLACEMENT_3D ( 'NONE', #626, #346, #78 ) ;
#257 =( GEOMETRIC_REPRESENTATION_CONTEXT ( 3 ) GLOBAL_UNCERTAINTY_ASSIGNED_CONTEXT ( ( #136 ) ) GLOBAL_UNIT_ASSIGNED_CONTEXT ( ( #507, #777, #135 ) ) REPRESENTATION_CONTEXT ( 'NONE', 'WORKASPACE' ) );
#258 = VERTEX_POINT ( 'NONE', #861 ) ;
#259 = FACE_OUTER_BOUND ( 'NONE', #131, .T. ) ;
#260 = CARTESIAN_POINT ( 'NONE',  ( 0.000000000000000000, 2.774999999999999467, 0.000000000000000000 ) ) ;
#261 = ORIENTED_EDGE ( 'NONE', *, *, #525, .F. ) ;
#262 =( NAMED_UNIT ( * ) SI_UNIT ( $, .STERADIAN. ) SOLID_ANGLE_UNIT ( ) );
#263 = CARTESIAN_POINT ( 'NONE',  ( 5.629165124598849879, 3.400000000000001688, 3.250000000000000444 ) ) ;
#264 = CARTESIAN_POINT ( 'NONE',  ( -0.8630538049033426029, 3.398872788025680158, -6.500000000000000000 ) ) ;
#265 = CONICAL_SURFACE ( 'NONE', #998, 3.375000000000000000, 0.7853981633974492782 ) ;
#266 = DIRECTION ( 'NONE',  ( 0.000000000000000000, 1.000000000000000000, 0.000000000000000000 ) ) ;
#267 = VERTEX_POINT ( 'NONE', #46 ) ;
#268 = ADVANCED_FACE ( 'NONE', ( #300 ), #1041, .T. ) ;
#269 = CARTESIAN_POINT ( 'NONE',  ( -7.424401831998799217, -2.793187661912571507, 0.1405588111706238819 ) ) ;
#270 = CARTESIAN_POINT ( 'NONE',  ( 4.005320080205663658, -3.054348363496429908, -6.062582120507936878 ) ) ;
#271 = DIRECTION ( 'NONE',  ( 1.000000000000000000, -1.334402673828313093E-16, 2.664535259100375697E-15 ) ) ;
#272 = EDGE_CURVE ( 'NONE', #700, #57, #187, .T. ) ;
#273 = CARTESIAN_POINT ( 'NONE',  ( -8.673617379884037444E-16, -3.400000000000000799, -6.500000000000000000 ) ) ;
#274 = DIRECTION ( 'NONE',  ( -1.224646799147353454E-16, -1.000000000000000000, 0.000000000000000000 ) ) ;
#275 = EDGE_LOOP ( 'NONE', ( #1124, #559, #354 ) ) ;
#276 = CARTESIAN_POINT ( 'NONE',  ( -5.629165124598850767, -3.399999999999999911, 3.250000000000001332 ) ) ;
#277 = CARTESIAN_POINT ( 'NONE',  ( 3.805054222991529844, -2.722877040828552531, -6.409452760224149337 ) ) ;
#278 = CARTESIAN_POINT ( 'NONE',  ( -8.673617379884035472E-16, -3.399999999999999911, 0.000000000000000000 ) ) ;
#280 = CARTESIAN_POINT ( 'NONE',  ( 6.321146865128496550, -3.392138205761039416, -2.051452467492714593 ) ) ;
#279 = B_SPLINE_CURVE_WITH_KNOTS ( 'NONE', 3,
 ( #748, #406, #115, #918, #1017, #842, #190, #292, #656, #1022, #558, #766, #302, #677, #102, #473, #832, #378 ),
 .UNSPECIFIED., .F., .F.,
 ( 4, 2, 2, 2, 2, 2, 2, 2, 4 ),
 ( 0.000000000000000000, 0.001038403888255725509, 0.002076807776511451018, 0.002596009720639314098, 0.003115211664767177178, 0.003374812636831109585, 0.003634413608895041559, 0.003894014580958974400, 0.004153615553022906373 ),
 .UNSPECIFIED. ) ;
#281 = CARTESIAN_POINT ( 'NONE',  ( -1.162044386198238344E-16, -3.400000000000000799, 6.500000000000000000 ) ) ;
#282 = ORIENTED_EDGE ( 'NONE', *, *, #875, .F. ) ;
#283 = DIRECTION ( 'NONE',  ( -0.000000000000000000, -1.000000000000000000, -0.000000000000000000 ) ) ;
#284 = CARTESIAN_POINT ( 'NONE',  ( -4.252928092102772339, 3.234676348481877461, 5.633712463541020732 ) ) ;
#285 = FACE_OUTER_BOUND ( 'NONE', #246, .T. ) ;
#286 = AXIS2_PLACEMENT_3D ( 'NONE', #685, #70, #1050 ) ;
#287 = CARTESIAN_POINT ( 'NONE',  ( -1.383079415951132596, -3.392158728504469867, -6.500000000000000000 ) ) ;
#288 = ORIENTED_EDGE ( 'NONE', *, *, #304, .F. ) ;
#289 = COLOUR_RGB ( '',0.7529411764705882248, 0.7529411764705882248, 0.7529411764705882248 ) ;
#290 = CARTESIAN_POINT ( 'NONE',  ( -4.047690006989466127, 3.089375691583498451, 5.989195254605416352 ) ) ;
#291 = CARTESIAN_POINT ( 'NONE',  ( 7.089815073129581258, -3.188080631620867855, -0.7200800770719129051 ) ) ;
#292 = CARTESIAN_POINT ( 'NONE',  ( 2.757278131135229682, 3.233455566064726394, -6.500000000000003553 ) ) ;
#293 = ORIENTED_EDGE ( 'NONE', *, *, #390, .T. ) ;
#294 = CARTESIAN_POINT ( 'NONE',  ( -3.592196391813140988, 2.791274254554293677, 6.500000000000000000 ) ) ;
#295 = EDGE_CURVE ( 'NONE', #43, #386, #419, .T. ) ;
#296 = CARTESIAN_POINT ( 'NONE',  ( -3.752776749732560813, 2.483023390264761154, 6.500000000000002665 ) ) ;
#297 = CARTESIAN_POINT ( 'NONE',  ( -5.629165124598850767, 3.399999999999999911, 3.250000000000001332 ) ) ;
#298 = DIRECTION ( 'NONE',  ( 1.224646799147353454E-16, -1.000000000000000000, 0.000000000000000000 ) ) ;
#299 = EDGE_CURVE ( 'NONE', #565, #77, #735, .T. ) ;
#300 = FACE_OUTER_BOUND ( 'NONE', #808, .T. ) ;
#301 = EDGE_LOOP ( 'NONE', ( #149, #1097, #818, #80, #905, #32 ) ) ;
#302 = CARTESIAN_POINT ( 'NONE',  ( 3.465012468782561417, 2.910402588385476275, -6.500000000000002665 ) ) ;
#303 = CARTESIAN_POINT ( 'NONE',  ( -2.757278135863834745, 3.233455564820244987, 6.500000000000002665 ) ) ;
#304 = EDGE_CURVE ( 'NONE', #461, #267, #529, .T. ) ;
#305 = TOROIDAL_SURFACE ( 'NONE', #250, 6.500000000000000000, 1.005553499465133838 ) ;
#306 = B_SPLINE_CURVE_WITH_KNOTS ( 'NONE', 3,
 ( #5, #296, #935, #1010, #840, #376, #193, #381, #290, #119, #284, #476, #670, #732, #1105, #395, #198, #757 ),
 .UNSPECIFIED., .F., .F.,
 ( 4, 2, 2, 2, 2, 2, 2, 2, 4 ),
 ( 1.969461639997926968E-07, 0.0002618793163779879534, 0.0005235616865919761687, 0.0007852440568059638418, 0.001046926427019951623, 0.001570291167447928704, 0.002093655907875905785, 0.003140385388731858213, 0.004187114869587811941 ),
 .UNSPECIFIED. ) ;
#307 = ORIENTED_EDGE ( 'NONE', *, *, #234, .T. ) ;
#308 = ADVANCED_FACE ( 'NONE', ( #793 ), #897, .F. ) ;
#309 = CARTESIAN_POINT ( 'NONE',  ( 3.833928417198904981, -2.793187661912571507, 6.359441188829368485 ) ) ;
#310 = B_SPLINE_CURVE_WITH_KNOTS ( 'NONE', 3,
 ( #330, #959, #519, #312, #1060, #244, #146, #975, #425, #780, #1135, #162, #859, #681, #323, #736 ),
 .UNSPECIFIED., .F., .F.,
 ( 4, 2, 2, 2, 2, 2, 2, 4 ),
 ( 0.004187114869587794594, 0.005235393644172735630, 0.006283672418757675800, 0.006807811806050147185, 0.007331951193342617704, 0.007856090580635088222, 0.008118160274281324348, 0.008380229967927558740 ),
 .UNSPECIFIED. ) ;
#311 = DIRECTION ( 'NONE',  ( 0.000000000000000000, 1.000000000000000000, 0.000000000000000000 ) ) ;
#312 = CARTESIAN_POINT ( 'NONE',  ( 4.936156725306608095, 3.392091709972222979, 4.450325757646148794 ) ) ;
#313 = CARTESIAN_POINT ( 'NONE',  ( 5.975691682620917433, 3.401111599110817618, -2.649798395333816892 ) ) ;
#314 = CARTESIAN_POINT ( 'NONE',  ( 7.505553499465137612, 3.399999999999999911, -1.910563208468954933E-15 ) ) ;
#315 = CARTESIAN_POINT ( 'NONE',  ( -7.092008824382825871, -3.186691960244336208, -0.7162803884421270473 ) ) ;
#316 = FACE_OUTER_BOUND ( 'NONE', #375, .T. ) ;
#317 = CONICAL_SURFACE ( 'NONE', #553, 4.000000000000000000, 0.7853981633974469467 ) ;
#318 = CARTESIAN_POINT ( 'NONE',  ( 1.380447549294810949, 3.392215331938588818, 6.499999999999997335 ) ) ;
#319 = FILL_AREA_STYLE ('',( #520 ) ) ;
#320 = CARTESIAN_POINT ( 'NONE',  ( -8.673617379884035472E-16, -3.399999999999999911, 0.000000000000000000 ) ) ;
#321 = PLANE ( 'NONE',  #73 ) ;
#322 = CARTESIAN_POINT ( 'NONE',  ( 7.493512616899746348, 2.569341170384327189, 0.02085542037122527920 ) ) ;
#323 = CARTESIAN_POINT ( 'NONE',  ( 3.752776749732528394, 2.482438684504777449, 6.500000000000067502 ) ) ;
#324 = ADVANCED_FACE ( 'NONE', ( #444 ), #1068, .F. ) ;
#325 = CARTESIAN_POINT ( 'NONE',  ( -5.456160612088979178, -3.400000000000001688, -3.549652605605786881 ) ) ;
#326 = CARTESIAN_POINT ( 'NONE',  ( 7.505553499465133171, 2.394446500534868072, -6.505213034913026604E-15 ) ) ;
#327 = ORIENTED_EDGE ( 'NONE', *, *, #445, .F. ) ;
#328 = DIRECTION ( 'NONE',  ( -1.000000000000000000, -1.224646799147353454E-16, 0.000000000000000000 ) ) ;
#329 = ADVANCED_FACE ( 'NONE', ( #604 ), #422, .T. ) ;
#330 = CARTESIAN_POINT ( 'NONE',  ( 5.629165124598849879, 3.400000000000001688, 3.250000000000000444 ) ) ;
#331 = EDGE_CURVE ( 'NONE', #491, #217, #671, .T. ) ;
#332 = CARTESIAN_POINT ( 'NONE',  ( 3.752776749732565698, 3.399999999999999911, -6.500000000000000888 ) ) ;
#333 = VERTEX_POINT ( 'NONE', #411 ) ;
#334 = DIRECTION ( 'NONE',  ( 0.8660254037844385966, -0.000000000000000000, 0.5000000000000001110 ) ) ;
#335 = TOROIDAL_SURFACE ( 'NONE', #551, 6.500000000000000000, 1.005553499465133838 ) ;
#336 = ADVANCED_FACE ( 'NONE', ( #316 ), #719, .T. ) ;
#337 = STYLED_ITEM ( 'NONE', ( #440 ), #324 ) ;
#338 = CARTESIAN_POINT ( 'NONE',  ( -7.089815073129582146, 3.188080631620865635, -0.7200800770719066879 ) ) ;
#339 =( NAMED_UNIT ( * ) PLANE_ANGLE_UNIT ( ) SI_UNIT ( $, .RADIAN. ) );
#340 = EDGE_LOOP ( 'NONE', ( #1092, #784, #667 ) ) ;
#341 = DIRECTION ( 'NONE',  ( 1.000000000000000000, -1.334402673828313093E-16, 0.000000000000000000 ) ) ;
#342 = ORIENTED_EDGE ( 'NONE', *, *, #1102, .T. ) ;
#343 = CARTESIAN_POINT ( 'NONE',  ( -2.238113211988509654, 3.330022609808159562, -6.500000000000002665 ) ) ;
#344 = LINE ( 'NONE', #913, #125 ) ;
#345 = VERTEX_POINT ( 'NONE', #1044 ) ;
#346 = DIRECTION ( 'NONE',  ( -0.8660254037844383745, 0.000000000000000000, 0.5000000000000006661 ) ) ;
#347 = CARTESIAN_POINT ( 'NONE',  ( 5.975691682620923650, -3.401111599110818062, 2.649798395333814227 ) ) ;
#348 = CARTESIAN_POINT ( 'NONE',  ( -8.500220258280288210E-16, -3.400000000000000799, 0.000000000000000000 ) ) ;
#349 = EDGE_LOOP ( 'NONE', ( #1066, #1156, #874 ) ) ;
#350 =( NAMED_UNIT ( * ) PLANE_ANGLE_UNIT ( ) SI_UNIT ( $, .RADIAN. ) );
#351 = LINE ( 'NONE', #627, #697 ) ;
#352 = CARTESIAN_POINT ( 'NONE',  ( 4.898587196589412829E-16, -3.399999999999999911, 4.000000000000000000 ) ) ;
#353 = ADVANCED_FACE ( 'NONE', ( #259 ), #90, .T. ) ;
#354 = ORIENTED_EDGE ( 'NONE', *, *, #127, .F. ) ;
#355 = DIRECTION ( 'NONE',  ( -1.000000000000000000, -1.224646799147353454E-16, 0.000000000000000000 ) ) ;
#356 = AXIS2_PLACEMENT_3D ( 'NONE', #14, #752, #649 ) ;
#357 = ORIENTED_EDGE ( 'NONE', *, *, #224, .T. ) ;
#358 = CARTESIAN_POINT ( 'NONE',  ( -7.505553499465134948, 2.394446500534866296, 0.000000000000000000 ) ) ;
#359 = COLOUR_RGB ( '',0.7529411764705882248, 0.7529411764705882248, 0.7529411764705882248 ) ;
#360 = CARTESIAN_POINT ( 'NONE',  ( 5.456160612088976514, -3.400000000000001688, 3.549652605605786437 ) ) ;
#361 = CARTESIAN_POINT ( 'NONE',  ( 5.802169637108725020, 3.400000000000000799, 2.950347394394214007 ) ) ;
#362 =( GEOMETRIC_REPRESENTATION_CONTEXT ( 3 ) GLOBAL_UNCERTAINTY_ASSIGNED_CONTEXT ( ( #1006 ) ) GLOBAL_UNIT_ASSIGNED_CONTEXT ( ( #153, #350, #262 ) ) REPRESENTATION_CONTEXT ( 'NONE', 'WORKASPACE' ) );
#363 = ORIENTED_EDGE ( 'NONE', *, *, #852, .T. ) ;
#364 = CARTESIAN_POINT ( 'NONE',  ( -3.728332590212299014, 2.570355847103221070, -6.500000000000001776 ) ) ;
#365 = ADVANCED_FACE ( 'NONE', ( #181 ), #132, .F. ) ;
#366 = ORIENTED_EDGE ( 'NONE', *, *, #1103, .T. ) ;
#367 = EDGE_CURVE ( 'NONE', #800, #386, #993, .T. ) ;
#368 = CARTESIAN_POINT ( 'NONE',  ( 4.506765980199118893, -3.329169717146176044, 5.194052344472174454 ) ) ;
#369 = CARTESIAN_POINT ( 'NONE',  ( 4.418516999869126494, -3.304094536839378815, -5.346904062119865131 ) ) ;
#370 = CARTESIAN_POINT ( 'NONE',  ( -4.005320080205660993, -3.054348363496429908, 6.062582120507938654 ) ) ;
#371 = DIRECTION ( 'NONE',  ( -1.224646799147353454E-16, 1.000000000000000000, -0.000000000000000000 ) ) ;
#372 = AXIS2_PLACEMENT_3D ( 'NONE', #418, #776, #971 ) ;
#373 = CIRCLE ( 'NONE', #160, 3.375000000000000000 ) ;
#374 = DIRECTION ( 'NONE',  ( -1.224646799147353454E-16, 1.000000000000000000, -0.000000000000000000 ) ) ;
#375 = EDGE_LOOP ( 'NONE', ( #327, #625, #1032 ) ) ;
#376 = CARTESIAN_POINT ( 'NONE',  ( -3.897624758937808576, 2.911903677182725581, 6.249115888681309627 ) ) ;
#377 = CARTESIAN_POINT ( 'NONE',  ( 5.629165124598848990, -3.400000000000001688, -3.250000000000003553 ) ) ;
#378 = CARTESIAN_POINT ( 'NONE',  ( 3.752776749732563033, 2.394446500534867628, -6.500000000000000888 ) ) ;
#379 = ORIENTED_EDGE ( 'NONE', *, *, #272, .T. ) ;
#380 = VECTOR ( 'NONE', #1126, 1000.000000000000000 ) ;
#381 = CARTESIAN_POINT ( 'NONE',  ( -4.008586736036432896, 3.051816669457922071, 6.056924106638200023 ) ) ;
#382 = CIRCLE ( 'NONE', #1058, 4.000000000000000000 ) ;
#383 = CARTESIAN_POINT ( 'NONE',  ( 7.249743513161260644, -3.051816669457922071, -0.4430758933618123008 ) ) ;
#384 = EDGE_CURVE ( 'NONE', #737, #240, #576, .T. ) ;
#385 = CARTESIAN_POINT ( 'NONE',  ( 2.419261224119196196, -3.304487733120544668, 6.499999999999999112 ) ) ;
#386 = VERTEX_POINT ( 'NONE', #6 ) ;
#387 = CARTESIAN_POINT ( 'NONE',  ( 6.754024539413785888, 3.328558606151221788, -1.301686342168341337 ) ) ;
#388 = DIRECTION ( 'NONE',  ( -0.000000000000000000, -1.000000000000000000, -0.000000000000000000 ) ) ;
#389 = CARTESIAN_POINT ( 'NONE',  ( 2.921146371370977324, -3.188164044851736101, -6.499999999999999112 ) ) ;
#390 = EDGE_CURVE ( 'NONE', #800, #191, #629, .T. ) ;
#391 = EDGE_CURVE ( 'NONE', #1152, #1162, #1064, .T. ) ;
#392 = CARTESIAN_POINT ( 'NONE',  ( -2.419261224119194864, -3.304487733120543336, -6.500000000000001776 ) ) ;
#393 = ORIENTED_EDGE ( 'NONE', *, *, #116, .T. ) ;
#394 = FILL_AREA_STYLE ('',( #501 ) ) ;
#395 = CARTESIAN_POINT ( 'NONE',  ( -5.283150995784644088, 3.401105081892169757, 3.849314051242881174 ) ) ;
#396 = CARTESIAN_POINT ( 'NONE',  ( -3.927867623214247317, 2.968950109958564010, -6.196733711188119997 ) ) ;
#397 = ADVANCED_FACE ( 'NONE', ( #524 ), #592, .T. ) ;
#398 = CARTESIAN_POINT ( 'NONE',  ( -8.673617379884035472E-16, 3.399999999999999911, 0.000000000000000000 ) ) ;
#399 = ORIENTED_EDGE ( 'NONE', *, *, #137, .T. ) ;
#400 = CARTESIAN_POINT ( 'NONE',  ( -2.248478906933187194, 3.328721022964328924, 6.499999999999999112 ) ) ;
#401 = DIRECTION ( 'NONE',  ( 1.224646799147353454E-16, 1.000000000000000000, -0.000000000000000000 ) ) ;
#402 = VECTOR ( 'NONE', #936, 1000.000000000000000 ) ;
#403 = CARTESIAN_POINT ( 'NONE',  ( 3.591250585711986076, -2.792392445149268099, -6.500000000000000888 ) ) ;
#404 = AXIS2_PLACEMENT_3D ( 'NONE', #835, #1110, #1026 ) ;
#405 = B_SPLINE_CURVE_WITH_KNOTS ( 'NONE', 3,
 ( #821, #13, #1015, #845, #916, #740, #654, #1093, #662, #370, #29, #23, #1020, #920, #98, #482 ),
 .UNSPECIFIED., .F., .F.,
 ( 4, 2, 2, 2, 2, 2, 2, 4 ),
 ( 0.004187114869587799798, 0.005235393644172743437, 0.006283672418757687075, 0.006807811806050159328, 0.007331951193342630714, 0.007856090580635102100, 0.008118160274281336491, 0.008380229967927572618 ),
 .UNSPECIFIED. ) ;
#406 = CARTESIAN_POINT ( 'NONE',  ( 0.3462293689665166818, 3.400000000000098943, -6.500000000000002665 ) ) ;
#407 = EDGE_CURVE ( 'NONE', #267, #491, #67, .T. ) ;
#408 =( NAMED_UNIT ( * ) SI_UNIT ( $, .STERADIAN. ) SOLID_ANGLE_UNIT ( ) );
#409 = CARTESIAN_POINT ( 'NONE',  ( -3.833928417198905869, -2.793187661912572839, -6.359441188829368485 ) ) ;
#410 = FACE_BOUND ( 'NONE', #651, .T. ) ;
#411 = CARTESIAN_POINT ( 'NONE',  ( 3.752776749732563033, -2.394446500534867628, -6.500000000000000888 ) ) ;
#412 = CARTESIAN_POINT ( 'NONE',  ( 3.589385958945482180, 2.794427995534777942, 6.499999999999998224 ) ) ;
#413 =( LENGTH_UNIT ( ) NAMED_UNIT ( * ) SI_UNIT ( .MILLI., .METRE. ) );
#414 = CARTESIAN_POINT ( 'NONE',  ( 0.000000000000000000, -3.664864146886751772, 0.000000000000000000 ) ) ;
#415 = CIRCLE ( 'NONE', #523, 4.000000000000001776 ) ;
#416 = ORIENTED_EDGE ( 'NONE', *, *, #664, .F. ) ;
#417 = DIRECTION ( 'NONE',  ( 1.224646799147353454E-16, 1.000000000000000000, -0.000000000000000000 ) ) ;
#418 = CARTESIAN_POINT ( 'NONE',  ( 0.000000000000000000, -2.774999999999998135, 0.000000000000000000 ) ) ;
#419 = LINE ( 'NONE', #314, #114 ) ;
#420 = DIRECTION ( 'NONE',  ( -0.000000000000000000, -1.000000000000000000, -0.000000000000000000 ) ) ;
#421 = CARTESIAN_POINT ( 'NONE',  ( 7.360705490259888961, 2.911903677182726469, 0.2508841113186984773 ) ) ;
#422 = TOROIDAL_SURFACE ( 'NONE', #514, 6.500000000000000000, 1.005553499465133838 ) ;
#423 = ADVANCED_FACE ( 'NONE', ( #285 ), #72, .T. ) ;
#424 = EDGE_CURVE ( 'NONE', #1038, #1104, #966, .T. ) ;
#425 = CARTESIAN_POINT ( 'NONE',  ( 4.166321424814880103, 3.186691960244336652, 5.783719611557873286 ) ) ;
#426 = DIRECTION ( 'NONE',  ( 0.000000000000000000, 0.7071067811865467956, 0.7071067811865483499 ) ) ;
#427 = CARTESIAN_POINT ( 'NONE',  ( -4.047690006989473233, -3.089375691583496675, -5.989195254605410135 ) ) ;
#428 = EDGE_LOOP ( 'NONE', ( #357, #103, #833 ) ) ;
#429 = VERTEX_POINT ( 'NONE', #568 ) ;
#430 = PLANE ( 'NONE',  #922 ) ;
#431 = CARTESIAN_POINT ( 'NONE',  ( 2.238113211445517781, 3.330022609878994455, 6.499999999999997335 ) ) ;
#432 = DIRECTION ( 'NONE',  ( -0.000000000000000000, 1.000000000000000000, -0.000000000000000000 ) ) ;
#433 = PRESENTATION_LAYER_ASSIGNMENT (  '', '', ( #10 ) ) ;
#434 = FACE_OUTER_BOUND ( 'NONE', #301, .T. ) ;
#435 = CIRCLE ( 'NONE', #733, 3.375000000000000000 ) ;
#436 = EDGE_CURVE ( 'NONE', #333, #901, #239, .T. ) ;
#437 = EDGE_CURVE ( 'NONE', #386, #191, #782, .T. ) ;
#438 = CARTESIAN_POINT ( 'NONE',  ( -7.324600147778983050, 2.963384091789758923, -0.3134203989202949958 ) ) ;
#439 = ORIENTED_EDGE ( 'NONE', *, *, #49, .F. ) ;
#440 = PRESENTATION_STYLE_ASSIGNMENT (( #449 ) ) ;
#441 = DIRECTION ( 'NONE',  ( -1.000000000000000000, 1.224646799147353454E-16, 0.000000000000000000 ) ) ;
#442 = CARTESIAN_POINT ( 'NONE',  ( -2.242891822056098938, -3.329444325229278245, 6.499999999999999112 ) ) ;
#443 = CARTESIAN_POINT ( 'NONE',  ( 4.133182947122317167E-16, 2.774999999999999467, -3.375000000000000000 ) ) ;
#444 = FACE_OUTER_BOUND ( 'NONE', #972, .T. ) ;
#445 = EDGE_CURVE ( 'NONE', #183, #737, #881, .T. ) ;
#446 = CARTESIAN_POINT ( 'NONE',  ( 6.839813249328572375, -3.304094536839379703, 1.153095937880142863 ) ) ;
#447 = CARTESIAN_POINT ( 'NONE',  ( -1.725601795238494107, -3.382475372299223793, 6.500000000000000888 ) ) ;
#448 = ORIENTED_EDGE ( 'NONE', *, *, #688, .F. ) ;
#449 = SURFACE_STYLE_USAGE ( .BOTH. , #539 ) ;
#450 = PRESENTATION_LAYER_ASSIGNMENT (  '', '', ( #140 ) ) ;
#451 = DIRECTION ( 'NONE',  ( -1.000000000000000000, 0.000000000000000000, 1.155626614413199824E-16 ) ) ;
#452 = EDGE_LOOP ( 'NONE', ( #1166, #282, #39, #448 ) ) ;
#453 = CARTESIAN_POINT ( 'NONE',  ( -0.08757041165837967100, 3.400000000000098499, -6.500000000000000888 ) ) ;
#454 = CARTESIAN_POINT ( 'NONE',  ( -2.921146371370980876, -3.188164044851736101, 6.500000000000000000 ) ) ;
#455 = EDGE_LOOP ( 'NONE', ( #579, #1061 ) ) ;
#456 = CARTESIAN_POINT ( 'NONE',  ( -7.005402157094922977, -3.234676348481877017, 0.8662875364589756044 ) ) ;
#457 = ORIENTED_EDGE ( 'NONE', *, *, #384, .T. ) ;
#458 = CARTESIAN_POINT ( 'NONE',  ( 7.505553499465133171, -2.394446500534868072, -6.505213034913026604E-15 ) ) ;
#459 = DIRECTION ( 'NONE',  ( 0.000000000000000000, 0.000000000000000000, 1.000000000000000000 ) ) ;
#460 = AXIS2_PLACEMENT_3D ( 'NONE', #554, #11, #653 ) ;
#461 = VERTEX_POINT ( 'NONE', #297 ) ;
#462 = STYLED_ITEM ( 'NONE', ( #214 ), #216 ) ;
#463 = ADVANCED_BREP_SHAPE_REPRESENTATION ( 'ISO 4032 Nut M8', ( #1150, #286 ), #863 ) ;
#464 = CARTESIAN_POINT ( 'NONE',  ( 0.000000000000000000, -3.664864146886751772, 3.375000000000000000 ) ) ;
#465 = DIRECTION ( 'NONE',  ( -1.000000000000000000, -1.224646799147353454E-16, 0.000000000000000000 ) ) ;
#466 = CARTESIAN_POINT ( 'NONE',  ( 0.000000000000000000, -3.399999999999999911, 0.000000000000000000 ) ) ;
#467 = ORIENTED_EDGE ( 'NONE', *, *, #995, .F. ) ;
#468 = DIRECTION ( 'NONE',  ( 8.659560562354921765E-17, -0.7071067811865484609, 0.7071067811865465735 ) ) ;
#469 = CARTESIAN_POINT ( 'NONE',  ( 4.504305709783913869, -3.328558606151220900, -5.198313657831670653 ) ) ;
#470 = FILL_AREA_STYLE_COLOUR ( '', #359 ) ;
#471 = CARTESIAN_POINT ( 'NONE',  ( 2.415714630391699647, -3.305034838474432135, -6.500000000000001776 ) ) ;
#472 = AXIS2_PLACEMENT_3D ( 'NONE', #1155, #374, #624 ) ;
#473 = CARTESIAN_POINT ( 'NONE',  ( 3.728688950040630612, 2.568915514413231627, -6.500000000000000888 ) ) ;
#474 = ORIENTED_EDGE ( 'NONE', *, *, #436, .T. ) ;
#475 = CARTESIAN_POINT ( 'NONE',  ( 3.752776749732563033, -2.394446500534867628, -6.500000000000000888 ) ) ;
#476 = CARTESIAN_POINT ( 'NONE',  ( -4.421586669338168463, 3.305091113047303519, 5.341587238637037771 ) ) ;
#477 = B_SPLINE_CURVE_WITH_KNOTS ( 'NONE', 3,
 ( #74, #701, #798, #707, #983, #79, #715, #573, #746, #751, #186, #488, #561, #110, #17, #567, #658, #929 ),
 .UNSPECIFIED., .F., .F.,
 ( 4, 2, 2, 2, 2, 2, 2, 2, 4 ),
 ( 1.969461639999364806E-07, 0.0002618793163779872487, 0.0005235616865919745424, 0.0007852440568059618903, 0.001046926427019949021, 0.001570291167447922199, 0.002093655907875895811, 0.003140385388731842167, 0.004187114869587787655 ),
 .UNSPECIFIED. ) ;
#478 = CARTESIAN_POINT ( 'NONE',  ( 7.505553499465133171, -2.394446500534868072, -6.505213034913026604E-15 ) ) ;
#479 = CARTESIAN_POINT ( 'NONE',  ( 3.729080311069221665, -2.568200988662935558, 6.499999999999998224 ) ) ;
#480 = ORIENTED_EDGE ( 'NONE', *, *, #995, .T. ) ;
#481 = CARTESIAN_POINT ( 'NONE',  ( 7.330462625983454217, 2.968950109958566230, -0.3032662888118916600 ) ) ;
#482 = CARTESIAN_POINT ( 'NONE',  ( -3.752776749732567474, -2.394446500534866740, 6.500000000000000000 ) ) ;
#483 = CARTESIAN_POINT ( 'NONE',  ( -3.833171732276611898, 2.791428730955255233, -6.360751805560105332 ) ) ;
#484 = LINE ( 'NONE', #854, #771 ) ;
#485 = ORIENTED_EDGE ( 'NONE', *, *, #973, .F. ) ;
#486 = CARTESIAN_POINT ( 'NONE',  ( -0.6924846416895211743, 3.401107048609567141, 6.500000000000000000 ) ) ;
#487 = EDGE_CURVE ( 'NONE', #813, #1152, #1027, .T. ) ;
#488 = CARTESIAN_POINT ( 'NONE',  ( 4.421586669338169351, 3.305091113047303519, -5.341587238637038659 ) ) ;
#489 = CARTESIAN_POINT ( 'NONE',  ( 1.380532404016809434, -3.392215499477392093, -6.500000000000001776 ) ) ;
#490 = CARTESIAN_POINT ( 'NONE',  ( 2.925707215905137382, -3.186571325193804149, 6.499999999999998224 ) ) ;
#491 = VERTEX_POINT ( 'NONE', #676 ) ;
#492 = CIRCLE ( 'NONE', #1125, 6.500000000000000000 ) ;
#493 = CARTESIAN_POINT ( 'NONE',  ( -3.752776749732865014, 2.481920732087038228, 6.500000000000001776 ) ) ;
#494 = DIRECTION ( 'NONE',  ( 1.000000000000000000, -1.334402673828313093E-16, 0.000000000000000000 ) ) ;
#495 = CARTESIAN_POINT ( 'NONE',  ( 2.242891822056095386, -3.329444325229276913, -6.500000000000000000 ) ) ;
#496 = CARTESIAN_POINT ( 'NONE',  ( -3.752776749732575023, -2.394446500534866740, -6.499999999999995559 ) ) ;
#497 = CARTESIAN_POINT ( 'NONE',  ( -3.752776749732563921, 2.394446500534865852, 6.499999999999999112 ) ) ;
#498 = CARTESIAN_POINT ( 'NONE',  ( -5.975691682620921874, -3.401111599110817618, -2.649798395333811118 ) ) ;
#499 = PRESENTATION_LAYER_ASSIGNMENT (  '', '', ( #462 ) ) ;
#500 = CARTESIAN_POINT ( 'NONE',  ( 6.494551880307414038, 3.382101452282697540, 1.751106170915574189 ) ) ;
#501 = FILL_AREA_STYLE_COLOUR ( '', #289 ) ;
#502 = CARTESIAN_POINT ( 'NONE',  ( -8.673617379884035472E-16, 3.399999999999999911, 0.000000000000000000 ) ) ;
#503 = DIRECTION ( 'NONE',  ( 0.000000000000000000, -0.000000000000000000, 1.000000000000000000 ) ) ;
#504 = FACE_OUTER_BOUND ( 'NONE', #196, .T. ) ;
#505 = CARTESIAN_POINT ( 'NONE',  ( 3.389165705160462672, 2.964569760658845254, 6.499999999999998224 ) ) ;
#506 = SHAPE_DEFINITION_REPRESENTATION ( #68, #463 ) ;
#507 =( LENGTH_UNIT ( ) NAMED_UNIT ( * ) SI_UNIT ( .MILLI., .METRE. ) );
#508 = CARTESIAN_POINT ( 'NONE',  ( -5.629165124598851655, -3.399999999999999911, -3.250000000000000000 ) ) ;
#509 = CARTESIAN_POINT ( 'NONE',  ( 0.000000000000000000, -3.399999999999999911, -4.000000000000000000 ) ) ;
#510 = CARTESIAN_POINT ( 'NONE',  ( 3.752776749732567474, 2.394446500534867628, 6.499999999999998224 ) ) ;
#511 = CARTESIAN_POINT ( 'NONE',  ( -3.933730101418719816, -2.963384091789761587, -6.186579601079706947 ) ) ;
#512 = ORIENTED_EDGE ( 'NONE', *, *, #696, .F. ) ;
#513 = VECTOR ( 'NONE', #126, 1000.000000000000000 ) ;
#514 = AXIS2_PLACEMENT_3D ( 'NONE', #876, #785, #328 ) ;
#515 = CARTESIAN_POINT ( 'NONE',  ( 2.917841774323749693, 3.189176520116844937, 6.500000000000000000 ) ) ;
#516 = DIRECTION ( 'NONE',  ( -1.224646799147353454E-16, 1.000000000000000000, -0.000000000000000000 ) ) ;
#517 = CARTESIAN_POINT ( 'NONE',  ( -5.629165124598851655, -3.399999999999999911, -3.250000000000000000 ) ) ;
#518 = CARTESIAN_POINT ( 'NONE',  ( 7.089815073129583922, 3.188080631620868299, 0.7200800770719095745 ) ) ;
#519 = CARTESIAN_POINT ( 'NONE',  ( 5.282638566576782324, 3.401111599110816730, 3.850201604666190658 ) ) ;
#520 = FILL_AREA_STYLE_COLOUR ( '', #142 ) ;
#521 = EDGE_LOOP ( 'NONE', ( #1146, #754, #512, #27, #889, #725, #1009 ) ) ;
#522 = CIRCLE ( 'NONE', #372, 3.375000000000000000 ) ;
#523 = AXIS2_PLACEMENT_3D ( 'NONE', #641, #997, #915 ) ;
#524 = FACE_OUTER_BOUND ( 'NONE', #865, .T. ) ;
#525 = EDGE_CURVE ( 'NONE', #1079, #800, #1048, .T. ) ;
#526 = CARTESIAN_POINT ( 'NONE',  ( -1.380532404016812320, -3.392215499477391205, 6.499999999999998224 ) ) ;
#527 = ORIENTED_EDGE ( 'NONE', *, *, #1160, .F. ) ;
#528 = CARTESIAN_POINT ( 'NONE',  ( -7.253010168992037876, 3.054348363496429020, 0.4374178794920592916 ) ) ;
#529 = B_SPLINE_CURVE_WITH_KNOTS ( 'NONE', 3,
 ( #886, #168, #65, #247, #981, #804, #797, #1163, #164, #528, #620, #890, #175, #534, #252, #358 ),
 .UNSPECIFIED., .F., .F.,
 ( 4, 2, 2, 2, 2, 2, 2, 4 ),
 ( 0.004187114869587811941, 0.005235393644172758182, 0.006283672418757705290, 0.006807811806050178410, 0.007331951193342652398, 0.007856090580635126386, 0.008118160274281360778, 0.008380229967927596904 ),
 .UNSPECIFIED. ) ;
#530 = CARTESIAN_POINT ( 'NONE',  ( 7.453276026206171245, -2.722877040828555639, 0.09054723977585472927 ) ) ;
#531 = AXIS2_PLACEMENT_3D ( 'NONE', #1052, #871, #130 ) ;
#532 = CARTESIAN_POINT ( 'NONE',  ( 0.000000000000000000, 2.774999999999999467, 0.000000000000000000 ) ) ;
#533 = ORIENTED_EDGE ( 'NONE', *, *, #367, .T. ) ;
#534 = CARTESIAN_POINT ( 'NONE',  ( -7.493633295173305342, 2.568494647208678483, 0.02064639947004761819 ) ) ;
#535 = EDGE_CURVE ( 'NONE', #86, #1104, #351, .T. ) ;
#536 = CARTESIAN_POINT ( 'NONE',  ( -2.408607533750849683, 3.306186759343067827, -6.500000000000001776 ) ) ;
#537 = CARTESIAN_POINT ( 'NONE',  ( -8.673617379884035472E-16, 2.394446500534867184, 0.000000000000000000 ) ) ;
#538 = VERTEX_POINT ( 'NONE', #714 ) ;
#539 = SURFACE_SIDE_STYLE ('',( #706 ) ) ;
#540 = CARTESIAN_POINT ( 'NONE',  ( 4.047690006989473233, -3.089375691583498007, 5.989195254605411911 ) ) ;
#541 = DIRECTION ( 'NONE',  ( -1.000000000000000000, 1.224646799147353454E-16, 0.000000000000000000 ) ) ;
#542 =( GEOMETRIC_REPRESENTATION_CONTEXT ( 3 ) GLOBAL_UNCERTAINTY_ASSIGNED_CONTEXT ( ( #921 ) ) GLOBAL_UNIT_ASSIGNED_CONTEXT ( ( #960, #339, #704 ) ) REPRESENTATION_CONTEXT ( 'NONE', 'WORKASPACE' ) );
#543 = ORIENTED_EDGE ( 'NONE', *, *, #525, .T. ) ;
#544 = CARTESIAN_POINT ( 'NONE',  ( -8.673617379884035472E-16, -2.394446500534867184, 0.000000000000000000 ) ) ;
#545 = FACE_OUTER_BOUND ( 'NONE', #1063, .T. ) ;
#546 = ORIENTED_EDGE ( 'NONE', *, *, #127, .T. ) ;
#547 = CARTESIAN_POINT ( 'NONE',  ( -5.975179253413052116, -3.401105081892171089, 2.650685948757117938 ) ) ;
#548 = CARTESIAN_POINT ( 'NONE',  ( 0.000000000000000000, -2.774999999999998135, 3.375000000000000000 ) ) ;
#549 = CARTESIAN_POINT ( 'NONE',  ( 7.253010168992035211, -3.054348363496429464, 0.4374178794920709490 ) ) ;
#550 = DIRECTION ( 'NONE',  ( -1.000000000000000000, -1.224646799147353454E-16, 0.000000000000000000 ) ) ;
#551 = AXIS2_PLACEMENT_3D ( 'NONE', #173, #274, #796 ) ;
#552 = ORIENTED_EDGE ( 'NONE', *, *, #437, .T. ) ;
#553 = AXIS2_PLACEMENT_3D ( 'NONE', #687, #420, #238 ) ;
#554 = CARTESIAN_POINT ( 'NONE',  ( -6.500000000000000888, 2.394446500534866296, 0.000000000000000000 ) ) ;
#555 = CYLINDRICAL_SURFACE ( 'NONE', #1129, 3.375000000000000000 ) ;
#556 = UNCERTAINTY_MEASURE_WITH_UNIT (LENGTH_MEASURE( 1.000000000000000082E-05 ), #955, 'distance_accuracy_value', 'NONE');
#557 = CARTESIAN_POINT ( 'NONE',  ( 7.005402157094922977, -3.234676348481877017, -0.8662875364589881499 ) ) ;
#558 = CARTESIAN_POINT ( 'NONE',  ( 3.244303315760566964, 3.050167963062895726, -6.499999999999999112 ) ) ;
#559 = ORIENTED_EDGE ( 'NONE', *, *, #755, .F. ) ;
#560 = CARTESIAN_POINT ( 'NONE',  ( 3.752776749732524397, -2.482438684504777893, -6.500000000000069278 ) ) ;
#561 = CARTESIAN_POINT ( 'NONE',  ( 4.506765980199114452, 3.329169717146176044, -5.194052344472178895 ) ) ;
#562 = CARTESIAN_POINT ( 'NONE',  ( -4.504305709783916534, 3.328558606151221344, -5.198313657831665324 ) ) ;
#563 = AXIS2_PLACEMENT_3D ( 'NONE', #537, #810, #550 ) ;
#564 = CARTESIAN_POINT ( 'NONE',  ( 3.752776749733143458, -2.481668298678653350, 6.499999999999994671 ) ) ;
#565 = VERTEX_POINT ( 'NONE', #723 ) ;
#566 = CARTESIAN_POINT ( 'NONE',  ( -3.166401045413475668, 3.087788285787958831, 6.500000000000000000 ) ) ;
#567 = CARTESIAN_POINT ( 'NONE',  ( 5.283150995784647641, 3.401105081892172421, -3.849314051242885171 ) ) ;
#568 = CARTESIAN_POINT ( 'NONE',  ( -1.162044386198238344E-16, -3.400000000000000799, 6.500000000000000000 ) ) ;
#569 = CARTESIAN_POINT ( 'NONE',  ( -2.925707215905136938, -3.186571325193803261, -6.500000000000000888 ) ) ;
#570 = ORIENTED_EDGE ( 'NONE', *, *, #1062, .F. ) ;
#571 = VECTOR ( 'NONE', #974, 999.9999999999998863 ) ;
#572 = CARTESIAN_POINT ( 'NONE',  ( 7.505553499465133171, 2.394446500534868072, -6.505213034913026604E-15 ) ) ;
#573 = CARTESIAN_POINT ( 'NONE',  ( 4.008586736036438225, 3.051816669457922515, -6.056924106638198246 ) ) ;
#574 = B_SPLINE_CURVE_WITH_KNOTS ( 'NONE', 3,
 ( #1012, #578, #20, #287, #209, #31, #392, #35, #569, #202, #659, #931, #585, #937, #665, #496 ),
 .UNSPECIFIED., .F., .F.,
 ( 4, 2, 2, 2, 2, 2, 2, 4 ),
 ( 0.004236551121198758353, 0.005284980988162083296, 0.006333410855125407371, 0.006857625788607067674, 0.007381840722088727977, 0.007906055655570388280, 0.008168163122311219299, 0.008430270589052048583 ),
 .UNSPECIFIED. ) ;
#575 = AXIS2_PLACEMENT_3D ( 'NONE', #1167, #371, #465 ) ;
#576 = B_SPLINE_CURVE_WITH_KNOTS ( 'NONE', 3,
 ( #814, #893, #364, #75, #726, #801, #1070, #1082, #1090, #172, #1153, #536, #343, #93, #254, #264, #899, #81, #643, #1000, #453, #809 ),
 .UNSPECIFIED., .F., .F.,
 ( 4, 2, 2, 2, 2, 2, 2, 2, 2, 2, 4 ),
 ( 0.01249783572355501506, 0.01276047507224356906, 0.01302311442093212132, 0.01328575376962067532, 0.01354839311830922932, 0.01407367181568633559, 0.01459895051306344185, 0.01564950790781765438, 0.01617478660519476238, 0.01643742595388331465, 0.01670006530257186692 ),
 .UNSPECIFIED. ) ;
#577 = CARTESIAN_POINT ( 'NONE',  ( 6.494551880307411373, -3.382101452282697984, -1.751106170915577964 ) ) ;
#578 = CARTESIAN_POINT ( 'NONE',  ( -0.3457538299445963026, -3.400000000000001688, -6.500000000000002665 ) ) ;
#579 = ORIENTED_EDGE ( 'NONE', *, *, #424, .T. ) ;
#580 = CARTESIAN_POINT ( 'NONE',  ( -7.505553499465134948, 2.394446500534866296, 0.000000000000000000 ) ) ;
#581 = SURFACE_STYLE_FILL_AREA ( #394 ) ;
#582 = CARTESIAN_POINT ( 'NONE',  ( -5.629165124598852543, 3.399999999999999911, -3.250000000000000888 ) ) ;
#583 = PRODUCT_DEFINITION ( 'UNKNOWN', '', #902, #100 ) ;
#584 = CARTESIAN_POINT ( 'NONE',  ( -4.936156725306606319, 3.392091709972221203, -4.450325757646147906 ) ) ;
#585 = CARTESIAN_POINT ( 'NONE',  ( -3.648134549107071134, -2.723062206444695654, -6.500000000000002665 ) ) ;
#586 = AXIS2_PLACEMENT_3D ( 'NONE', #179, #819, #541 ) ;
#587 = CARTESIAN_POINT ( 'NONE',  ( 7.505553499465176692, 2.482438684504779225, 6.081188341517523854E-14 ) ) ;
#588 = LINE ( 'NONE', #867, #933 ) ;
#589 = ORIENTED_EDGE ( 'NONE', *, *, #295, .F. ) ;
#590 = CARTESIAN_POINT ( 'NONE',  ( -8.673617379884035472E-16, -2.394446500534867184, 0.000000000000000000 ) ) ;
#591 = CARTESIAN_POINT ( 'NONE',  ( -5.283150995784650306, -3.401105081892170201, -3.849314051242881174 ) ) ;
#592 = TOROIDAL_SURFACE ( 'NONE', #51, 6.500000000000000000, 1.005553499465133838 ) ;
#593 = DIRECTION ( 'NONE',  ( -0.5000000000000002220, 0.000000000000000000, 0.8660254037844385966 ) ) ;
#594 = CARTESIAN_POINT ( 'NONE',  ( -7.249743513161263309, 3.051816669457918962, -0.4430758933618058060 ) ) ;
#595 = DIRECTION ( 'NONE',  ( -1.000000000000000000, -1.334402673828313093E-16, -1.776356839400250465E-15 ) ) ;
#596 = CARTESIAN_POINT ( 'NONE',  ( -7.505553499465134948, -2.394446500534866296, 0.000000000000000000 ) ) ;
#597 = DIRECTION ( 'NONE',  ( 0.5000000000000001110, 0.000000000000000000, -0.8660254037844385966 ) ) ;
#598 = DIRECTION ( 'NONE',  ( 1.000000000000000000, -1.334402673828313093E-16, 0.000000000000000000 ) ) ;
#599 = SURFACE_STYLE_USAGE ( .BOTH. , #60 ) ;
#600 = EDGE_CURVE ( 'NONE', #491, #619, #953, .T. ) ;
#601 = TOROIDAL_SURFACE ( 'NONE', #1033, 6.500000000000000000, 1.005553499465133838 ) ;
#602 = CARTESIAN_POINT ( 'NONE',  ( -3.764817632297955630, -2.569341170384327633, -6.479144579628776768 ) ) ;
#603 = PLANE ( 'NONE',  #133 ) ;
#604 = FACE_OUTER_BOUND ( 'NONE', #230, .T. ) ;
#605 = DIRECTION ( 'NONE',  ( 0.000000000000000000, 0.000000000000000000, 1.000000000000000000 ) ) ;
#606 = CARTESIAN_POINT ( 'NONE',  ( 3.238245071252336960, 3.053352040497501196, 6.499999999999999112 ) ) ;
#607 = CARTESIAN_POINT ( 'NONE',  ( 0.000000000000000000, 2.774999999999999467, 3.375000000000000000 ) ) ;
#608 = CARTESIAN_POINT ( 'NONE',  ( -4.763778368890290160, -3.382101452282697096, -4.748893829084427587 ) ) ;
#609 = CARTESIAN_POINT ( 'NONE',  ( -7.425158516921092300, -2.791428730955255677, -0.1392481944398989979 ) ) ;
#610 = MECHANICAL_DESIGN_GEOMETRIC_PRESENTATION_REPRESENTATION (  '', ( #462 ), #257 ) ;
#611 = CARTESIAN_POINT ( 'NONE',  ( 3.728332590197772411, 2.570355847153260598, 6.499999999999995559 ) ) ;
#612 = DIRECTION ( 'NONE',  ( -1.000000000000000000, 1.224646799147353454E-16, 0.000000000000000000 ) ) ;
#613 = ORIENTED_EDGE ( 'NONE', *, *, #1111, .F. ) ;
#614 = B_SPLINE_CURVE_WITH_KNOTS ( 'NONE', 3,
 ( #844, #756, #313, #682, #950, #387, #129, #767, #669, #204, #481, #750, #945, #1109, #587, #572 ),
 .UNSPECIFIED., .F., .F.,
 ( 4, 2, 2, 2, 2, 2, 2, 4 ),
 ( 0.004187114869587787655, 0.005235393644172726957, 0.006283672418757667126, 0.006807811806050136777, 0.007331951193342605561, 0.007856090580635076079, 0.008118160274281310471, 0.008380229967927544862 ),
 .UNSPECIFIED. ) ;
#615 = EDGE_CURVE ( 'NONE', #267, #1108, #1164, .T. ) ;
#616 = DIRECTION ( 'NONE',  ( 1.224646799147353454E-16, 1.000000000000000000, -0.000000000000000000 ) ) ;
#617 = CARTESIAN_POINT ( 'NONE',  ( -8.673617379884035472E-16, 3.399999999999999911, 0.000000000000000000 ) ) ;
#618 = DIRECTION ( 'NONE',  ( -1.224646799147353454E-16, -1.000000000000000000, 0.000000000000000000 ) ) ;
#619 = VERTEX_POINT ( 'NONE', #192 ) ;
#620 = CARTESIAN_POINT ( 'NONE',  ( -7.330462625983455105, 2.968950109958564898, 0.3032662888118764499 ) ) ;
#621 = CIRCLE ( 'NONE', #1067, 6.500000000000000000 ) ;
#622 = ORIENTED_EDGE ( 'NONE', *, *, #424, .F. ) ;
#623 = CARTESIAN_POINT ( 'NONE',  ( 5.802425705950982504, -3.400000000000001243, 2.949903870149191754 ) ) ;
#624 = DIRECTION ( 'NONE',  ( -1.000000000000000000, -1.334402673828313093E-16, 0.000000000000000000 ) ) ;
#625 = ORIENTED_EDGE ( 'NONE', *, *, #969, .T. ) ;
#626 = CARTESIAN_POINT ( 'NONE',  ( 7.505553499465137612, 3.399999999999999911, -1.910563208468954933E-15 ) ) ;
#627 = CARTESIAN_POINT ( 'NONE',  ( 4.898587196589412829E-16, -3.399999999999999911, 4.000000000000000000 ) ) ;
#628 = DIRECTION ( 'NONE',  ( 0.000000000000000000, -0.000000000000000000, 1.000000000000000000 ) ) ;
#629 = CIRCLE ( 'NONE', #891, 6.500000000000000000 ) ;
#630 = ORIENTED_EDGE ( 'NONE', *, *, #367, .F. ) ;
#631 = CARTESIAN_POINT ( 'NONE',  ( 6.754024539413786776, -3.328558606151221788, 1.301686342168337784 ) ) ;
#632 = AXIS2_PLACEMENT_3D ( 'NONE', #320, #1031, #494 ) ;
#633 = CARTESIAN_POINT ( 'NONE',  ( -3.244088964451587564, -3.056212885762083165, 6.500000000000000000 ) ) ;
#634 = B_SPLINE_CURVE_WITH_KNOTS ( 'NONE', 3,
 ( #1008, #1, #1083, #1091, #711, #1001, #633, #454, #907, #900, #442, #447, #526, #1071, #888, #182 ),
 .UNSPECIFIED., .F., .F.,
 ( 4, 2, 2, 2, 2, 2, 2, 4 ),
 ( 5.016765084410760108E-05, 0.0003118166177412741197, 0.0005734655846384406315, 0.001096763518432773655, 0.001620061452227106787, 0.002143359386021439703, 0.003189955253610105099, 0.004236551121198769629 ),
 .UNSPECIFIED. ) ;
#635 = FACE_OUTER_BOUND ( 'NONE', #428, .T. ) ;
#636 = ORIENTED_EDGE ( 'NONE', *, *, #445, .T. ) ;
#637 = DIRECTION ( 'NONE',  ( -1.000000000000000000, 1.224646799147353454E-16, 0.000000000000000000 ) ) ;
#638 = DIRECTION ( 'NONE',  ( -1.000000000000000000, 1.224646799147353454E-16, 0.000000000000000000 ) ) ;
#639 = ORIENTED_EDGE ( 'NONE', *, *, #688, .T. ) ;
#640 = CARTESIAN_POINT ( 'NONE',  ( -6.494551880307410485, -3.382101452282696208, 1.751106170915568638 ) ) ;
#641 = CARTESIAN_POINT ( 'NONE',  ( 0.000000000000000000, 3.399999999999999911, 0.000000000000000000 ) ) ;
#642 = AXIS2_PLACEMENT_3D ( 'NONE', #466, #8, #1159 ) ;
#643 = CARTESIAN_POINT ( 'NONE',  ( -0.3452148301979161560, 3.399969180925957790, -6.500000000000000888 ) ) ;
#644 = CARTESIAN_POINT ( 'NONE',  ( 0.000000000000000000, 2.774999999999999467, 3.375000000000000000 ) ) ;
#645 = ORIENTED_EDGE ( 'NONE', *, *, #331, .F. ) ;
#646 = CARTESIAN_POINT ( 'NONE',  ( -7.324600147778983050, -2.963384091789758923, 0.3134203989202877239 ) ) ;
#647 = EDGE_CURVE ( 'NONE', #267, #183, #144, .T. ) ;
#648 = CARTESIAN_POINT ( 'NONE',  ( 5.629165124598848990, -3.400000000000001688, -3.250000000000003553 ) ) ;
#649 = DIRECTION ( 'NONE',  ( -1.000000000000000000, -1.224646799147353454E-16, 0.000000000000000000 ) ) ;
#650 = FACE_OUTER_BOUND ( 'NONE', #1075, .T. ) ;
#651 = EDGE_LOOP ( 'NONE', ( #843, #639 ) ) ;
#652 = MECHANICAL_DESIGN_GEOMETRIC_PRESENTATION_REPRESENTATION (  '', ( #337 ), #362 ) ;
#653 = DIRECTION ( 'NONE',  ( -1.000000000000000000, 0.000000000000000000, 0.000000000000000000 ) ) ;
#654 = CARTESIAN_POINT ( 'NONE',  ( -4.418516999869122053, -3.304094536839379259, 5.346904062119863354 ) ) ;
#655 = CARTESIAN_POINT ( 'NONE',  ( 1.725601795238490777, -3.382475372299223348, -6.499999999999999112 ) ) ;
#656 = CARTESIAN_POINT ( 'NONE',  ( 2.925371911176674722, 3.186761268583850004, -6.500000000000000888 ) ) ;
#657 = ORIENTED_EDGE ( 'NONE', *, *, #407, .F. ) ;
#658 = CARTESIAN_POINT ( 'NONE',  ( 5.456160612088974737, 3.400000000000002576, -3.549652605605792210 ) ) ;
#659 = CARTESIAN_POINT ( 'NONE',  ( -3.401960853733344781, -2.969581033446365481, -6.500000000000001776 ) ) ;
#660 = ORIENTED_EDGE ( 'NONE', *, *, #236, .F. ) ;
#661 = CARTESIAN_POINT ( 'NONE',  ( -8.673617379884035472E-16, 3.399999999999999911, 0.000000000000000000 ) ) ;
#662 = CARTESIAN_POINT ( 'NONE',  ( -4.166321424814872998, -3.186691960244336208, 5.783719611557877727 ) ) ;
#663 = DIRECTION ( 'NONE',  ( 0.000000000000000000, 1.000000000000000000, 0.000000000000000000 ) ) ;
#664 = EDGE_CURVE ( 'NONE', #919, #914, #199, .T. ) ;
#665 = CARTESIAN_POINT ( 'NONE',  ( -3.752776749733144790, -2.481668298678654239, -6.500000000000003553 ) ) ;
#666 = EDGE_CURVE ( 'NONE', #919, #1079, #63, .T. ) ;
#667 = ORIENTED_EDGE ( 'NONE', *, *, #1118, .T. ) ;
#668 = AXIS2_PLACEMENT_3D ( 'NONE', #694, #690, #699 ) ;
#669 = CARTESIAN_POINT ( 'NONE',  ( 7.092008824382823207, 3.186691960244337096, -0.7162803884421341527 ) ) ;
#670 = CARTESIAN_POINT ( 'NONE',  ( -4.506765980199111787, 3.329169717146176932, 5.194052344472177118 ) ) ;
#671 = CIRCLE ( 'NONE', #1077, 1.005553499465133394 ) ;
#672 = CARTESIAN_POINT ( 'NONE',  ( 7.452794536859870256, -2.724328297655626674, -0.09138120378695141488 ) ) ;
#673 = CARTESIAN_POINT ( 'NONE',  ( 3.752776749732567474, 2.394446500534867628, 6.499999999999998224 ) ) ;
#674 = B_SPLINE_CURVE_WITH_KNOTS ( 'NONE', 3,
 ( #50, #157, #322, #864, #964, #421, #44, #689, #150, #518, #880, #1035, #218, #500, #872, #55, #361, #263 ),
 .UNSPECIFIED., .F., .F.,
 ( 4, 2, 2, 2, 2, 2, 2, 2, 4 ),
 ( 1.969461640011484524E-07, 0.0002618793163779880077, 0.0005235616865919748677, 0.0007852440568059616734, 0.001046926427019948588, 0.001570291167447922199, 0.002093655907875896244, 0.003140385388731845202, 0.004187114869587794594 ),
 .UNSPECIFIED. ) ;
#675 = CARTESIAN_POINT ( 'NONE',  ( -3.752776749732563921, 3.399999999999999911, 6.499999999999999112 ) ) ;
#676 = CARTESIAN_POINT ( 'NONE',  ( -7.505553499465134948, -2.394446500534866296, 0.000000000000000000 ) ) ;
#677 = CARTESIAN_POINT ( 'NONE',  ( 3.592196390804328843, 2.791274255724546460, -6.499999999999999112 ) ) ;
#678 = AXIS2_PLACEMENT_3D ( 'NONE', #532, #1078, #992 ) ;
#679 = CARTESIAN_POINT ( 'NONE',  ( -4.008586736036440890, -3.051816669457921183, -6.056924106638193805 ) ) ;
#680 = CARTESIAN_POINT ( 'NONE',  ( 3.752776749732568806, 3.399999999999999911, 6.499999999999998224 ) ) ;
#681 = CARTESIAN_POINT ( 'NONE',  ( 3.764696954024401521, 2.568494647208681592, 6.479353600529942803 ) ) ;
#682 = CARTESIAN_POINT ( 'NONE',  ( 6.322173523891093438, 3.392091709972222979, -2.049674242353858755 ) ) ;
#683 = CARTESIAN_POINT ( 'NONE',  ( -7.253010168992035211, -3.054348363496427687, -0.4374178794920669522 ) ) ;
#684 = CARTESIAN_POINT ( 'NONE',  ( -6.321146865128499215, 3.392138205761038972, -2.051452467492711040 ) ) ;
#685 = CARTESIAN_POINT ( 'NONE',  ( 0.000000000000000000, 0.000000000000000000, 0.000000000000000000 ) ) ;
#686 = DIRECTION ( 'NONE',  ( 0.000000000000000000, 0.000000000000000000, 1.000000000000000000 ) ) ;
#687 = CARTESIAN_POINT ( 'NONE',  ( 0.000000000000000000, -3.399999999999999911, 0.000000000000000000 ) ) ;
#688 = EDGE_CURVE ( 'NONE', #1162, #345, #744, .T. ) ;
#689 = CARTESIAN_POINT ( 'NONE',  ( 7.249743513161265085, 3.051816669457921627, 0.4430758933618089701 ) ) ;
#690 = DIRECTION ( 'NONE',  ( -0.000000000000000000, -1.000000000000000000, -0.000000000000000000 ) ) ;
#691 = CARTESIAN_POINT ( 'NONE',  ( -5.629165124598851655, -3.399999999999999911, -3.250000000000000000 ) ) ;
#692 = ORIENTED_EDGE ( 'NONE', *, *, #696, .T. ) ;
#693 = ORIENTED_EDGE ( 'NONE', *, *, #727, .T. ) ;
#694 = CARTESIAN_POINT ( 'NONE',  ( 0.000000000000000000, 3.399999999999999911, 0.000000000000000000 ) ) ;
#695 = DIRECTION ( 'NONE',  ( 0.000000000000000000, 0.000000000000000000, 1.000000000000000000 ) ) ;
#696 = EDGE_CURVE ( 'NONE', #429, #800, #1113, .T. ) ;
#697 = VECTOR ( 'NONE', #468, 1000.000000000000000 ) ;
#698 = CIRCLE ( 'NONE', #894, 6.500000000000000000 ) ;
#699 = DIRECTION ( 'NONE',  ( 0.000000000000000000, 0.000000000000000000, 1.000000000000000000 ) ) ;
#700 = VERTEX_POINT ( 'NONE', #1142 ) ;
#701 = CARTESIAN_POINT ( 'NONE',  ( 3.752776749732566142, 2.483023390264761154, -6.500000000000000000 ) ) ;
#702 = CARTESIAN_POINT ( 'NONE',  ( -8.673617379884035472E-16, -3.399999999999999911, 0.000000000000000000 ) ) ;
#703 = PLANE ( 'NONE',  #642 ) ;
#704 =( NAMED_UNIT ( * ) SI_UNIT ( $, .STERADIAN. ) SOLID_ANGLE_UNIT ( ) );
#705 = ORIENTED_EDGE ( 'NONE', *, *, #969, .F. ) ;
#706 = SURFACE_STYLE_FILL_AREA ( #722 ) ;
#707 = CARTESIAN_POINT ( 'NONE',  ( 3.805535712337829057, 2.724328297655624453, -6.408618796213055191 ) ) ;
#708 = CIRCLE ( 'NONE', #472, 6.500000000000000000 ) ;
#709 = ORIENTED_EDGE ( 'NONE', *, *, #1111, .T. ) ;
#710 = CARTESIAN_POINT ( 'NONE',  ( 7.493633295173300901, -2.568494647208682036, 0.02064639947005800225 ) ) ;
#711 = CARTESIAN_POINT ( 'NONE',  ( -3.591250585711991405, -2.792392445149268099, 6.500000000000000000 ) ) ;
#712 = EDGE_CURVE ( 'NONE', #57, #914, #241, .T. ) ;
#713 = ORIENTED_EDGE ( 'NONE', *, *, #615, .F. ) ;
#714 = CARTESIAN_POINT ( 'NONE',  ( -3.752776749732563921, 2.394446500534865852, 6.499999999999999112 ) ) ;
#715 = CARTESIAN_POINT ( 'NONE',  ( 3.933730101418715375, 2.963384091789760699, -6.186579601079706947 ) ) ;
#716 = ORIENTED_EDGE ( 'NONE', *, *, #600, .T. ) ;
#717 = CARTESIAN_POINT ( 'NONE',  ( -8.673617379884035472E-16, -2.394446500534867184, 0.000000000000000000 ) ) ;
#718 = AXIS2_PLACEMENT_3D ( 'NONE', #675, #724, #451 ) ;
#719 = TOROIDAL_SURFACE ( 'NONE', #575, 6.500000000000000000, 1.005553499465133838 ) ;
#720 = DIRECTION ( 'NONE',  ( 1.224646799147353454E-16, 1.000000000000000000, -0.000000000000000000 ) ) ;
#721 = ORIENTED_EDGE ( 'NONE', *, *, #487, .F. ) ;
#722 = FILL_AREA_STYLE ('',( #988 ) ) ;
#723 = CARTESIAN_POINT ( 'NONE',  ( -3.752776749732575023, -2.394446500534866740, -6.499999999999995559 ) ) ;
#724 = DIRECTION ( 'NONE',  ( -1.155626614413199824E-16, 0.000000000000000000, -1.000000000000000000 ) ) ;
#725 = ORIENTED_EDGE ( 'NONE', *, *, #137, .F. ) ;
#726 = CARTESIAN_POINT ( 'NONE',  ( -3.589385959029141482, 2.794427995438812484, -6.500000000000000888 ) ) ;
#727 = EDGE_CURVE ( 'NONE', #57, #919, #310, .T. ) ;
#728 = DIRECTION ( 'NONE',  ( -1.224646799147353454E-16, 1.000000000000000000, -0.000000000000000000 ) ) ;
#729 = ORIENTED_EDGE ( 'NONE', *, *, #1051, .T. ) ;
#730 = CARTESIAN_POINT ( 'NONE',  ( 4.763778368890287496, -3.382101452282697984, 4.748893829084429363 ) ) ;
#731 = CARTESIAN_POINT ( 'NONE',  ( 4.249774199523986162, -3.233063899575066902, -5.639175165729103156 ) ) ;
#732 = CARTESIAN_POINT ( 'NONE',  ( -4.763778368890283055, 3.382101452282697096, 4.748893829084429363 ) ) ;
#733 = AXIS2_PLACEMENT_3D ( 'NONE', #1098, #283, #197 ) ;
#734 = CARTESIAN_POINT ( 'NONE',  ( 6.495484246403474771, -3.382114763761647325, 1.749491265465945133 ) ) ;
#735 = B_SPLINE_CURVE_WITH_KNOTS ( 'NONE', 3,
 ( #946, #1046, #602, #1123, #409, #768, #511, #679, #427, #54, #781, #1037, #220, #608, #1137, #591, #325, #691 ),
 .UNSPECIFIED., .F., .F.,
 ( 4, 2, 2, 2, 2, 2, 2, 2, 4 ),
 ( 1.969461640011557581E-07, 0.0002618793163779891461, 0.0005235616865919771445, 0.0007852440568059651429, 0.001046926427019953141, 0.001570291167447927837, 0.002093655907875903183, 0.003140385388731854743, 0.004187114869587806737 ),
 .UNSPECIFIED. ) ;
#736 = CARTESIAN_POINT ( 'NONE',  ( 3.752776749732567474, 2.394446500534867628, 6.499999999999998224 ) ) ;
#737 = VERTEX_POINT ( 'NONE', #1065 ) ;
#738 = CARTESIAN_POINT ( 'NONE',  ( -7.505553499465136724, -2.483023390264759378, -4.392924622697615133E-15 ) ) ;
#739 = CARTESIAN_POINT ( 'NONE',  ( 5.629165124598848990, -3.400000000000001688, -3.250000000000003553 ) ) ;
#740 = CARTESIAN_POINT ( 'NONE',  ( -4.504305709783908540, -3.328558606151221788, 5.198313657831668877 ) ) ;
#741 = PRODUCT_RELATED_PRODUCT_CATEGORY ( 'part', '', ( #248 ) ) ;
#742 = CARTESIAN_POINT ( 'NONE',  ( -4.762846002794228539, 3.382114763761646881, -4.750508734534060196 ) ) ;
#743 = PLANE ( 'NONE',  #790 ) ;
#744 = CIRCLE ( 'NONE', #668, 4.000000000000001776 ) ;
#745 = ORIENTED_EDGE ( 'NONE', *, *, #154, .T. ) ;
#746 = CARTESIAN_POINT ( 'NONE',  ( 4.047690006989467015, 3.089375691583496675, -5.989195254605413687 ) ) ;
#747 = CARTESIAN_POINT ( 'NONE',  ( 5.975179253413053004, -3.401105081892172421, -2.650685948757123711 ) ) ;
#748 = CARTESIAN_POINT ( 'NONE',  ( -8.673617379884037444E-16, 3.400000000000000799, -6.500000000000000000 ) ) ;
#749 = ORIENTED_EDGE ( 'NONE', *, *, #535, .F. ) ;
#750 = CARTESIAN_POINT ( 'NONE',  ( 7.425158516921089635, 2.791428730955259230, -0.1392481944399066307 ) ) ;
#751 = CARTESIAN_POINT ( 'NONE',  ( 4.168515176068113171, 3.188080631620866523, -5.779919922928094422 ) ) ;
#752 = DIRECTION ( 'NONE',  ( -1.224646799147353454E-16, 1.000000000000000000, -0.000000000000000000 ) ) ;
#753 = CARTESIAN_POINT ( 'NONE',  ( 1.729570463129830760, -3.382298644643399133, 6.499999999999998224 ) ) ;
#754 = ORIENTED_EDGE ( 'NONE', *, *, #390, .F. ) ;
#755 = EDGE_CURVE ( 'NONE', #838, #429, #634, .T. ) ;
#756 = CARTESIAN_POINT ( 'NONE',  ( 5.802425705950979840, 3.400000000000002132, -2.949903870149194862 ) ) ;
#757 = CARTESIAN_POINT ( 'NONE',  ( -5.629165124598850767, 3.399999999999999911, 3.250000000000001332 ) ) ;
#758 = CARTESIAN_POINT ( 'NONE',  ( -3.752776749732528838, 2.482438684504774784, -6.500000000000071054 ) ) ;
#759 = CARTESIAN_POINT ( 'NONE',  ( -8.673617379884037444E-16, -3.400000000000000799, -6.500000000000000000 ) ) ;
#760 = EDGE_LOOP ( 'NONE', ( #705, #2, #1024, #363, #171, #947, #467 ) ) ;
#761 = AXIS2_PLACEMENT_3D ( 'NONE', #788, #417, #598 ) ;
#762 = DIRECTION ( 'NONE',  ( 1.224646799147353454E-16, -1.000000000000000000, 0.000000000000000000 ) ) ;
#763 = CARTESIAN_POINT ( 'NONE',  ( 0.3451490090329746296, -3.400000000000002132, -6.500000000000002665 ) ) ;
#764 = CARTESIAN_POINT ( 'NONE',  ( 3.752776749732570138, -2.483023390264760266, 6.499999999999995559 ) ) ;
#765 = ADVANCED_FACE ( 'NONE', ( #69 ), #335, .T. ) ;
#766 = CARTESIAN_POINT ( 'NONE',  ( 3.393185815377760317, 2.961798491148204704, -6.500000000000000888 ) ) ;
#767 = CARTESIAN_POINT ( 'NONE',  ( 7.008556049673714483, 3.233063899575067346, -0.8608248342709080569 ) ) ;
#768 = CARTESIAN_POINT ( 'NONE',  ( -3.897624758937817901, -2.911903677182725581, -6.249115888681306963 ) ) ;
#769 = ORIENTED_EDGE ( 'NONE', *, *, #647, .T. ) ;
#770 = B_SPLINE_CURVE_WITH_KNOTS ( 'NONE', 3,
 ( #739, #4, #104, #185, #910, #469, #369, #731, #1087, #270, #826, #834, #277, #1004, #560, #475 ),
 .UNSPECIFIED., .F., .F.,
 ( 4, 2, 2, 2, 2, 2, 2, 4 ),
 ( 0.004187114869587794594, 0.005235393644172739100, 0.006283672418757682739, 0.006807811806050152389, 0.007331951193342622040, 0.007856090580635091691, 0.008118160274281329553, 0.008380229967927563944 ),
 .UNSPECIFIED. ) ;
#771 = VECTOR ( 'NONE', #15, 1000.000000000000000 ) ;
#772 = CARTESIAN_POINT ( 'NONE',  ( 3.752776749732565253, 2.483156419630270673, 6.499999999999998224 ) ) ;
#773 = CARTESIAN_POINT ( 'NONE',  ( -3.465012470472489614, 2.910402587027930643, 6.500000000000000888 ) ) ;
#774 = DIRECTION ( 'NONE',  ( 0.000000000000000000, 1.000000000000000000, 0.000000000000000000 ) ) ;
#775 = DIRECTION ( 'NONE',  ( -1.000000000000000000, -1.334402673828313093E-16, 0.000000000000000000 ) ) ;
#776 = DIRECTION ( 'NONE',  ( -0.000000000000000000, -1.000000000000000000, -0.000000000000000000 ) ) ;
#777 =( NAMED_UNIT ( * ) PLANE_ANGLE_UNIT ( ) SI_UNIT ( $, .RADIAN. ) );
#778 = EDGE_LOOP ( 'NONE', ( #803, #716, #546, #660, #908, #932 ) ) ;
#779 = VECTOR ( 'NONE', #1089, 1000.000000000000000 ) ;
#780 = CARTESIAN_POINT ( 'NONE',  ( 4.005320080205667210, 3.054348363496428576, 6.062582120507931549 ) ) ;
#781 = CARTESIAN_POINT ( 'NONE',  ( -4.252928092102779445, -3.234676348481877017, -5.633712463541018955 ) ) ;
#782 = B_SPLINE_CURVE_WITH_KNOTS ( 'NONE', 3,
 ( #478, #851, #1007, #672, #831, #207, #846, #383, #1094, #291, #557, #188, #930, #577, #280, #747, #194, #377 ),
 .UNSPECIFIED., .F., .F.,
 ( 4, 2, 2, 2, 2, 2, 2, 2, 4 ),
 ( 1.969461640007838047E-07, 0.0002618793163779878450, 0.0005235616865919749761, 0.0007852440568059619987, 0.001046926427019949021, 0.001570291167447923067, 0.002093655907875897546, 0.003140385388731846070, 0.004187114869587794594 ),
 .UNSPECIFIED. ) ;
#783 = FACE_OUTER_BOUND ( 'NONE', #760, .T. ) ;
#784 = ORIENTED_EDGE ( 'NONE', *, *, #615, .T. ) ;
#785 = DIRECTION ( 'NONE',  ( -1.224646799147353454E-16, 1.000000000000000000, -0.000000000000000000 ) ) ;
#786 = CARTESIAN_POINT ( 'NONE',  ( -3.752776749732567918, 3.399999999999999911, -6.500000000000000888 ) ) ;
#787 = ADVANCED_FACE ( 'NONE', ( #545 ), #215, .T. ) ;
#788 = CARTESIAN_POINT ( 'NONE',  ( -8.673617379884035472E-16, -3.399999999999999911, 0.000000000000000000 ) ) ;
#789 = SURFACE_STYLE_FILL_AREA ( #319 ) ;
#790 = AXIS2_PLACEMENT_3D ( 'NONE', #837, #943, #1096 ) ;
#791 = CARTESIAN_POINT ( 'NONE',  ( 0.3452148290993965474, 3.399969180926411205, 6.499999999999998224 ) ) ;
#792 = ORIENTED_EDGE ( 'NONE', *, *, #986, .T. ) ;
#793 = FACE_OUTER_BOUND ( 'NONE', #9, .T. ) ;
#794 = EDGE_LOOP ( 'NONE', ( #163, #16, #95, #892 ) ) ;
#795 = CARTESIAN_POINT ( 'NONE',  ( -7.505553499465134060, 3.399999999999999911, -3.498124885278312929E-15 ) ) ;
#796 = DIRECTION ( 'NONE',  ( -1.000000000000000000, 1.224646799147353454E-16, 0.000000000000000000 ) ) ;
#797 = CARTESIAN_POINT ( 'NONE',  ( -6.839813249328571487, 3.304094536839379259, 1.153095937880132649 ) ) ;
#798 = CARTESIAN_POINT ( 'NONE',  ( 3.764817632297952521, 2.569341170384324524, -6.479144579628776768 ) ) ;
#799 = ADVANCED_FACE ( 'NONE', ( #650 ), #265, .F. ) ;
#800 = VERTEX_POINT ( 'NONE', #167 ) ;
#801 = CARTESIAN_POINT ( 'NONE',  ( -3.461394589380672571, 2.913243053677516237, -6.500000000000002665 ) ) ;
#802 = CARTESIAN_POINT ( 'NONE',  ( -3.752776749732567474, -2.394446500534866740, 6.500000000000000000 ) ) ;
#803 = ORIENTED_EDGE ( 'NONE', *, *, #407, .T. ) ;
#804 = CARTESIAN_POINT ( 'NONE',  ( -6.754024539413789441, 3.328558606151221788, 1.301686342168329347 ) ) ;
#805 = CARTESIAN_POINT ( 'NONE',  ( 4.168515176068117611, -3.188080631620867411, 5.779919922928093534 ) ) ;
#806 = DIRECTION ( 'NONE',  ( 1.000000000000000000, 0.000000000000000000, -0.000000000000000000 ) ) ;
#807 = ADVANCED_FACE ( 'NONE', ( #76 ), #885, .T. ) ;
#808 = EDGE_LOOP ( 'NONE', ( #379, #862, #613 ) ) ;
#809 = CARTESIAN_POINT ( 'NONE',  ( -8.673617379884037444E-16, 3.400000000000000799, -6.500000000000000000 ) ) ;
#810 = DIRECTION ( 'NONE',  ( -1.224646799147353454E-16, 1.000000000000000000, -0.000000000000000000 ) ) ;
#811 = VERTEX_POINT ( 'NONE', #644 ) ;
#812 = CARTESIAN_POINT ( 'NONE',  ( -6.751564268998581753, -3.329169717146175156, 1.305947655527820217 ) ) ;
#813 = VERTEX_POINT ( 'NONE', #895 ) ;
#814 = CARTESIAN_POINT ( 'NONE',  ( -3.752776749732575023, 2.394446500534866740, -6.499999999999995559 ) ) ;
#815 = ADVANCED_FACE ( 'NONE', ( #1151 ), #1088, .T. ) ;
#816 = CIRCLE ( 'NONE', #225, 6.500000000000000000 ) ;
#817 = CARTESIAN_POINT ( 'NONE',  ( -8.673617379884035472E-16, 2.394446500534867184, 0.000000000000000000 ) ) ;
#818 = ORIENTED_EDGE ( 'NONE', *, *, #948, .T. ) ;
#819 = DIRECTION ( 'NONE',  ( -1.224646799147353454E-16, -1.000000000000000000, 0.000000000000000000 ) ) ;
#820 = EDGE_CURVE ( 'NONE', #737, #565, #344, .T. ) ;
#821 = CARTESIAN_POINT ( 'NONE',  ( -5.629165124598850767, -3.399999999999999911, 3.250000000000001332 ) ) ;
#822 = DIRECTION ( 'NONE',  ( 0.000000000000000000, 0.000000000000000000, 1.000000000000000000 ) ) ;
#823 = ADVANCED_FACE ( 'NONE', ( #94, #985 ), #703, .F. ) ;
#824 = DIRECTION ( 'NONE',  ( -0.000000000000000000, -1.000000000000000000, -0.000000000000000000 ) ) ;
#825 = ORIENTED_EDGE ( 'NONE', *, *, #666, .T. ) ;
#826 = CARTESIAN_POINT ( 'NONE',  ( 3.927867623214241988, -2.968950109958564898, -6.196733711188117333 ) ) ;
#827 = B_SPLINE_CURVE_WITH_KNOTS ( 'NONE', 3,
 ( #281, #1107, #1114, #121, #753, #195, #385, #1028, #490, #847, #925, #1121, #108, #479, #564, #25 ),
 .UNSPECIFIED., .F., .F.,
 ( 4, 2, 2, 2, 2, 2, 2, 4 ),
 ( 0.004236551121198769629, 0.005284980988162095439, 0.006333410855125421249, 0.006857625788607083286, 0.007381840722088746191, 0.007906055655570409096, 0.008168163122311240115, 0.008430270589052071134 ),
 .UNSPECIFIED. ) ;
#828 = FILL_AREA_STYLE ('',( #470 ) ) ;
#829 = UNCERTAINTY_MEASURE_WITH_UNIT (LENGTH_MEASURE( 1.000000000000000082E-05 ), #413, 'distance_accuracy_value', 'NONE');
#830 = AXIS2_PLACEMENT_3D ( 'NONE', #661, #762, #1036 ) ;
#831 = CARTESIAN_POINT ( 'NONE',  ( 7.424401831998797441, -2.793187661912571507, -0.1405588111706389531 ) ) ;
#832 = CARTESIAN_POINT ( 'NONE',  ( 3.752776749732861017, 2.481920732396393436, -6.500000000000002665 ) ) ;
#833 = ORIENTED_EDGE ( 'NONE', *, *, #1102, .F. ) ;
#834 = CARTESIAN_POINT ( 'NONE',  ( 3.833171732276607901, -2.791428730955258342, -6.360751805560105332 ) ) ;
#835 = CARTESIAN_POINT ( 'NONE',  ( 0.000000000000000000, -3.399999999999999911, 0.000000000000000000 ) ) ;
#836 = CARTESIAN_POINT ( 'NONE',  ( -4.249774199523985274, 3.233063899575064681, -5.639175165729099604 ) ) ;
#837 = CARTESIAN_POINT ( 'NONE',  ( -7.505553499465134060, 3.399999999999999911, -3.498124885278312929E-15 ) ) ;
#838 = VERTEX_POINT ( 'NONE', #802 ) ;
#839 = CLOSED_SHELL ( 'NONE', ( #799, #161, #216, #1158, #1161, #7, #308, #88, #1030, #958, #85, #423, #815, #807, #268, #329, #336, #47, #787, #397, #1133, #765, #353, #1074, #823, #324, #26, #365 ) ) ;
#840 = CARTESIAN_POINT ( 'NONE',  ( -3.833928417198896987, 2.793187661912572395, 6.359441188829373814 ) ) ;
#841 = CARTESIAN_POINT ( 'NONE',  ( -3.805054222991534285, 2.722877040828551642, -6.409452760224150225 ) ) ;
#842 = CARTESIAN_POINT ( 'NONE',  ( 2.248478900264498925, 3.328721023847515781, -6.500000000000000888 ) ) ;
#843 = ORIENTED_EDGE ( 'NONE', *, *, #1062, .T. ) ;
#844 = CARTESIAN_POINT ( 'NONE',  ( 5.629165124598848990, 3.400000000000001688, -3.250000000000003553 ) ) ;
#845 = CARTESIAN_POINT ( 'NONE',  ( -4.936156725306602766, -3.392091709972222979, 4.450325757646147018 ) ) ;
#846 = CARTESIAN_POINT ( 'NONE',  ( 7.324600147778981274, -2.963384091789760699, -0.3134203989203016572 ) ) ;
#847 = CARTESIAN_POINT ( 'NONE',  ( 3.245308957478747924, -3.055438674223828865, 6.499999999999999112 ) ) ;
#848 = ORIENTED_EDGE ( 'NONE', *, *, #154, .F. ) ;
#849 = SURFACE_STYLE_USAGE ( .BOTH. , #123 ) ;
#850 = DIRECTION ( 'NONE',  ( 1.000000000000000000, -1.334402673828313093E-16, 0.000000000000000000 ) ) ;
#851 = CARTESIAN_POINT ( 'NONE',  ( 7.505553499465133171, -2.483023390264762931, -1.025142800238198343E-14 ) ) ;
#852 = EDGE_CURVE ( 'NONE', #461, #914, #708, .T. ) ;
#853 = EDGE_CURVE ( 'NONE', #619, #429, #492, .T. ) ;
#854 = CARTESIAN_POINT ( 'NONE',  ( 0.000000000000000000, -3.399999999999999911, -4.000000000000000000 ) ) ;
#855 = CARTESIAN_POINT ( 'NONE',  ( -7.493512616899749901, 2.569341170384324968, -0.02085542037122253139 ) ) ;
#856 = COLOUR_RGB ( '',0.7529411764705882248, 0.7529411764705882248, 0.7529411764705882248 ) ;
#857 = DIRECTION ( 'NONE',  ( 1.224646799147353454E-16, -1.000000000000000000, 0.000000000000000000 ) ) ;
#858 = CARTESIAN_POINT ( 'NONE',  ( -6.839813249328573264, -3.304094536839377927, -1.153095937880138644 ) ) ;
#859 = CARTESIAN_POINT ( 'NONE',  ( 3.805054222991534285, 2.722877040828554751, 6.409452760224145784 ) ) ;
#860 = PRESENTATION_STYLE_ASSIGNMENT (( #849 ) ) ;
#861 = CARTESIAN_POINT ( 'NONE',  ( 3.752776749732563033, 2.394446500534867628, -6.500000000000000888 ) ) ;
#862 = ORIENTED_EDGE ( 'NONE', *, *, #1051, .F. ) ;
#863 =( GEOMETRIC_REPRESENTATION_CONTEXT ( 3 ) GLOBAL_UNCERTAINTY_ASSIGNED_CONTEXT ( ( #556 ) ) GLOBAL_UNIT_ASSIGNED_CONTEXT ( ( #955, #878, #1136 ) ) REPRESENTATION_CONTEXT ( 'NONE', 'WORKASPACE' ) );
#864 = CARTESIAN_POINT ( 'NONE',  ( 7.452794536859869368, 2.724328297655626230, 0.09138120378694715440 ) ) ;
#865 = EDGE_LOOP ( 'NONE', ( #879, #692, #261 ) ) ;
#866 = CARTESIAN_POINT ( 'NONE',  ( 2.408607533258779299, 3.306186759424566635, 6.499999999999998224 ) ) ;
#867 = CARTESIAN_POINT ( 'NONE',  ( -3.752776749732563921, 3.399999999999999911, 6.499999999999999112 ) ) ;
#868 = CARTESIAN_POINT ( 'NONE',  ( -6.495484246403475659, -3.382114763761646881, -1.749491265465942469 ) ) ;
#869 = CARTESIAN_POINT ( 'NONE',  ( -6.500000000000000888, -2.394446500534866296, 0.000000000000000000 ) ) ;
#870 = CARTESIAN_POINT ( 'NONE',  ( 1.724883842261654587, 3.382369500365696169, 6.499999999999999112 ) ) ;
#871 = DIRECTION ( 'NONE',  ( -1.224646799147353454E-16, 1.000000000000000000, -0.000000000000000000 ) ) ;
#872 = CARTESIAN_POINT ( 'NONE',  ( 6.321146865128496550, 3.392138205761038972, 2.051452467492711040 ) ) ;
#873 = CIRCLE ( 'NONE', #967, 6.500000000000000000 ) ;
#874 = ORIENTED_EDGE ( 'NONE', *, *, #113, .T. ) ;
#875 = EDGE_CURVE ( 'NONE', #811, #1152, #62, .T. ) ;
#876 = CARTESIAN_POINT ( 'NONE',  ( -8.673617379884035472E-16, 2.394446500534867184, 0.000000000000000000 ) ) ;
#877 = CARTESIAN_POINT ( 'NONE',  ( 0.4315185060806032702, 3.399929493428813121, 6.499999999999999112 ) ) ;
#878 =( NAMED_UNIT ( * ) PLANE_ANGLE_UNIT ( ) SI_UNIT ( $, .RADIAN. ) );
#879 = ORIENTED_EDGE ( 'NONE', *, *, #948, .F. ) ;
#880 = CARTESIAN_POINT ( 'NONE',  ( 7.005402157094923865, 3.234676348481878350, 0.8662875364589849303 ) ) ;
#881 = B_SPLINE_CURVE_WITH_KNOTS ( 'NONE', 3,
 ( #34, #1011, #30, #584, #742, #562, #923, #836, #1016, #111, #396, #483, #841, #1106, #758, #1112 ),
 .UNSPECIFIED., .F., .F.,
 ( 4, 2, 2, 2, 2, 2, 2, 4 ),
 ( 0.004187114869587795461, 0.005235393644172737365, 0.006283672418757680136, 0.006807811806050150655, 0.007331951193342619438, 0.007856090580635089957, 0.008118160274281326083, 0.008380229967927562210 ),
 .UNSPECIFIED. ) ;
#882 = TOROIDAL_SURFACE ( 'NONE', #904, 6.500000000000000000, 1.005553499465133838 ) ;
#883 = CARTESIAN_POINT ( 'NONE',  ( -7.005402157094924753, 3.234676348481876129, -0.8662875364589814886 ) ) ;
#884 = ORIENTED_EDGE ( 'NONE', *, *, #99, .F. ) ;
#885 = TOROIDAL_SURFACE ( 'NONE', #12, 6.500000000000000000, 1.005553499465133838 ) ;
#886 = CARTESIAN_POINT ( 'NONE',  ( -5.629165124598850767, 3.399999999999999911, 3.250000000000001332 ) ) ;
#887 = CARTESIAN_POINT ( 'NONE',  ( 4.133182947122317167E-16, 2.774999999999999467, -3.375000000000000000 ) ) ;
#888 = CARTESIAN_POINT ( 'NONE',  ( -0.3451490090329760174, -3.400000000000000355, 6.499999999999999112 ) ) ;
#889 = ORIENTED_EDGE ( 'NONE', *, *, #113, .F. ) ;
#890 = CARTESIAN_POINT ( 'NONE',  ( -7.425158516921092300, 2.791428730955258786, 0.1392481944398915039 ) ) ;
#891 = AXIS2_PLACEMENT_3D ( 'NONE', #702, #616, #1157 ) ;
#892 = ORIENTED_EDGE ( 'NONE', *, *, #189, .F. ) ;
#893 = CARTESIAN_POINT ( 'NONE',  ( -3.752776749732567474, 2.483156419604607645, -6.500000000000003553 ) ) ;
#894 = AXIS2_PLACEMENT_3D ( 'NONE', #502, #1117, #595 ) ;
#895 = CARTESIAN_POINT ( 'NONE',  ( 4.133182947122317167E-16, -2.774999999999998135, -3.375000000000000000 ) ) ;
#896 = ORIENTED_EDGE ( 'NONE', *, *, #189, .T. ) ;
#897 = PLANE ( 'NONE',  #256 ) ;
#898 = CARTESIAN_POINT ( 'NONE',  ( 4.937183384069205871, -3.392138205761039416, 4.448547532507291180 ) ) ;
#899 = CARTESIAN_POINT ( 'NONE',  ( -0.6904292490382677450, 3.399508321139347533, -6.500000000000000000 ) ) ;
#900 = CARTESIAN_POINT ( 'NONE',  ( -2.415714630391704087, -3.305034838474434356, 6.500000000000002665 ) ) ;
#901 = VERTEX_POINT ( 'NONE', #759 ) ;
#902 = PRODUCT_DEFINITION_FORMATION_WITH_SPECIFIED_SOURCE ( 'ANY', '', #248, .NOT_KNOWN. ) ;
#903 = CARTESIAN_POINT ( 'NONE',  ( -7.249743513161263309, -3.051816669457919851, 0.4430758933617988671 ) ) ;
#904 = AXIS2_PLACEMENT_3D ( 'NONE', #1145, #618, #612 ) ;
#905 = ORIENTED_EDGE ( 'NONE', *, *, #664, .T. ) ;
#906 = CARTESIAN_POINT ( 'NONE',  ( 7.505553499465171363, -2.482438684504779225, -6.434655190406743386E-14 ) ) ;
#907 = CARTESIAN_POINT ( 'NONE',  ( -2.754502712107173679, -3.234192259589908414, 6.500000000000000000 ) ) ;
#908 = ORIENTED_EDGE ( 'NONE', *, *, #156, .T. ) ;
#909 = CARTESIAN_POINT ( 'NONE',  ( -5.802169637108722355, -3.400000000000001688, 2.950347394394213119 ) ) ;
#910 = CARTESIAN_POINT ( 'NONE',  ( 4.762846002794224987, -3.382114763761646437, -4.750508734534062860 ) ) ;
#911 = CARTESIAN_POINT ( 'NONE',  ( 0.000000000000000000, 2.774999999999999467, 0.000000000000000000 ) ) ;
#912 = AXIS2_PLACEMENT_3D ( 'NONE', #617, #1144, #775 ) ;
#913 = CARTESIAN_POINT ( 'NONE',  ( -3.752776749732567918, 3.399999999999999911, -6.500000000000000888 ) ) ;
#914 = VERTEX_POINT ( 'NONE', #213 ) ;
#915 = DIRECTION ( 'NONE',  ( 0.000000000000000000, 0.000000000000000000, 1.000000000000000000 ) ) ;
#916 = CARTESIAN_POINT ( 'NONE',  ( -4.762846002794222322, -3.382114763761647325, 4.750508734534061084 ) ) ;
#917 = DIRECTION ( 'NONE',  ( 0.000000000000000000, 0.000000000000000000, 1.000000000000000000 ) ) ;
#918 = CARTESIAN_POINT ( 'NONE',  ( 1.384733103649259611, 3.392120337147662479, -6.500000000000000000 ) ) ;
#919 = VERTEX_POINT ( 'NONE', #673 ) ;
#920 = CARTESIAN_POINT ( 'NONE',  ( -3.764696954024393083, -2.568494647208680703, 6.479353600529949020 ) ) ;
#921 = UNCERTAINTY_MEASURE_WITH_UNIT (LENGTH_MEASURE( 1.000000000000000082E-05 ), #960, 'distance_accuracy_value', 'NONE');
#922 = AXIS2_PLACEMENT_3D ( 'NONE', #786, #334, #597 ) ;
#923 = CARTESIAN_POINT ( 'NONE',  ( -4.418516999869130046, 3.304094536839377927, -5.346904062119861578 ) ) ;
#924 = B_SPLINE_CURVE_WITH_KNOTS ( 'NONE', 3,
 ( #118, #1040, #486, #28, #934, #400, #1019, #303, #22, #566, #37, #1122, #773, #294, #219, #1025, #493, #497 ),
 .UNSPECIFIED., .F., .F.,
 ( 4, 2, 2, 2, 2, 2, 2, 2, 4 ),
 ( 0.000000000000000000, 0.001038403895957150727, 0.002076807791914301454, 0.002596009739892876818, 0.003115211687871452181, 0.003374812661860740297, 0.003634413635850027979, 0.003894014609839316528, 0.004153615583828604643 ),
 .UNSPECIFIED. ) ;
#925 = CARTESIAN_POINT ( 'NONE',  ( 3.401960853733345225, -2.969581033446367702, 6.499999999999999112 ) ) ;
#926 = ORIENTED_EDGE ( 'NONE', *, *, #299, .T. ) ;
#927 = CARTESIAN_POINT ( 'NONE',  ( -7.452794536859874697, 2.724328297655623565, -0.09138120378694418455 ) ) ;
#928 =( NAMED_UNIT ( * ) PLANE_ANGLE_UNIT ( ) SI_UNIT ( $, .RADIAN. ) );
#929 = CARTESIAN_POINT ( 'NONE',  ( 5.629165124598848990, 3.400000000000001688, -3.250000000000003553 ) ) ;
#930 = CARTESIAN_POINT ( 'NONE',  ( 6.751564268998583529, -3.329169717146176044, -1.305947655527831541 ) ) ;
#931 = CARTESIAN_POINT ( 'NONE',  ( -3.592467862351705232, -2.790959521565658630, -6.500000000000000888 ) ) ;
#932 = ORIENTED_EDGE ( 'NONE', *, *, #304, .T. ) ;
#933 = VECTOR ( 'NONE', #228, 1000.000000000000000 ) ;
#934 = CARTESIAN_POINT ( 'NONE',  ( -1.731256449712278878, 3.382189513748328658, 6.499999999999999112 ) ) ;
#935 = CARTESIAN_POINT ( 'NONE',  ( -3.764817632297948080, 2.569341170384325412, 6.479144579628782985 ) ) ;
#936 = DIRECTION ( 'NONE',  ( -0.000000000000000000, -1.000000000000000000, -0.000000000000000000 ) ) ;
#937 = CARTESIAN_POINT ( 'NONE',  ( -3.729080311069221221, -2.568200988662932893, -6.499999999999999112 ) ) ;
#938 = EDGE_LOOP ( 'NONE', ( #109, #416, #1084 ) ) ;
#939 = CARTESIAN_POINT ( 'NONE',  ( -6.500000000000000888, 3.399999999999999467, 0.000000000000000000 ) ) ;
#940 = LINE ( 'NONE', #464, #779 ) ;
#941 = CARTESIAN_POINT ( 'NONE',  ( 4.133182947122317167E-16, -3.664864146886751772, -3.375000000000000000 ) ) ;
#942 = CIRCLE ( 'NONE', #105, 6.500000000000000000 ) ;
#943 = DIRECTION ( 'NONE',  ( 0.8660254037844385966, 0.000000000000000000, -0.5000000000000003331 ) ) ;
#944 = CARTESIAN_POINT ( 'NONE',  ( -7.505553499465136724, 2.483023390264759378, -3.758285186967330604E-15 ) ) ;
#945 = CARTESIAN_POINT ( 'NONE',  ( 7.453276026206169469, 2.722877040828556083, -0.09054723977586007222 ) ) ;
#946 = CARTESIAN_POINT ( 'NONE',  ( -3.752776749732575023, -2.394446500534866740, -6.499999999999995559 ) ) ;
#947 = ORIENTED_EDGE ( 'NONE', *, *, #272, .F. ) ;
#948 = EDGE_CURVE ( 'NONE', #429, #1079, #827, .T. ) ;
#949 = CARTESIAN_POINT ( 'NONE',  ( 0.000000000000000000, 2.774999999999999467, 0.000000000000000000 ) ) ;
#950 = CARTESIAN_POINT ( 'NONE',  ( 6.495484246403472994, 3.382114763761647325, -1.749491265465947798 ) ) ;
#951 = CARTESIAN_POINT ( 'NONE',  ( 0.000000000000000000, 3.399999999999999911, 0.000000000000000000 ) ) ;
#952 = B_SPLINE_CURVE_WITH_KNOTS ( 'NONE', 3,
 ( #508, #962, #498, #957, #868, #1053, #858, #1127, #315, #683, #1043, #609, #968, #48, #155, #596 ),
 .UNSPECIFIED., .F., .F.,
 ( 4, 2, 2, 2, 2, 2, 2, 4 ),
 ( 0.004187114869587806737, 0.005235393644172752110, 0.006283672418757697484, 0.006807811806050169737, 0.007331951193342641990, 0.007856090580635114243, 0.008118160274281350369, 0.008380229967927588230 ),
 .UNSPECIFIED. ) ;
#953 = B_SPLINE_CURVE_WITH_KNOTS ( 'NONE', 3,
 ( #1080, #738, #982, #169, #269, #1073, #646, #903, #1003, #84, #456, #184, #812, #640, #996, #547, #909, #276 ),
 .UNSPECIFIED., .F., .F.,
 ( 4, 2, 2, 2, 2, 2, 2, 2, 4 ),
 ( 1.969461639982212654E-07, 0.0002618793163779857850, 0.0005235616865919733498, 0.0007852440568059608061, 0.001046926427019948588, 0.001570291167447923500, 0.002093655907875898847, 0.003140385388731849105, 0.004187114869587799798 ),
 .UNSPECIFIED. ) ;
#954 = CARTESIAN_POINT ( 'NONE',  ( -6.836743579859528630, 3.305091113047302631, -1.158412761362964449 ) ) ;
#955 =( LENGTH_UNIT ( ) NAMED_UNIT ( * ) SI_UNIT ( .MILLI., .METRE. ) );
#956 = CARTESIAN_POINT ( 'NONE',  ( -8.673617379884035472E-16, 3.399999999999999911, 0.000000000000000000 ) ) ;
#957 = CARTESIAN_POINT ( 'NONE',  ( -6.322173523891096103, -3.392091709972221203, -2.049674242353853426 ) ) ;
#958 = ADVANCED_FACE ( 'NONE', ( #1101 ), #743, .F. ) ;
#959 = CARTESIAN_POINT ( 'NONE',  ( 5.455904543246719918, 3.400000000000001243, 3.550096129850811799 ) ) ;
#960 =( LENGTH_UNIT ( ) NAMED_UNIT ( * ) SI_UNIT ( .MILLI., .METRE. ) );
#961 = CARTESIAN_POINT ( 'NONE',  ( -8.673617379884037444E-16, 3.400000000000000799, -6.500000000000000000 ) ) ;
#962 = CARTESIAN_POINT ( 'NONE',  ( -5.802425705950985169, -3.400000000000001243, -2.949903870149190865 ) ) ;
#963 = EDGE_CURVE ( 'NONE', #901, #565, #574, .T. ) ;
#964 = CARTESIAN_POINT ( 'NONE',  ( 7.424401831998797441, 2.793187661912572839, 0.1405588111706345122 ) ) ;
#965 = CARTESIAN_POINT ( 'NONE',  ( -1.162044386198238344E-16, 3.400000000000000799, 6.500000000000000000 ) ) ;
#966 = CIRCLE ( 'NONE', #206, 4.000000000000000000 ) ;
#967 = AXIS2_PLACEMENT_3D ( 'NONE', #180, #91, #341 ) ;
#968 = CARTESIAN_POINT ( 'NONE',  ( -7.453276026206173022, -2.722877040828554307, -0.09054723977585264760 ) ) ;
#969 = EDGE_CURVE ( 'NONE', #183, #240, #621, .T. ) ;
#970 = CARTESIAN_POINT ( 'NONE',  ( 3.159718900680295928, 3.090849053988845352, 6.499999999999997335 ) ) ;
#971 = DIRECTION ( 'NONE',  ( 0.000000000000000000, 0.000000000000000000, 1.000000000000000000 ) ) ;
#972 = EDGE_LOOP ( 'NONE', ( #721, #366, #896, #145 ) ) ;
#973 = EDGE_CURVE ( 'NONE', #813, #1038, #484, .T. ) ;
#974 = DIRECTION ( 'NONE',  ( 8.659560562354942719E-17, 0.7071067811865467956, -0.7071067811865483499 ) ) ;
#975 = CARTESIAN_POINT ( 'NONE',  ( 4.249774199523985274, 3.233063899575066458, 5.639175165729099604 ) ) ;
#976 = CARTESIAN_POINT ( 'NONE',  ( -8.673617379884035472E-16, 2.394446500534867184, 0.000000000000000000 ) ) ;
#977 = TOROIDAL_SURFACE ( 'NONE', #586, 6.500000000000000000, 1.005553499465133838 ) ;
#978 = ORIENTED_EDGE ( 'NONE', *, *, #963, .F. ) ;
#979 = DIRECTION ( 'NONE',  ( 0.000000000000000000, 1.000000000000000000, 0.000000000000000000 ) ) ;
#980 = DIRECTION ( 'NONE',  ( -1.000000000000000000, 1.334402673828313093E-16, 0.000000000000000000 ) ) ;
#981 = CARTESIAN_POINT ( 'NONE',  ( -6.495484246403472994, 3.382114763761646437, 1.749491265465937362 ) ) ;
#982 = CARTESIAN_POINT ( 'NONE',  ( -7.493512616899749901, -2.569341170384324524, 0.02085542037121501657 ) ) ;
#983 = CARTESIAN_POINT ( 'NONE',  ( 3.833928417198901872, 2.793187661912570618, -6.359441188829371150 ) ) ;
#984 = CARTESIAN_POINT ( 'NONE',  ( 7.008556049673716259, -3.233063899575068678, 0.8608248342709052814 ) ) ;
#985 = FACE_OUTER_BOUND ( 'NONE', #521, .T. ) ;
#986 = EDGE_CURVE ( 'NONE', #240, #258, #279, .T. ) ;
#987 = ORIENTED_EDGE ( 'NONE', *, *, #1014, .F. ) ;
#988 = FILL_AREA_STYLE_COLOUR ( '', #856 ) ;
#989 = CARTESIAN_POINT ( 'NONE',  ( 5.629165124598849879, -3.400000000000001688, 3.250000000000000444 ) ) ;
#990 = EDGE_LOOP ( 'NONE', ( #745, #474, #56, #1131, #457, #792 ) ) ;
#991 = CARTESIAN_POINT ( 'NONE',  ( 5.629165124598849879, -3.400000000000001688, 3.250000000000000444 ) ) ;
#992 = DIRECTION ( 'NONE',  ( 0.000000000000000000, 0.000000000000000000, 1.000000000000000000 ) ) ;
#993 = B_SPLINE_CURVE_WITH_KNOTS ( 'NONE', 3,
 ( #991, #623, #347, #87, #734, #631, #446, #984, #1149, #549, #249, #177, #530, #710, #906, #458 ),
 .UNSPECIFIED., .F., .F.,
 ( 4, 2, 2, 2, 2, 2, 2, 4 ),
 ( 0.004187114869587793727, 0.005235393644172736498, 0.006283672418757679269, 0.006807811806050149787, 0.007331951193342620306, 0.007856090580635091691, 0.008118160274281326083, 0.008380229967927560475 ),
 .UNSPECIFIED. ) ;
#994 = ORIENTED_EDGE ( 'NONE', *, *, #820, .T. ) ;
#995 = EDGE_CURVE ( 'NONE', #240, #700, #942, .T. ) ;
#996 = CARTESIAN_POINT ( 'NONE',  ( -6.321146865128496550, -3.392138205761038527, 2.051452467492706599 ) ) ;
#997 = DIRECTION ( 'NONE',  ( -0.000000000000000000, -1.000000000000000000, -0.000000000000000000 ) ) ;
#998 = AXIS2_PLACEMENT_3D ( 'NONE', #260, #266, #459 ) ;
#999 = FACE_OUTER_BOUND ( 'NONE', #990, .T. ) ;
#1000 = CARTESIAN_POINT ( 'NONE',  ( -0.1726074340448472133, 3.400004396840028420, -6.499999999999999112 ) ) ;
#1001 = CARTESIAN_POINT ( 'NONE',  ( -3.399104635492823157, -2.971663638701436128, 6.500000000000000000 ) ) ;
#1002 = ORIENTED_EDGE ( 'NONE', *, *, #299, .F. ) ;
#1003 = CARTESIAN_POINT ( 'NONE',  ( -7.210640242208230966, -3.089375691583497119, 0.5108047453945832039 ) ) ;
#1004 = CARTESIAN_POINT ( 'NONE',  ( 3.764696954024397524, -2.568494647208678483, -6.479353600529945467 ) ) ;
#1005 = FACE_OUTER_BOUND ( 'NONE', #794, .T. ) ;
#1006 = UNCERTAINTY_MEASURE_WITH_UNIT (LENGTH_MEASURE( 1.000000000000000082E-05 ), #153, 'distance_accuracy_value', 'NONE');
#1007 = CARTESIAN_POINT ( 'NONE',  ( 7.493512616899745460, -2.569341170384327189, -0.02085542037122965070 ) ) ;
#1008 = CARTESIAN_POINT ( 'NONE',  ( -3.752776749732567474, -2.394446500534866740, 6.500000000000000000 ) ) ;
#1009 = ORIENTED_EDGE ( 'NONE', *, *, #234, .F. ) ;
#1010 = CARTESIAN_POINT ( 'NONE',  ( -3.805535712337822840, 2.724328297655624453, 6.408618796213058744 ) ) ;
#1011 = CARTESIAN_POINT ( 'NONE',  ( -5.455904543246720806, 3.400000000000000355, -3.550096129850811799 ) ) ;
#1012 = CARTESIAN_POINT ( 'NONE',  ( -8.673617379884037444E-16, -3.400000000000000799, -6.500000000000000000 ) ) ;
#1013 = ORIENTED_EDGE ( 'NONE', *, *, #1132, .F. ) ;
#1014 = EDGE_CURVE ( 'NONE', #1152, #811, #373, .T. ) ;
#1015 = CARTESIAN_POINT ( 'NONE',  ( -5.282638566576777883, -3.401111599110816730, 3.850201604666187993 ) ) ;
#1016 = CARTESIAN_POINT ( 'NONE',  ( -4.166321424814878327, 3.186691960244334432, -5.783719611557873286 ) ) ;
#1017 = CARTESIAN_POINT ( 'NONE',  ( 1.731256441099643828, 3.382189514251061180, -6.500000000000001776 ) ) ;
#1018 = ORIENTED_EDGE ( 'NONE', *, *, #973, .T. ) ;
#1019 = CARTESIAN_POINT ( 'NONE',  ( -2.419573064267547036, 3.304381315488623461, 6.499999999999999112 ) ) ;
#1020 = CARTESIAN_POINT ( 'NONE',  ( -3.805054222991526292, -2.722877040828553419, 6.409452760224152890 ) ) ;
#1021 = CARTESIAN_POINT ( 'NONE',  ( 2.754502712107167905, -3.234192259589906637, -6.499999999999999112 ) ) ;
#1022 = CARTESIAN_POINT ( 'NONE',  ( 3.166401042358511830, 3.087788287205120330, -6.499999999999999112 ) ) ;
#1023 = AXIS2_PLACEMENT_3D ( 'NONE', #332, #628, #806 ) ;
#1024 = ORIENTED_EDGE ( 'NONE', *, *, #251, .F. ) ;
#1025 = CARTESIAN_POINT ( 'NONE',  ( -3.728688950211374920, 2.568915513815244189, 6.499999999999999112 ) ) ;
#1026 = DIRECTION ( 'NONE',  ( 0.000000000000000000, 0.000000000000000000, -1.000000000000000000 ) ) ;
#1027 = LINE ( 'NONE', #941, #513 ) ;
#1028 = CARTESIAN_POINT ( 'NONE',  ( 2.759331280959718136, -3.232983223471199707, 6.500000000000000000 ) ) ;
#1029 = FACE_OUTER_BOUND ( 'NONE', #275, .T. ) ;
#1030 = ADVANCED_FACE ( 'NONE', ( #504 ), #430, .F. ) ;
#1031 = DIRECTION ( 'NONE',  ( 1.224646799147353454E-16, 1.000000000000000000, -0.000000000000000000 ) ) ;
#1032 = ORIENTED_EDGE ( 'NONE', *, *, #384, .F. ) ;
#1033 = AXIS2_PLACEMENT_3D ( 'NONE', #976, #516, #243 ) ;
#1034 = CIRCLE ( 'NONE', #830, 6.500000000000000000 ) ;
#1035 = CARTESIAN_POINT ( 'NONE',  ( 6.836743579859533071, 3.305091113047304408, 1.158412761362967336 ) ) ;
#1036 = DIRECTION ( 'NONE',  ( -1.000000000000000000, -1.334402673828313093E-16, 0.000000000000000000 ) ) ;
#1037 = CARTESIAN_POINT ( 'NONE',  ( -4.421586669338173792, -3.305091113047302631, -5.341587238637034218 ) ) ;
#1038 = VERTEX_POINT ( 'NONE', #509 ) ;
#1039 = CARTESIAN_POINT ( 'NONE',  ( -5.975179253413055669, 3.401105081892171089, -2.650685948757120158 ) ) ;
#1040 = CARTESIAN_POINT ( 'NONE',  ( -0.3462293727984456781, 3.400000313974937960, 6.499999686025159207 ) ) ;
#1041 = TOROIDAL_SURFACE ( 'NONE', #531, 6.500000000000000000, 1.005553499465133838 ) ;
#1042 = SURFACE_STYLE_USAGE ( .BOTH. , #148 ) ;
#1043 = CARTESIAN_POINT ( 'NONE',  ( -7.330462625983455993, -2.968950109958562233, -0.3032662888118830558 ) ) ;
#1044 = CARTESIAN_POINT ( 'NONE',  ( 0.000000000000000000, 3.399999999999999911, 4.000000000000001776 ) ) ;
#1045 = CARTESIAN_POINT ( 'NONE',  ( 3.461394589242180686, 2.913243053787786696, 6.500000000000000000 ) ) ;
#1046 = CARTESIAN_POINT ( 'NONE',  ( -3.752776749732569250, -2.483023390264761598, -6.499999999999998224 ) ) ;
#1047 = DIRECTION ( 'NONE',  ( -0.8660254037844385966, 0.000000000000000000, -0.5000000000000002220 ) ) ;
#1048 = B_SPLINE_CURVE_WITH_KNOTS ( 'NONE', 3,
 ( #112, #764, #201, #1120, #309, #222, #1069, #253, #540, #805, #3, #96, #368, #730, #898, #1086, #360, #989 ),
 .UNSPECIFIED., .F., .F.,
 ( 4, 2, 2, 2, 2, 2, 2, 2, 4 ),
 ( 1.969461639999360306E-07, 0.0002618793163779869235, 0.0005235616865919738919, 0.0007852440568059609145, 0.001046926427019947720, 0.001570291167447921766, 0.002093655907875895811, 0.003140385388731844769, 0.004187114869587793727 ),
 .UNSPECIFIED. ) ;
#1049 = CARTESIAN_POINT ( 'NONE',  ( -6.751564268998585305, 3.329169717146174268, -1.305947655527824436 ) ) ;
#1050 = DIRECTION ( 'NONE',  ( 1.000000000000000000, 0.000000000000000000, 0.000000000000000000 ) ) ;
#1051 = EDGE_CURVE ( 'NONE', #43, #57, #674, .T. ) ;
#1052 = CARTESIAN_POINT ( 'NONE',  ( -8.673617379884035472E-16, 2.394446500534867184, 0.000000000000000000 ) ) ;
#1053 = CARTESIAN_POINT ( 'NONE',  ( -6.754024539413788553, -3.328558606151220900, -1.301686342168334898 ) ) ;
#1054 = DIRECTION ( 'NONE',  ( 1.000000000000000000, 0.000000000000000000, 0.000000000000000000 ) ) ;
#1055 = DIRECTION ( 'NONE',  ( -1.000000000000000000, -1.334402673828313093E-16, 0.000000000000000000 ) ) ;
#1056 = CARTESIAN_POINT ( 'NONE',  ( -7.210640242208232742, 3.089375691583495342, -0.5108047453945898653 ) ) ;
#1057 = CARTESIAN_POINT ( 'NONE',  ( 4.898587196589415787E-16, 3.399999999999999911, -4.000000000000001776 ) ) ;
#1058 = AXIS2_PLACEMENT_3D ( 'NONE', #1148, #1059, #170 ) ;
#1059 = DIRECTION ( 'NONE',  ( 0.000000000000000000, 1.000000000000000000, 0.000000000000000000 ) ) ;
#1060 = CARTESIAN_POINT ( 'NONE',  ( 4.762846002794227651, 3.382114763761645992, 4.750508734534060196 ) ) ;
#1061 = ORIENTED_EDGE ( 'NONE', *, *, #99, .T. ) ;
#1062 = EDGE_CURVE ( 'NONE', #345, #1162, #415, .T. ) ;
#1063 = EDGE_LOOP ( 'NONE', ( #293, #210, #630 ) ) ;
#1064 = LINE ( 'NONE', #887, #571 ) ;
#1065 = CARTESIAN_POINT ( 'NONE',  ( -3.752776749732575023, 2.394446500534866740, -6.499999999999995559 ) ) ;
#1066 = ORIENTED_EDGE ( 'NONE', *, *, #600, .F. ) ;
#1067 = AXIS2_PLACEMENT_3D ( 'NONE', #398, #298, #128 ) ;
#1068 = CYLINDRICAL_SURFACE ( 'NONE', #1168, 3.375000000000000000 ) ;
#1069 = CARTESIAN_POINT ( 'NONE',  ( 3.933730101418719816, -2.963384091789760699, 6.186579601079706059 ) ) ;
#1070 = CARTESIAN_POINT ( 'NONE',  ( -3.389165705329663325, 2.964569760543892318, -6.500000000000000888 ) ) ;
#1071 = CARTESIAN_POINT ( 'NONE',  ( -0.6903069632000795597, -3.401094312222340488, 6.499999999999999112 ) ) ;
#1072 = APPLICATION_CONTEXT ( 'automotive_design' ) ;
#1073 = CARTESIAN_POINT ( 'NONE',  ( -7.360705490259886297, -2.911903677182724692, 0.2508841113186879301 ) ) ;
#1074 = ADVANCED_FACE ( 'NONE', ( #635 ), #977, .T. ) ;
#1075 = EDGE_LOOP ( 'NONE', ( #987, #174, #570, #229 ) ) ;
#1076 = DIRECTION ( 'NONE',  ( -1.224646799147353454E-16, -1.000000000000000000, 0.000000000000000000 ) ) ;
#1077 = AXIS2_PLACEMENT_3D ( 'NONE', #869, #40, #1054 ) ;
#1078 = DIRECTION ( 'NONE',  ( 0.000000000000000000, 1.000000000000000000, 0.000000000000000000 ) ) ;
#1079 = VERTEX_POINT ( 'NONE', #97 ) ;
#1080 = CARTESIAN_POINT ( 'NONE',  ( -7.505553499465134948, -2.394446500534866296, 0.000000000000000000 ) ) ;
#1081 = ORIENTED_EDGE ( 'NONE', *, *, #1103, .F. ) ;
#1082 = CARTESIAN_POINT ( 'NONE',  ( -3.238245071476063774, 3.053352040381300370, -6.500000000000000000 ) ) ;
#1083 = CARTESIAN_POINT ( 'NONE',  ( -3.728920317117651706, -2.568822789919174010, 6.499999999999999112 ) ) ;
#1084 = ORIENTED_EDGE ( 'NONE', *, *, #727, .F. ) ;
#1085 =( GEOMETRIC_REPRESENTATION_CONTEXT ( 3 ) GLOBAL_UNCERTAINTY_ASSIGNED_CONTEXT ( ( #829 ) ) GLOBAL_UNIT_ASSIGNED_CONTEXT ( ( #413, #928, #408 ) ) REPRESENTATION_CONTEXT ( 'NONE', 'WORKASPACE' ) );
#1086 = CARTESIAN_POINT ( 'NONE',  ( 5.283150995784646753, -3.401105081892171089, 3.849314051242881618 ) ) ;
#1087 = CARTESIAN_POINT ( 'NONE',  ( 4.166321424814875662, -3.186691960244337096, -5.783719611557875950 ) ) ;
#1088 = TOROIDAL_SURFACE ( 'NONE', #563, 6.500000000000000000, 1.005553499465133838 ) ;
#1089 = DIRECTION ( 'NONE',  ( -0.000000000000000000, 1.000000000000000000, -0.000000000000000000 ) ) ;
#1090 = CARTESIAN_POINT ( 'NONE',  ( -3.159718900931880015, 3.090849053873350627, -6.500000000000000888 ) ) ;
#1091 = CARTESIAN_POINT ( 'NONE',  ( -3.647311981109367274, -2.724316360227339029, 6.500000000000000000 ) ) ;
#1092 = ORIENTED_EDGE ( 'NONE', *, *, #647, .F. ) ;
#1093 = CARTESIAN_POINT ( 'NONE',  ( -4.249774199523980833, -3.233063899575066902, 5.639175165729103156 ) ) ;
#1094 = CARTESIAN_POINT ( 'NONE',  ( 7.210640242208230077, -3.089375691583497563, -0.5108047453945964156 ) ) ;
#1095 = AXIS2_PLACEMENT_3D ( 'NONE', #911, #979, #822 ) ;
#1096 = DIRECTION ( 'NONE',  ( -0.5000000000000002220, 0.000000000000000000, -0.8660254037844384856 ) ) ;
#1097 = ORIENTED_EDGE ( 'NONE', *, *, #755, .T. ) ;
#1098 = CARTESIAN_POINT ( 'NONE',  ( 0.000000000000000000, -2.774999999999998135, 0.000000000000000000 ) ) ;
#1099 = FACE_OUTER_BOUND ( 'NONE', #122, .T. ) ;
#1100 = CARTESIAN_POINT ( 'NONE',  ( 3.752776749732563033, -2.394446500534867628, -6.500000000000000888 ) ) ;
#1101 = FACE_OUTER_BOUND ( 'NONE', #778, .T. ) ;
#1102 = EDGE_CURVE ( 'NONE', #191, #333, #770, .T. ) ;
#1103 = EDGE_CURVE ( 'NONE', #813, #86, #435, .T. ) ;
#1104 = VERTEX_POINT ( 'NONE', #352 ) ;
#1105 = CARTESIAN_POINT ( 'NONE',  ( -4.937183384069201431, 3.392138205761038083, 4.448547532507290292 ) ) ;
#1106 = CARTESIAN_POINT ( 'NONE',  ( -3.764696954024401965, 2.568494647208678927, -6.479353600529943691 ) ) ;
#1107 = CARTESIAN_POINT ( 'NONE',  ( 0.3457538299445956920, -3.400000000000002576, 6.500000000000001776 ) ) ;
#1108 = VERTEX_POINT ( 'NONE', #939 ) ;
#1109 = CARTESIAN_POINT ( 'NONE',  ( 7.493633295173300901, 2.568494647208683368, -0.02064639947006306417 ) ) ;
#1110 = DIRECTION ( 'NONE',  ( -0.000000000000000000, -1.000000000000000000, -0.000000000000000000 ) ) ;
#1111 = EDGE_CURVE ( 'NONE', #700, #43, #614, .T. ) ;
#1112 = CARTESIAN_POINT ( 'NONE',  ( -3.752776749732575023, 2.394446500534866740, -6.499999999999995559 ) ) ;
#1113 = CIRCLE ( 'NONE', #761, 6.500000000000000000 ) ;
#1114 = CARTESIAN_POINT ( 'NONE',  ( 0.6914986448786651918, -3.401102860623834712, 6.499999999999999112 ) ) ;
#1115 = CONICAL_SURFACE ( 'NONE', #404, 4.000000000000000000, 0.7853981633974469467 ) ;
#1116 = LINE ( 'NONE', #607, #235 ) ;
#1117 = DIRECTION ( 'NONE',  ( 1.224646799147353454E-16, -1.000000000000000000, 0.000000000000000000 ) ) ;
#1118 = EDGE_CURVE ( 'NONE', #1108, #183, #1034, .T. ) ;
#1119 = PLANE ( 'NONE',  #718 ) ;
#1120 = CARTESIAN_POINT ( 'NONE',  ( 3.805535712337831278, -2.724328297655626230, 6.408618796213056967 ) ) ;
#1121 = CARTESIAN_POINT ( 'NONE',  ( 3.592467862351705232, -2.790959521565661294, 6.499999999999999112 ) ) ;
#1122 = CARTESIAN_POINT ( 'NONE',  ( -3.393185817409066551, 2.961798489756249264, 6.499999999999999112 ) ) ;
#1123 = CARTESIAN_POINT ( 'NONE',  ( -3.805535712337832166, -2.724328297655627118, -6.408618796213056967 ) ) ;
#1124 = ORIENTED_EDGE ( 'NONE', *, *, #853, .T. ) ;
#1125 = AXIS2_PLACEMENT_3D ( 'NONE', #348, #720, #980 ) ;
#1126 = DIRECTION ( 'NONE',  ( -0.000000000000000000, -1.000000000000000000, -0.000000000000000000 ) ) ;
#1127 = CARTESIAN_POINT ( 'NONE',  ( -7.008556049673715371, -3.233063899575066902, -0.8608248342709008405 ) ) ;
#1128 = CARTESIAN_POINT ( 'NONE',  ( -7.360705490259886297, 2.911903677182724248, -0.2508841113186945915 ) ) ;
#1129 = AXIS2_PLACEMENT_3D ( 'NONE', #414, #33, #686 ) ;
#1130 = DIRECTION ( 'NONE',  ( -0.000000000000000000, -1.000000000000000000, -0.000000000000000000 ) ) ;
#1131 = ORIENTED_EDGE ( 'NONE', *, *, #820, .F. ) ;
#1132 = EDGE_CURVE ( 'NONE', #914, #538, #924, .T. ) ;
#1133 = ADVANCED_FACE ( 'NONE', ( #1029 ), #305, .T. ) ;
#1134 = DIRECTION ( 'NONE',  ( 1.224646799147353454E-16, -1.000000000000000000, 0.000000000000000000 ) ) ;
#1135 = CARTESIAN_POINT ( 'NONE',  ( 3.927867623214247317, 2.968950109958564454, 6.196733711188115556 ) ) ;
#1136 =( NAMED_UNIT ( * ) SI_UNIT ( $, .STERADIAN. ) SOLID_ANGLE_UNIT ( ) );
#1137 = CARTESIAN_POINT ( 'NONE',  ( -4.937183384069206760, -3.392138205761038527, -4.448547532507289404 ) ) ;
#1138 = EDGE_LOOP ( 'NONE', ( #1013, #21, #71 ) ) ;
#1139 = ORIENTED_EDGE ( 'NONE', *, *, #49, .T. ) ;
#1140 = MECHANICAL_DESIGN_GEOMETRIC_PRESENTATION_REPRESENTATION (  '', ( #10 ), #1085 ) ;
#1141 = AXIS2_PLACEMENT_3D ( 'NONE', #178, #82, #638 ) ;
#1142 = CARTESIAN_POINT ( 'NONE',  ( 5.629165124598848990, 3.400000000000001688, -3.250000000000003553 ) ) ;
#1143 = CARTESIAN_POINT ( 'NONE',  ( 0.000000000000000000, -3.664864146886751772, 0.000000000000000000 ) ) ;
#1144 = DIRECTION ( 'NONE',  ( 1.224646799147353454E-16, -1.000000000000000000, 0.000000000000000000 ) ) ;
#1145 = CARTESIAN_POINT ( 'NONE',  ( -8.673617379884035472E-16, -2.394446500534867184, 0.000000000000000000 ) ) ;
#1146 = ORIENTED_EDGE ( 'NONE', *, *, #224, .F. ) ;
#1147 = PRESENTATION_LAYER_ASSIGNMENT (  '', '', ( #337 ) ) ;
#1148 = CARTESIAN_POINT ( 'NONE',  ( 0.000000000000000000, -3.399999999999999911, 0.000000000000000000 ) ) ;
#1149 = CARTESIAN_POINT ( 'NONE',  ( 7.092008824382824095, -3.186691960244336652, 0.7162803884421302669 ) ) ;
#1150 = MANIFOLD_SOLID_BREP ( 'Chamfer1', #839 ) ;
#1151 = FACE_OUTER_BOUND ( 'NONE', #1138, .T. ) ;
#1152 = VERTEX_POINT ( 'NONE', #443 ) ;
#1153 = CARTESIAN_POINT ( 'NONE',  ( -2.747541170752843875, 3.235968563529319386, -6.500000000000001776 ) ) ;
#1154 = EDGE_CURVE ( 'NONE', #811, #345, #1116, .T. ) ;
#1155 = CARTESIAN_POINT ( 'NONE',  ( -8.500220258280288210E-16, 3.400000000000000799, 0.000000000000000000 ) ) ;
#1156 = ORIENTED_EDGE ( 'NONE', *, *, #331, .T. ) ;
#1157 = DIRECTION ( 'NONE',  ( 1.000000000000000000, -1.334402673828313093E-16, 0.000000000000000000 ) ) ;
#1158 = ADVANCED_FACE ( 'NONE', ( #53 ), #882, .T. ) ;
#1159 = DIRECTION ( 'NONE',  ( 0.000000000000000000, -0.000000000000000000, 1.000000000000000000 ) ) ;
#1160 = EDGE_CURVE ( 'NONE', #86, #813, #522, .T. ) ;
#1161 = ADVANCED_FACE ( 'NONE', ( #152 ), #601, .T. ) ;
#1162 = VERTEX_POINT ( 'NONE', #1057 ) ;
#1163 = CARTESIAN_POINT ( 'NONE',  ( -7.008556049673715371, 3.233063899575067346, 0.8608248342708946232 ) ) ;
#1164 = CIRCLE ( 'NONE', #460, 1.005553499465133394 ) ;
#1165 = VECTOR ( 'NONE', #388, 1000.000000000000000 ) ;
#1166 = ORIENTED_EDGE ( 'NONE', *, *, #391, .F. ) ;
#1167 = CARTESIAN_POINT ( 'NONE',  ( -8.673617379884035472E-16, 2.394446500534867184, 0.000000000000000000 ) ) ;
#1168 = AXIS2_PLACEMENT_3D ( 'NONE', #1143, #432, #695 ) ;
ENDSEC;
END-ISO-10303-21;
