ISO-10303-21;
HEADER;
FILE_DESCRIPTION (( 'STEP AP214' ),
    '1' );
FILE_NAME ('ISO 4032 Nut M10x1.STEP',
    '2023-12-19T12:36:19',
    ( '' ),
    ( '' ),
    'SwSTEP 2.0',
    'SolidWorks 2020',
    '' );
FILE_SCHEMA (( 'AUTOMOTIVE_DESIGN' ));
ENDSEC;

DATA;
#1 = CARTESIAN_POINT ( 'NONE',  ( 4.589637713212660231, -3.176248292070555923, 7.999999999999998224 ) ) ;
#2 = DIRECTION ( 'NONE',  ( -1.000000000000000000, 1.224646799147353454E-16, 0.000000000000000000 ) ) ;
#3 = CARTESIAN_POINT ( 'NONE',  ( 4.683143404749864125, 3.366616993083763720, 7.888557683842138069 ) ) ;
#4 = ORIENTED_EDGE ( 'NONE', *, *, #687, .F. ) ;
#5 = DIRECTION ( 'NONE',  ( -0.000000000000000000, -1.000000000000000000, -0.000000000000000000 ) ) ;
#6 = CARTESIAN_POINT ( 'NONE',  ( 4.618802153517012066, 3.071577131821058959, 8.000000000000000000 ) ) ;
#7 = B_SPLINE_CURVE_WITH_KNOTS ( 'NONE', 3,
 ( #1062, #1051, #513, #1058, #891, #875, #1151, #253, #351, #607, #709, #787, #229, #694, #591, #782 ),
 .UNSPECIFIED., .F., .F.,
 ( 4, 2, 2, 2, 2, 2, 2, 4 ),
 ( 0.005153329514818584360, 0.006443520579360232856, 0.007733711643901880484, 0.008378807176172705165, 0.009023902708443529846, 0.009668998240714352793, 0.009991546006849764266, 0.01031409377298517574 ),
 .UNSPECIFIED. ) ;
#8 = EDGE_CURVE ( 'NONE', #1005, #870, #582, .T. ) ;
#9 = DIRECTION ( 'NONE',  ( 0.000000000000000000, -0.7071067811865500152, -0.7071067811865451302 ) ) ;
#10 = CARTESIAN_POINT ( 'NONE',  ( 3.390157193145606485, -3.995928894101498763, -8.000000000000000000 ) ) ;
#11 = EDGE_LOOP ( 'NONE', ( #865, #1147, #494 ) ) ;
#12 = CARTESIAN_POINT ( 'NONE',  ( -8.000000000000001776, 4.200000000000000178, 0.000000000000000000 ) ) ;
#13 = CARTESIAN_POINT ( 'NONE',  ( 4.589155630819242937, 3.177126786970130734, -8.000000000000001776 ) ) ;
#14 = DIRECTION ( 'NONE',  ( 1.224646799147353454E-16, 1.000000000000000000, -0.000000000000000000 ) ) ;
#15 = CARTESIAN_POINT ( 'NONE',  ( 4.490006071337599991, -3.366854961236418031, 7.999999999999998224 ) ) ;
#16 = PLANE ( 'NONE',  #528 ) ;
#17 = CARTESIAN_POINT ( 'NONE',  ( -8.312645670114358509, -4.112072104884778589, -1.602075354044492750 ) ) ;
#18 = UNCERTAINTY_MEASURE_WITH_UNIT (LENGTH_MEASURE( 1.000000000000000082E-05 ), #597, 'distance_accuracy_value', 'NONE');
#19 = VERTEX_POINT ( 'NONE', #1146 ) ;
#20 = CARTESIAN_POINT ( 'NONE',  ( 6.502339993558224229, -4.201360097834867524, 4.737616763070070292 ) ) ;
#21 = CARTESIAN_POINT ( 'NONE',  ( -4.589637713212657566, -3.176248292070557255, -8.000000000000000000 ) ) ;
#22 = VECTOR ( 'NONE', #630, 1000.000000000000000 ) ;
#23 = AXIS2_PLACEMENT_3D ( 'NONE', #66, #155, #963 ) ;
#24 = PRESENTATION_LAYER_ASSIGNMENT (  '', '', ( #307 ) ) ;
#25 = CARTESIAN_POINT ( 'NONE',  ( 4.929624429117382078, 3.774582393226856070, 7.461640026535971693 ) ) ;
#26 = EDGE_CURVE ( 'NONE', #956, #1027, #7, .T. ) ;
#27 = ORIENTED_EDGE ( 'NONE', *, *, #959, .T. ) ;
#28 = CARTESIAN_POINT ( 'NONE',  ( 5.130480583050556653, -3.939176312133594315, 7.113746962910838967 ) ) ;
#29 = CARTESIAN_POINT ( 'NONE',  ( -4.618802153517711950, -3.069749245481962596, -7.999999999999998224 ) ) ;
#30 = CARTESIAN_POINT ( 'NONE',  ( 4.834298031608271984, 3.669476118239524354, 7.626750190324261602 ) ) ;
#31 = UNCERTAINTY_MEASURE_WITH_UNIT (LENGTH_MEASURE( 1.000000000000000082E-05 ), #468, 'distance_accuracy_value', 'NONE');
#32 = ORIENTED_EDGE ( 'NONE', *, *, #359, .F. ) ;
#33 = SURFACE_STYLE_USAGE ( .BOTH. , #657 ) ;
#34 = CARTESIAN_POINT ( 'NONE',  ( 4.490625275939019723, 3.365714075070526334, -8.000000000000000000 ) ) ;
#35 = CARTESIAN_POINT ( 'NONE',  ( 0.2124399188244243120, 4.200005411495421725, 7.999999999999998224 ) ) ;
#36 = FACE_OUTER_BOUND ( 'NONE', #1041, .T. ) ;
#37 = ORIENTED_EDGE ( 'NONE', *, *, #309, .T. ) ;
#38 =( LENGTH_UNIT ( ) NAMED_UNIT ( * ) SI_UNIT ( .MILLI., .METRE. ) );
#39 = DIRECTION ( 'NONE',  ( -1.224646799147353454E-16, 1.000000000000000000, -0.000000000000000000 ) ) ;
#40 = CARTESIAN_POINT ( 'NONE',  ( -6.075269715168094997, -4.190266715128401209, 5.477324183644354250 ) ) ;
#41 = CARTESIAN_POINT ( 'NONE',  ( 3.600868488216870666, -3.937318964335604132, 7.999999999999998224 ) ) ;
#42 =( GEOMETRIC_REPRESENTATION_CONTEXT ( 3 ) GLOBAL_UNCERTAINTY_ASSIGNED_CONTEXT ( ( #399 ) ) GLOBAL_UNIT_ASSIGNED_CONTEXT ( ( #96, #799, #262 ) ) REPRESENTATION_CONTEXT ( 'NONE', 'WORKASPACE' ) );
#43 = ADVANCED_FACE ( 'NONE', ( #595 ), #248, .F. ) ;
#44 = TOROIDAL_SURFACE ( 'NONE', #294, 8.000000000000001776, 1.237604307034010809 ) ;
#45 = CARTESIAN_POINT ( 'NONE',  ( -4.981773310597463755, -3.817694045706337747, -7.371315514254582091 ) ) ;
#46 = ORIENTED_EDGE ( 'NONE', *, *, #847, .T. ) ;
#47 = DIRECTION ( 'NONE',  ( 1.224646799147353454E-16, -1.000000000000000000, 0.000000000000000000 ) ) ;
#48 = CARTESIAN_POINT ( 'NONE',  ( 5.510910596163088569E-16, 3.699999999999993072, -4.500000000000000000 ) ) ;
#49 = EDGE_CURVE ( 'NONE', #347, #64, #623, .T. ) ;
#50 = CARTESIAN_POINT ( 'NONE',  ( 9.237604307034011697, 3.071414949476184209, 1.673313587300869728E-15 ) ) ;
#51 = EDGE_LOOP ( 'NONE', ( #967, #280, #916, #32 ) ) ;
#52 = FACE_OUTER_BOUND ( 'NONE', #300, .T. ) ;
#53 = CARTESIAN_POINT ( 'NONE',  ( 4.981773310597461979, 3.817694045706338635, -7.371315514254581203 ) ) ;
#54 = DIRECTION ( 'NONE',  ( -1.000000000000000000, -1.084202172485504434E-16, 0.000000000000000000 ) ) ;
#55 = CARTESIAN_POINT ( 'NONE',  ( -9.237604307034013473, -3.071414949476182432, -1.264902534566420443E-16 ) ) ;
#56 = CARTESIAN_POINT ( 'NONE',  ( -8.926782031433637243, 3.774582393226855181, 0.5383599734640245327 ) ) ;
#57 = EDGE_LOOP ( 'NONE', ( #1140, #376, #89, #1104, #750, #691 ) ) ;
#58 = DIRECTION ( 'NONE',  ( 0.000000000000000000, 1.000000000000000000, 0.000000000000000000 ) ) ;
#59 = AXIS2_PLACEMENT_3D ( 'NONE', #784, #58, #692 ) ;
#60 = CARTESIAN_POINT ( 'NONE',  ( -9.138656684367205685, -3.450989042010864427, -0.1713823097470678347 ) ) ;
#61 = CARTESIAN_POINT ( 'NONE',  ( -7.779872523426088371, -4.190323970480659632, 2.524865513016925966 ) ) ;
#62 = DIRECTION ( 'NONE',  ( -1.000000000000000000, -1.084202172485504187E-16, 0.000000000000000000 ) ) ;
#63 = EDGE_CURVE ( 'NONE', #911, #164, #586, .T. ) ;
#64 = VERTEX_POINT ( 'NONE', #972 ) ;
#65 = FACE_OUTER_BOUND ( 'NONE', #538, .T. ) ;
#66 = CARTESIAN_POINT ( 'NONE',  ( 0.000000000000000000, -4.200000000000000178, 0.000000000000000000 ) ) ;
#67 = FILL_AREA_STYLE ('',( #1155 ) ) ;
#68 = CARTESIAN_POINT ( 'NONE',  ( 4.618802153517006737, -2.962395692965990701, -8.000000000000000000 ) ) ;
#69 = ORIENTED_EDGE ( 'NONE', *, *, #792, .F. ) ;
#70 = SURFACE_STYLE_FILL_AREA ( #592 ) ;
#71 = CARTESIAN_POINT ( 'NONE',  ( 8.725925877500465333, -3.939176312133597424, -0.8862530370891633646 ) ) ;
#72 = SURFACE_STYLE_USAGE ( .BOTH. , #343 ) ;
#73 = CARTESIAN_POINT ( 'NONE',  ( 0.000000000000000000, 3.699999999999993072, 0.000000000000000000 ) ) ;
#74 = EDGE_LOOP ( 'NONE', ( #467, #930, #705 ) ) ;
#75 = CARTESIAN_POINT ( 'NONE',  ( 0.000000000000000000, 4.200000000000000178, 0.000000000000000000 ) ) ;
#76 = CARTESIAN_POINT ( 'NONE',  ( 5.546791222504972474, 4.112824853656753987, -6.392675783644299337 ) ) ;
#77 = EDGE_CURVE ( 'NONE', #1123, #648, #450, .T. ) ;
#78 = AXIS2_PLACEMENT_3D ( 'NONE', #575, #39, #943 ) ;
#79 = CARTESIAN_POINT ( 'NONE',  ( 1.925929944387235853E-31, -4.200000000000000178, 8.000000000000000000 ) ) ;
#80 = ORIENTED_EDGE ( 'NONE', *, *, #1168, .F. ) ;
#81 = CARTESIAN_POINT ( 'NONE',  ( 0.000000000000000000, -4.526061762082101758, 0.000000000000000000 ) ) ;
#82 = CARTESIAN_POINT ( 'NONE',  ( 0.000000000000000000, -4.200000000000000178, 0.000000000000000000 ) ) ;
#83 = CARTESIAN_POINT ( 'NONE',  ( 9.237604307034015250, 4.200000000000000178, -1.077965985775971682E-15 ) ) ;
#84 = DIRECTION ( 'NONE',  ( -1.000000000000000000, -1.084202172485504187E-16, 0.000000000000000000 ) ) ;
#85 = ORIENTED_EDGE ( 'NONE', *, *, #397, .T. ) ;
#86 = CARTESIAN_POINT ( 'NONE',  ( 2.122933960562844113, 4.178300923477722861, 7.999999999999998224 ) ) ;
#87 = DIRECTION ( 'NONE',  ( 1.000000000000000000, 0.000000000000000000, 0.000000000000000000 ) ) ;
#88 = DIRECTION ( 'NONE',  ( -0.000000000000000000, 1.000000000000000000, -0.000000000000000000 ) ) ;
#89 = ORIENTED_EDGE ( 'NONE', *, *, #599, .T. ) ;
#90 = LINE ( 'NONE', #1158, #990 ) ;
#91 = CARTESIAN_POINT ( 'NONE',  ( 5.543760790436658148, -4.112072104884781254, -6.397924645955512801 ) ) ;
#92 = CARTESIAN_POINT ( 'NONE',  ( 2.128683319877552105, -4.178214913799123131, 7.999999999999998224 ) ) ;
#93 = CARTESIAN_POINT ( 'NONE',  ( -9.173263055801156085, 3.366616993083761056, 0.1114423161578611682 ) ) ;
#94 = AXIS2_PLACEMENT_3D ( 'NONE', #517, #975, #780 ) ;
#95 = ORIENTED_EDGE ( 'NONE', *, *, #212, .T. ) ;
#96 =( LENGTH_UNIT ( ) NAMED_UNIT ( * ) SI_UNIT ( .MILLI., .METRE. ) );
#97 = DIRECTION ( 'NONE',  ( 1.000000000000000000, -1.084202172485504187E-16, 0.000000000000000000 ) ) ;
#98 = EDGE_CURVE ( 'NONE', #390, #347, #537, .T. ) ;
#99 = TOROIDAL_SURFACE ( 'NONE', #844, 8.000000000000001776, 1.237604307034010809 ) ;
#100 = CARTESIAN_POINT ( 'NONE',  ( 2.977533811913359862, -4.082449767676218144, 8.000000000000000000 ) ) ;
#101 = FACE_OUTER_BOUND ( 'NONE', #695, .T. ) ;
#102 = ORIENTED_EDGE ( 'NONE', *, *, #792, .T. ) ;
#103 = CARTESIAN_POINT ( 'NONE',  ( -5.230490775365858269, 3.994539901920537428, -6.940524228546001595 ) ) ;
#104 = CARTESIAN_POINT ( 'NONE',  ( 4.683736533074178254, -3.368404857904538030, 7.887530355449019481 ) ) ;
#105 = CARTESIAN_POINT ( 'NONE',  ( 6.075269715168096774, -4.190266715128402097, -5.477324183644356026 ) ) ;
#106 = CARTESIAN_POINT ( 'NONE',  ( 1.925929944387235853E-31, 4.200000000000000178, 8.000000000000000000 ) ) ;
#107 = DIRECTION ( 'NONE',  ( -1.000000000000000000, 1.224646799147353454E-16, 0.000000000000000000 ) ) ;
#108 = CARTESIAN_POINT ( 'NONE',  ( -0.8497590757394041239, 4.199394856786890173, -8.000000000000000000 ) ) ;
#109 = CARTESIAN_POINT ( 'NONE',  ( -3.600868488216865337, -3.937318964335603244, -8.000000000000000000 ) ) ;
#110 = APPLICATION_CONTEXT ( 'automotive_design' ) ;
#111 = ADVANCED_FACE ( 'NONE', ( #915 ), #321, .T. ) ;
#112 = CARTESIAN_POINT ( 'NONE',  ( 6.928203230275508773, 4.200000000000001066, 4.000000000000000000 ) ) ;
#113 = ORIENTED_EDGE ( 'NONE', *, *, #654, .T. ) ;
#114 = CARTESIAN_POINT ( 'NONE',  ( -5.543760790436654595, -4.112072104884779478, 6.397924645955511025 ) ) ;
#115 = CIRCLE ( 'NONE', #437, 8.000000000000001776 ) ;
#116 = CIRCLE ( 'NONE', #478, 8.000000000000001776 ) ;
#117 = CARTESIAN_POINT ( 'NONE',  ( -8.926782031433637243, -3.774582393226856070, -0.5383599734640259760 ) ) ;
#118 = ORIENTED_EDGE ( 'NONE', *, *, #757, .T. ) ;
#119 = DIRECTION ( 'NONE',  ( -1.000000000000000000, 1.224646799147353454E-16, 0.000000000000000000 ) ) ;
#120 = FILL_AREA_STYLE_COLOUR ( '', #306 ) ;
#121 = CARTESIAN_POINT ( 'NONE',  ( 5.861963994375903653, 4.177987353017136307, 5.846780529601534937 ) ) ;
#122 = UNCERTAINTY_MEASURE_WITH_UNIT (LENGTH_MEASURE( 1.000000000000000082E-05 ), #38, 'distance_accuracy_value', 'NONE');
#123 = VERTEX_POINT ( 'NONE', #994 ) ;
#124 = CARTESIAN_POINT ( 'NONE',  ( -0.4255407485127020717, -4.200000000000002842, -8.000000000000000000 ) ) ;
#125 = EDGE_CURVE ( 'NONE', #956, #683, #1144, .T. ) ;
#126 = CARTESIAN_POINT ( 'NONE',  ( 0.8510704468916251431, -4.201357333921362347, 7.999999999999996447 ) ) ;
#127 = CARTESIAN_POINT ( 'NONE',  ( 6.928203230275508773, -4.200000000000001066, 4.000000000000000000 ) ) ;
#128 = EDGE_LOOP ( 'NONE', ( #1093, #1119, #136 ) ) ;
#129 =( NAMED_UNIT ( * ) PLANE_ANGLE_UNIT ( ) SI_UNIT ( $, .RADIAN. ) );
#130 = COLOUR_RGB ( '',0.7529411764705882248, 0.7529411764705882248, 0.7529411764705882248 ) ;
#131 = FACE_BOUND ( 'NONE', #172, .T. ) ;
#132 = CIRCLE ( 'NONE', #342, 8.000000000000001776 ) ;
#133 = AXIS2_PLACEMENT_3D ( 'NONE', #1120, #1033, #197 ) ;
#134 = CARTESIAN_POINT ( 'NONE',  ( -6.502339993558224229, -4.201360097834864860, -4.737616763070070292 ) ) ;
#135 = B_SPLINE_CURVE_WITH_KNOTS ( 'NONE', 3,
 ( #106, #581, #1085, #380, #541, #1002, #642, #928, #1010, #366, #829, #277, #1098, #824, #372, #633, #556, #1091 ),
 .UNSPECIFIED., .F., .F.,
 ( 4, 2, 2, 2, 2, 2, 2, 2, 4 ),
 ( 0.000000000000000000, 0.001278035554776280969, 0.002556071109552561938, 0.003195088886940701881, 0.003834106664328842257, 0.004153615553022913312, 0.004473124441716984367, 0.004792633330411055423, 0.005112142219105127346 ),
 .UNSPECIFIED. ) ;
#136 = ORIENTED_EDGE ( 'NONE', *, *, #687, .T. ) ;
#137 = CARTESIAN_POINT ( 'NONE',  ( 4.633621797112184026, 3.177651271041058045, -7.974331624343088620 ) ) ;
#138 = PRODUCT ( 'ISO 4032 Nut M10x1', 'ISO 4032 Nut M10x1', '', ( #560 ) ) ;
#139 = DIRECTION ( 'NONE',  ( 1.224646799147353454E-16, 1.000000000000000000, -0.000000000000000000 ) ) ;
#140 = DIRECTION ( 'NONE',  ( 1.000000000000000000, 0.000000000000000000, -0.000000000000000000 ) ) ;
#141 = CARTESIAN_POINT ( 'NONE',  ( -8.625915685185161053, 3.994539901920538316, 1.059475771453999737 ) ) ;
#142 = DIRECTION ( 'NONE',  ( 1.224646799147353454E-16, 1.000000000000000000, -0.000000000000000000 ) ) ;
#143 = ADVANCED_FACE ( 'NONE', ( #188 ), #99, .T. ) ;
#144 = DIRECTION ( 'NONE',  ( -1.000000000000000000, -1.224646799147353454E-16, 0.000000000000000000 ) ) ;
#145 = CARTESIAN_POINT ( 'NONE',  ( -7.993293108104372990, -4.177971114334128266, 2.155210216973081128 ) ) ;
#146 = CARTESIAN_POINT ( 'NONE',  ( 3.851859888774471706E-31, 4.200000000000000178, -8.000000000000000000 ) ) ;
#147 = VERTEX_POINT ( 'NONE', #733 ) ;
#148 = CARTESIAN_POINT ( 'NONE',  ( 7.141447054659504801, 4.200000000000001954, -3.630650861766624882 ) ) ;
#149 = CARTESIAN_POINT ( 'NONE',  ( 8.874633149953552902, -3.817694045706340411, -0.6286844857454245705 ) ) ;
#150 = CIRCLE ( 'NONE', #1127, 8.000000000000001776 ) ;
#151 = CARTESIAN_POINT ( 'NONE',  ( -4.618802153517005848, -2.962395692965989813, -8.000000000000001776 ) ) ;
#152 = CARTESIAN_POINT ( 'NONE',  ( -7.354066466992792428, -4.201360097834864860, 3.262383236929930153 ) ) ;
#153 = ORIENTED_EDGE ( 'NONE', *, *, #617, .F. ) ;
#154 = FILL_AREA_STYLE_COLOUR ( '', #699 ) ;
#155 = DIRECTION ( 'NONE',  ( 1.224646799147353454E-16, 1.000000000000000000, -0.000000000000000000 ) ) ;
#156 =( LENGTH_UNIT ( ) NAMED_UNIT ( * ) SI_UNIT ( .MILLI., .METRE. ) );
#157 = VERTEX_POINT ( 'NONE', #532 ) ;
#158 = ORIENTED_EDGE ( 'NONE', *, *, #777, .T. ) ;
#159 = CARTESIAN_POINT ( 'NONE',  ( 6.928203230275507885, 4.200000000000001066, -4.000000000000002665 ) ) ;
#160 = CARTESIAN_POINT ( 'NONE',  ( 4.618802153517006737, 2.962395692965990701, -8.000000000000000000 ) ) ;
#161 = ADVANCED_FACE ( 'NONE', ( #101 ), #986, .T. ) ;
#162 = FACE_OUTER_BOUND ( 'NONE', #797, .T. ) ;
#163 = CARTESIAN_POINT ( 'NONE',  ( -0.4247987661997318365, -4.200000000000000178, 7.999999999999996447 ) ) ;
#164 = VERTEX_POINT ( 'NONE', #905 ) ;
#165 = LINE ( 'NONE', #1054, #718 ) ;
#166 = CARTESIAN_POINT ( 'NONE',  ( -6.502339993558220677, 4.201360097834863971, 4.737616763070070292 ) ) ;
#167 = EDGE_CURVE ( 'NONE', #179, #1163, #115, .T. ) ;
#168 = CARTESIAN_POINT ( 'NONE',  ( -6.928203230275508773, -4.200000000000000178, -4.000000000000000888 ) ) ;
#169 = STYLED_ITEM ( 'NONE', ( #1083 ), #704 ) ;
#170 = DIRECTION ( 'NONE',  ( -1.224646799147353454E-16, 1.000000000000000000, -0.000000000000000000 ) ) ;
#171 = PRESENTATION_LAYER_ASSIGNMENT (  '', '', ( #422 ) ) ;
#172 = EDGE_LOOP ( 'NONE', ( #1089, #490 ) ) ;
#173 = AXIS2_PLACEMENT_3D ( 'NONE', #507, #961, #140 ) ;
#174 = CARTESIAN_POINT ( 'NONE',  ( 2.964440041539520454, 4.084537549960698399, 7.999999999999998224 ) ) ;
#175 = FACE_OUTER_BOUND ( 'NONE', #74, .T. ) ;
#176 = CARTESIAN_POINT ( 'NONE',  ( 2.973188893067496785, -4.083119493883996753, -8.000000000000000000 ) ) ;
#177 = CARTESIAN_POINT ( 'NONE',  ( -9.222933140265622498, 3.176609285919679948, 0.02541120624916516635 ) ) ;
#178 = B_SPLINE_CURVE_WITH_KNOTS ( 'NONE', 3,
 ( #668, #302, #951, #40, #936, #114, #867, #379, #576, #293, #947, #659, #748, #210, #1102, #488 ),
 .UNSPECIFIED., .F., .F.,
 ( 4, 2, 2, 2, 2, 2, 2, 4 ),
 ( 0.005153329514818598238, 0.006443520579360248468, 0.007733711643901899566, 0.008378807176172725982, 0.009023902708443554133, 0.009668998240714380549, 0.009991546006849795492, 0.01031409377298520870 ),
 .UNSPECIFIED. ) ;
#179 = VERTEX_POINT ( 'NONE', #1156 ) ;
#180 = DIRECTION ( 'NONE',  ( -1.224646799147353454E-16, 1.000000000000000000, -0.000000000000000000 ) ) ;
#181 = CARTESIAN_POINT ( 'NONE',  ( 5.861963994375901876, -4.177987353017137195, -5.846780529601540266 ) ) ;
#182 = CARTESIAN_POINT ( 'NONE',  ( 1.702241559904557056, -4.190349429200885822, 7.999999999999998224 ) ) ;
#183 = EDGE_CURVE ( 'NONE', #64, #347, #796, .T. ) ;
#184 = DIRECTION ( 'NONE',  ( -0.000000000000000000, 1.000000000000000000, -0.000000000000000000 ) ) ;
#185 = ORIENTED_EDGE ( 'NONE', *, *, #1004, .F. ) ;
#186 = CARTESIAN_POINT ( 'NONE',  ( 4.683143404749861460, -3.366616993083764164, -7.888557683842141621 ) ) ;
#187 = DIRECTION ( 'NONE',  ( 0.000000000000000000, 1.000000000000000000, 0.000000000000000000 ) ) ;
#188 = FACE_OUTER_BOUND ( 'NONE', #886, .T. ) ;
#189 = DIRECTION ( 'NONE',  ( -0.000000000000000000, -1.000000000000000000, -0.000000000000000000 ) ) ;
#190 = CIRCLE ( 'NONE', #624, 8.000000000000001776 ) ;
#191 = ORIENTED_EDGE ( 'NONE', *, *, #381, .F. ) ;
#192 = CARTESIAN_POINT ( 'NONE',  ( -4.633473320285392383, 3.176609285919683501, -7.974588793750835514 ) ) ;
#193 = CARTESIAN_POINT ( 'NONE',  ( 6.715274748790362125, -4.200000000000001066, 4.368802948310767320 ) ) ;
#194 = CARTESIAN_POINT ( 'NONE',  ( 4.717749776183812749, -3.450989042010865315, -7.828617690252934302 ) ) ;
#195 = AXIS2_PLACEMENT_3D ( 'NONE', #73, #339, #433 ) ;
#196 = B_SPLINE_CURVE_WITH_KNOTS ( 'NONE', 3,
 ( #1167, #907, #1065, #449, #546, #365, #283, #984, #918, #639, #1069, #730, #926, #527, #1007, #166, #461, #828 ),
 .UNSPECIFIED., .F., .F.,
 ( 4, 2, 2, 2, 2, 2, 2, 2, 4 ),
 ( 1.969447730888949082E-07, 0.0003222677304009345005, 0.0006443385160287800869, 0.0009664093016566255648, 0.001288480087284471151, 0.001932621658540158421, 0.002576763229795846124, 0.003865046372307218495, 0.005153329514818590432 ),
 .UNSPECIFIED. ) ;
#197 = DIRECTION ( 'NONE',  ( -0.5000000000000002220, 0.000000000000000000, -0.8660254037844384856 ) ) ;
#198 = CARTESIAN_POINT ( 'NONE',  ( 0.8496084971663396823, -4.201346847949910313, -8.000000000000005329 ) ) ;
#199 = CARTESIAN_POINT ( 'NONE',  ( 4.618802153517009401, 2.962395692965990701, 7.999999999999998224 ) ) ;
#200 = ORIENTED_EDGE ( 'NONE', *, *, #206, .T. ) ;
#201 = CARTESIAN_POINT ( 'NONE',  ( -4.488118582537199863, 3.369550792430278108, -8.000000000000000000 ) ) ;
#202 = ADVANCED_FACE ( 'NONE', ( #447 ), #16, .F. ) ;
#203 = EDGE_LOOP ( 'NONE', ( #353, #745, #987 ) ) ;
#204 = FACE_OUTER_BOUND ( 'NONE', #734, .T. ) ;
#205 = DIRECTION ( 'NONE',  ( 0.000000000000000000, 0.000000000000000000, 1.000000000000000000 ) ) ;
#206 = EDGE_CURVE ( 'NONE', #157, #533, #910, .T. ) ;
#207 = CARTESIAN_POINT ( 'NONE',  ( -7.781136745382919884, -4.190266715128400321, -2.522675816355647527 ) ) ;
#208 = EDGE_LOOP ( 'NONE', ( #318, #662, #521 ) ) ;
#209 = CARTESIAN_POINT ( 'NONE',  ( 4.933646212451373358, -3.771467729896440080, 7.454674093464467965 ) ) ;
#210 = CARTESIAN_POINT ( 'NONE',  ( -4.633473320285389718, -3.176609285919684833, 7.974588793750839066 ) ) ;
#211 = AXIS2_PLACEMENT_3D ( 'NONE', #354, #275, #729 ) ;
#212 = EDGE_CURVE ( 'NONE', #223, #64, #715, .T. ) ;
#213 = ORIENTED_EDGE ( 'NONE', *, *, #622, .T. ) ;
#214 = CARTESIAN_POINT ( 'NONE',  ( 0.8522887891674142402, 4.201362521316050369, -7.999999999999998224 ) ) ;
#215 = LINE ( 'NONE', #863, #640 ) ;
#216 = CARTESIAN_POINT ( 'NONE',  ( -4.933646212451371582, -3.771467729896438303, -7.454674093464471518 ) ) ;
#217 = EDGE_CURVE ( 'NONE', #147, #260, #670, .T. ) ;
#218 = ORIENTED_EDGE ( 'NONE', *, *, #744, .T. ) ;
#219 = APPLICATION_PROTOCOL_DEFINITION ( 'draft international standard', 'automotive_design', 1998, #713 ) ;
#220 = CARTESIAN_POINT ( 'NONE',  ( -0.4248797910128170874, 4.199962068831947448, -8.000000000000000000 ) ) ;
#221 = DIRECTION ( 'NONE',  ( -1.000000000000000000, -1.224646799147353454E-16, 0.000000000000000000 ) ) ;
#222 = CARTESIAN_POINT ( 'NONE',  ( -6.076533937124928286, -4.190323970480658744, -5.475134486983074034 ) ) ;
#223 = VERTEX_POINT ( 'NONE', #810 ) ;
#224 = CARTESIAN_POINT ( 'NONE',  ( -7.781136745382917219, 4.190266715128400321, 2.522675816355647971 ) ) ;
#225 = CARTESIAN_POINT ( 'NONE',  ( 9.237604307034013473, -2.962395692965991589, -2.602085213965210642E-15 ) ) ;
#226 = AXIS2_PLACEMENT_3D ( 'NONE', #368, #727, #466 ) ;
#227 =( GEOMETRIC_REPRESENTATION_CONTEXT ( 3 ) GLOBAL_UNCERTAINTY_ASSIGNED_CONTEXT ( ( #572 ) ) GLOBAL_UNIT_ASSIGNED_CONTEXT ( ( #156, #976, #519 ) ) REPRESENTATION_CONTEXT ( 'NONE', 'WORKASPACE' ) );
#228 = CARTESIAN_POINT ( 'NONE',  ( -9.237604307034047224, -3.070694209302874178, 5.617268396306343559E-14 ) ) ;
#229 = CARTESIAN_POINT ( 'NONE',  ( 9.173263055801157861, -3.366616993083763720, 0.1114423161578622506 ) ) ;
#230 = CARTESIAN_POINT ( 'NONE',  ( -8.418232251743640759, 4.081962322906827367, 1.419194030065058509 ) ) ;
#231 = CARTESIAN_POINT ( 'NONE',  ( 9.022108428942750891, 3.669476118239525242, -0.3732498096757410622 ) ) ;
#232 = CARTESIAN_POINT ( 'NONE',  ( 8.922760248099644187, -3.771467729896438303, -0.5453259065355364754 ) ) ;
#233 = EDGE_CURVE ( 'NONE', #911, #426, #676, .T. ) ;
#234 = CARTESIAN_POINT ( 'NONE',  ( 0.000000000000000000, 2.962395692965990701, 0.000000000000000000 ) ) ;
#235 = CARTESIAN_POINT ( 'NONE',  ( -8.414451280066570504, -4.083189860389689230, 1.425742865111716551 ) ) ;
#236 = ORIENTED_EDGE ( 'NONE', *, *, #167, .T. ) ;
#237 = SURFACE_STYLE_USAGE ( .BOTH. , #790 ) ;
#238 = CARTESIAN_POINT ( 'NONE',  ( 4.718681643239087897, 3.453155172322069699, -7.827003649167297183 ) ) ;
#239 = CARTESIAN_POINT ( 'NONE',  ( -4.618802153517005848, 4.200000000000000178, -8.000000000000000000 ) ) ;
#240 = CARTESIAN_POINT ( 'NONE',  ( -9.014891954710961386, -3.662627326601616939, 0.3857491096967005650 ) ) ;
#241 = VERTEX_POINT ( 'NONE', #719 ) ;
#242 = CARTESIAN_POINT ( 'NONE',  ( 8.926782031433637243, 3.774582393226856958, -0.5383599734640273082 ) ) ;
#243 = CARTESIAN_POINT ( 'NONE',  ( 5.234374678261562330, 3.996525607785681000, -6.933797111398975588 ) ) ;
#244 = TOROIDAL_SURFACE ( 'NONE', #361, 8.000000000000001776, 1.237604307034010809 ) ;
#245 = CARTESIAN_POINT ( 'NONE',  ( -8.622031782289454327, 3.996525607785680112, -1.066202888601026633 ) ) ;
#246 = AXIS2_PLACEMENT_3D ( 'NONE', #884, #445, #87 ) ;
#247 = ADVANCED_FACE ( 'NONE', ( #175 ), #743, .T. ) ;
#248 = PLANE ( 'NONE',  #173 ) ;
#249 = ORIENTED_EDGE ( 'NONE', *, *, #183, .T. ) ;
#250 = CARTESIAN_POINT ( 'NONE',  ( 9.173263055801157861, 3.366616993083765497, -0.1114423161578661781 ) ) ;
#251 = CARTESIAN_POINT ( 'NONE',  ( 8.309615238046045960, -4.112824853656754875, -1.607324216355707325 ) ) ;
#252 = CARTESIAN_POINT ( 'NONE',  ( -7.354066466992795092, 4.201360097834864860, -3.262383236929930153 ) ) ;
#253 = CARTESIAN_POINT ( 'NONE',  ( 8.625915685185161053, -3.994539901920537428, 1.059475771454001070 ) ) ;
#254 = EDGE_CURVE ( 'NONE', #147, #1163, #584, .T. ) ;
#255 = EDGE_LOOP ( 'NONE', ( #716, #408, #807, #677, #153, #4, #650 ) ) ;
#256 = CARTESIAN_POINT ( 'NONE',  ( 7.354697526780045180, 4.201368122346465839, -3.261290209315802713 ) ) ;
#257 = DIRECTION ( 'NONE',  ( 1.224646799147353454E-16, 1.000000000000000000, -0.000000000000000000 ) ) ;
#258 = PRESENTATION_STYLE_ASSIGNMENT (( #72 ) ) ;
#259 = CARTESIAN_POINT ( 'NONE',  ( 0.000000000000000000, -4.200000000000000178, 0.000000000000000000 ) ) ;
#260 = VERTEX_POINT ( 'NONE', #606 ) ;
#261 = CARTESIAN_POINT ( 'NONE',  ( -6.714959405891510080, 4.199999999999999289, -4.369349138233378227 ) ) ;
#262 =( NAMED_UNIT ( * ) SI_UNIT ( $, .STERADIAN. ) SOLID_ANGLE_UNIT ( ) );
#263 = CARTESIAN_POINT ( 'NONE',  ( 3.381589133234278677, 3.998115155113008523, 7.999999999999996447 ) ) ;
#264 = DIRECTION ( 'NONE',  ( 0.000000000000000000, 0.000000000000000000, 1.000000000000000000 ) ) ;
#265 = CIRCLE ( 'NONE', #938, 8.000000000000000000 ) ;
#266 = CARTESIAN_POINT ( 'NONE',  ( 2.123818238726334684, -4.178431270394334263, -8.000000000000003553 ) ) ;
#267 = EDGE_LOOP ( 'NONE', ( #418, #296, #767, #328, #213, #453 ) ) ;
#268 = CARTESIAN_POINT ( 'NONE',  ( 9.237604307034013473, 2.962395692965991589, -2.602085213965210642E-15 ) ) ;
#269 = CARTESIAN_POINT ( 'NONE',  ( 0.8497590757394102301, 4.199394856786890173, 7.999999999999998224 ) ) ;
#270 = EDGE_CURVE ( 'NONE', #1113, #1027, #981, .T. ) ;
#271 = DIRECTION ( 'NONE',  ( -1.000000000000000000, 1.224646799147353454E-16, 0.000000000000000000 ) ) ;
#272 = CARTESIAN_POINT ( 'NONE',  ( 5.510910596163088569E-16, -4.526061762082101758, -4.500000000000000000 ) ) ;
#273 = DIRECTION ( 'NONE',  ( 0.000000000000000000, 0.000000000000000000, 1.000000000000000000 ) ) ;
#274 = VERTEX_POINT ( 'NONE', #897 ) ;
#275 = DIRECTION ( 'NONE',  ( 1.224646799147353454E-16, -1.000000000000000000, 0.000000000000000000 ) ) ;
#276 = CARTESIAN_POINT ( 'NONE',  ( 4.618802153516972098, -3.070694209302875510, -8.000000000000058620 ) ) ;
#277 = CARTESIAN_POINT ( 'NONE',  ( -4.176228695849559358, 3.660675066028559854, 7.999999999999998224 ) ) ;
#278 = DIRECTION ( 'NONE',  ( -1.000000000000000000, -1.224646799147353454E-16, 0.000000000000000000 ) ) ;
#279 = CARTESIAN_POINT ( 'NONE',  ( 6.075269715168098550, 4.190266715128402097, 5.477324183644351585 ) ) ;
#280 = ORIENTED_EDGE ( 'NONE', *, *, #1168, .T. ) ;
#281 = DIRECTION ( 'NONE',  ( -0.000000000000000000, 1.000000000000000000, -0.000000000000000000 ) ) ;
#282 = PRODUCT_DEFINITION_SHAPE ( 'NONE', 'NONE',  #502 ) ;
#283 = CARTESIAN_POINT ( 'NONE',  ( -4.841514505840051719, 3.662627326601619160, 7.614250890303304153 ) ) ;
#284 = CARTESIAN_POINT ( 'NONE',  ( 5.510910596163088569E-16, -3.699999999999999289, -4.500000000000000000 ) ) ;
#285 = CARTESIAN_POINT ( 'NONE',  ( -9.237604307034015250, 3.071414949476182876, -1.067261513540418427E-16 ) ) ;
#286 = CARTESIAN_POINT ( 'NONE',  ( -4.618802153517004960, 4.200000000000000178, 7.999999999999998224 ) ) ;
#287 = AXIS2_PLACEMENT_3D ( 'NONE', #742, #839, #375 ) ;
#288 = ADVANCED_FACE ( 'NONE', ( #162 ), #793, .F. ) ;
#289 = ORIENTED_EDGE ( 'NONE', *, *, #254, .F. ) ;
#290 =( NAMED_UNIT ( * ) PLANE_ANGLE_UNIT ( ) SI_UNIT ( $, .RADIAN. ) );
#291 = CARTESIAN_POINT ( 'NONE',  ( -2.964440041539508908, 4.084537549960702840, -8.000000000000001776 ) ) ;
#292 = AXIS2_PLACEMENT_3D ( 'NONE', #735, #180, #370 ) ;
#293 = CARTESIAN_POINT ( 'NONE',  ( -4.929624429117377638, -3.774582393226857402, 7.461640026535976133 ) ) ;
#294 = AXIS2_PLACEMENT_3D ( 'NONE', #669, #953, #221 ) ;
#295 = CARTESIAN_POINT ( 'NONE',  ( -8.728625686203528744, -3.937467461392996970, -0.8815768312447364030 ) ) ;
#296 = ORIENTED_EDGE ( 'NONE', *, *, #63, .T. ) ;
#297 = CARTESIAN_POINT ( 'NONE',  ( -3.888884801146929249, 3.819506527844124921, -7.999999999999998224 ) ) ;
#298 = CARTESIAN_POINT ( 'NONE',  ( 6.928203230275507885, -4.200000000000001066, -4.000000000000002665 ) ) ;
#299 = CARTESIAN_POINT ( 'NONE',  ( 1.925929944387235853E-31, -4.200000000000000178, 8.000000000000000000 ) ) ;
#300 = EDGE_LOOP ( 'NONE', ( #832, #978, #563 ) ) ;
#301 = CARTESIAN_POINT ( 'NONE',  ( 5.441955180484446153, -4.083189860389689230, 6.574257134888283893 ) ) ;
#302 = CARTESIAN_POINT ( 'NONE',  ( -6.714959405891508304, -4.200000000000001954, 4.369349138233380003 ) ) ;
#303 = CARTESIAN_POINT ( 'NONE',  ( 5.438174208807378562, 4.081962322906826479, 6.580805969934940158 ) ) ;
#304 = VERTEX_POINT ( 'NONE', #168 ) ;
#305 = CARTESIAN_POINT ( 'NONE',  ( -3.591189876504912171, 3.940524947700298597, -8.000000000000001776 ) ) ;
#306 = COLOUR_RGB ( '',0.7529411764705882248, 0.7529411764705882248, 0.7529411764705882248 ) ;
#307 = STYLED_ITEM ( 'NONE', ( #859 ), #352 ) ;
#308 = CARTESIAN_POINT ( 'NONE',  ( -8.000000000000001776, -4.200000000000000178, 0.000000000000000000 ) ) ;
#309 = EDGE_CURVE ( 'NONE', #853, #983, #991, .T. ) ;
#310 = CARTESIAN_POINT ( 'NONE',  ( -4.683736533074175590, -3.368404857904538474, -7.887530355449021258 ) ) ;
#311 = ORIENTED_EDGE ( 'NONE', *, *, #1117, .F. ) ;
#312 = CARTESIAN_POINT ( 'NONE',  ( -2.128683319877549884, -4.178214913799119579, -7.999999999999998224 ) ) ;
#313 = FACE_OUTER_BOUND ( 'NONE', #996, .T. ) ;
#314 = CARTESIAN_POINT ( 'NONE',  ( -6.715274748790359460, -4.200000000000000178, -4.368802948310767320 ) ) ;
#315 = EDGE_LOOP ( 'NONE', ( #515, #656, #934 ) ) ;
#316 = FACE_OUTER_BOUND ( 'NONE', #1017, .T. ) ;
#317 = CARTESIAN_POINT ( 'NONE',  ( 9.137724817311930536, 3.453155172322072364, 0.1729963508327033994 ) ) ;
#318 = ORIENTED_EDGE ( 'NONE', *, *, #63, .F. ) ;
#319 = EDGE_CURVE ( 'NONE', #508, #1035, #993, .T. ) ;
#320 = DIRECTION ( 'NONE',  ( -1.000000000000000000, 1.224646799147353454E-16, 0.000000000000000000 ) ) ;
#321 = TOROIDAL_SURFACE ( 'NONE', #700, 8.000000000000001776, 1.237604307034010809 ) ;
#322 = DIRECTION ( 'NONE',  ( 1.224646799147353454E-16, -1.000000000000000000, 0.000000000000000000 ) ) ;
#323 = CIRCLE ( 'NONE', #23, 8.000000000000001776 ) ;
#324 = AXIS2_PLACEMENT_3D ( 'NONE', #887, #1044, #509 ) ;
#325 = PRESENTATION_LAYER_ASSIGNMENT (  '', '', ( #849 ) ) ;
#326 = DIRECTION ( 'NONE',  ( 1.000000000000000000, -1.084202172485504187E-16, 0.000000000000000000 ) ) ;
#327 = CARTESIAN_POINT ( 'NONE',  ( -9.137724817311928760, -3.453155172322069699, 0.1729963508327023725 ) ) ;
#328 = ORIENTED_EDGE ( 'NONE', *, *, #837, .F. ) ;
#329 = CARTESIAN_POINT ( 'NONE',  ( 4.841514505840051719, 3.662627326601617828, -7.614250890303300601 ) ) ;
#330 = CARTESIAN_POINT ( 'NONE',  ( 7.141131711760658085, 4.200000000000001954, 3.631197051689234900 ) ) ;
#331 = CARTESIAN_POINT ( 'NONE',  ( -9.237604307034013473, -2.962395692965988925, 0.000000000000000000 ) ) ;
#332 = CARTESIAN_POINT ( 'NONE',  ( 0.000000000000000000, 4.200000000000000178, 0.000000000000000000 ) ) ;
#333 = B_SPLINE_CURVE_WITH_KNOTS ( 'NONE', 3,
 ( #925, #491, #214, #570, #860, #1114, #854, #476, #736, #851, #469, #842, #1095, #564, #34, #13, #391, #755 ),
 .UNSPECIFIED., .F., .F.,
 ( 4, 2, 2, 2, 2, 2, 2, 2, 4 ),
 ( 0.000000000000000000, 0.001278035554776281186, 0.002556071109552561938, 0.003195088886940702314, 0.003834106664328842690, 0.004153615553022912445, 0.004473124441716982633, 0.004792633330411051953, 0.005112142219105121274 ),
 .UNSPECIFIED. ) ;
#334 = ORIENTED_EDGE ( 'NONE', *, *, #873, .F. ) ;
#335 = CARTESIAN_POINT ( 'NONE',  ( -4.618802153517010289, -2.962395692965989813, 7.999999999999998224 ) ) ;
#336 = DIRECTION ( 'NONE',  ( -1.224646799147353454E-16, -1.000000000000000000, 0.000000000000000000 ) ) ;
#337 = EDGE_CURVE ( 'NONE', #241, #1032, #406, .T. ) ;
#338 = DIRECTION ( 'NONE',  ( 0.000000000000000000, 0.000000000000000000, 1.000000000000000000 ) ) ;
#339 = DIRECTION ( 'NONE',  ( 0.000000000000000000, 1.000000000000000000, 0.000000000000000000 ) ) ;
#340 = CARTESIAN_POINT ( 'NONE',  ( 9.237604307034047224, 3.070694209302875954, 5.301579216864667715E-14 ) ) ;
#341 = CARTESIAN_POINT ( 'NONE',  ( 5.441955180484441712, 4.083189860389689230, -6.574257134888283893 ) ) ;
#342 = AXIS2_PLACEMENT_3D ( 'NONE', #349, #322, #1037 ) ;
#343 = SURFACE_SIDE_STYLE ('',( #439 ) ) ;
#344 = MECHANICAL_DESIGN_GEOMETRIC_PRESENTATION_REPRESENTATION (  '', ( #849 ), #227 ) ;
#345 = CARTESIAN_POINT ( 'NONE',  ( -9.172669927476841067, -3.368404857904535810, 0.1124696445509813930 ) ) ;
#346 = CARTESIAN_POINT ( 'NONE',  ( -9.237604307034013473, 2.962395692965988925, 0.000000000000000000 ) ) ;
#347 = VERTEX_POINT ( 'NONE', #48 ) ;
#348 = FACE_OUTER_BOUND ( 'NONE', #255, .T. ) ;
#349 = CARTESIAN_POINT ( 'NONE',  ( 0.000000000000000000, 4.200000000000000178, 0.000000000000000000 ) ) ;
#350 = DIRECTION ( 'NONE',  ( -0.000000000000000000, 1.000000000000000000, -0.000000000000000000 ) ) ;
#351 = CARTESIAN_POINT ( 'NONE',  ( 8.728625686203526968, -3.937467461392999191, 0.8815768312447372912 ) ) ;
#352 = ADVANCED_BREP_SHAPE_REPRESENTATION ( 'ISO 4032 Nut M10x1', ( #704, #1077 ), #741 ) ;
#353 = ORIENTED_EDGE ( 'NONE', *, *, #125, .T. ) ;
#354 = CARTESIAN_POINT ( 'NONE',  ( 0.000000000000000000, 4.200000000000000178, 0.000000000000000000 ) ) ;
#355 = CARTESIAN_POINT ( 'NONE',  ( 3.888884801146936798, 3.819506527844124033, 7.999999999999998224 ) ) ;
#356 = DIRECTION ( 'NONE',  ( -0.8660254037844387076, 0.000000000000000000, -0.5000000000000001110 ) ) ;
#357 = ORIENTED_EDGE ( 'NONE', *, *, #217, .T. ) ;
#358 = CARTESIAN_POINT ( 'NONE',  ( -9.479937697598170579E-16, -4.200000000000000178, 0.000000000000000000 ) ) ;
#359 = EDGE_CURVE ( 'NONE', #390, #853, #215, .T. ) ;
#360 = CARTESIAN_POINT ( 'NONE',  ( -6.928203230275510549, 4.200000000000000178, -4.000000000000001776 ) ) ;
#361 = AXIS2_PLACEMENT_3D ( 'NONE', #505, #685, #598 ) ;
#362 = CARTESIAN_POINT ( 'NONE',  ( 0.000000000000000000, 3.699999999999993072, 0.000000000000000000 ) ) ;
#363 = ORIENTED_EDGE ( 'NONE', *, *, #1025, .F. ) ;
#364 = FACE_OUTER_BOUND ( 'NONE', #1081, .T. ) ;
#365 = CARTESIAN_POINT ( 'NONE',  ( -4.797077129101452009, 3.599266832974234109, 7.691218684569636643 ) ) ;
#366 = CARTESIAN_POINT ( 'NONE',  ( -3.897108975210486825, 3.815739430406304145, 7.999999999999998224 ) ) ;
#367 = DIRECTION ( 'NONE',  ( 1.000000000000000000, -1.084202172485504187E-16, 0.000000000000000000 ) ) ;
#368 = CARTESIAN_POINT ( 'NONE',  ( 0.000000000000000000, -2.962395692965990701, 0.000000000000000000 ) ) ;
#369 = VERTEX_POINT ( 'NONE', #472 ) ;
#370 = DIRECTION ( 'NONE',  ( -1.000000000000000000, -1.224646799147353454E-16, 0.000000000000000000 ) ) ;
#371 = CARTESIAN_POINT ( 'NONE',  ( 4.588717034107453685, 3.178899504127043585, 7.999999999999998224 ) ) ;
#372 = CARTESIAN_POINT ( 'NONE',  ( -4.490625275939022387, 3.365714075070526778, 8.000000000000001776 ) ) ;
#373 = EDGE_CURVE ( 'NONE', #892, #1123, #732, .T. ) ;
#374 = DIRECTION ( 'NONE',  ( -1.224646799147353454E-16, -1.000000000000000000, 0.000000000000000000 ) ) ;
#375 = DIRECTION ( 'NONE',  ( -1.000000000000000000, 0.000000000000000000, -0.000000000000000000 ) ) ;
#376 = ORIENTED_EDGE ( 'NONE', *, *, #485, .T. ) ;
#377 = CARTESIAN_POINT ( 'NONE',  ( -4.683143404749863237, 3.366616993083762832, -7.888557683842141621 ) ) ;
#378 = CARTESIAN_POINT ( 'NONE',  ( -3.985532395662849670, 3.773356357392371851, -7.999999999999998224 ) ) ;
#379 = CARTESIAN_POINT ( 'NONE',  ( -5.230490775365853828, -3.994539901920537428, 6.940524228546000707 ) ) ;
#380 = CARTESIAN_POINT ( 'NONE',  ( -1.704286896799091622, 4.190301953412444824, 7.999999999999998224 ) ) ;
#381 = EDGE_CURVE ( 'NONE', #347, #1032, #726, .T. ) ;
#382 = CARTESIAN_POINT ( 'NONE',  ( 4.488999949758512464, -3.368388373009550740, -7.999999999999998224 ) ) ;
#383 = CARTESIAN_POINT ( 'NONE',  ( -8.625915685185155724, -3.994539901920536540, -1.059475771454001292 ) ) ;
#384 = AXIS2_PLACEMENT_3D ( 'NONE', #499, #139, #326 ) ;
#385 = ORIENTED_EDGE ( 'NONE', *, *, #744, .F. ) ;
#386 = CARTESIAN_POINT ( 'NONE',  ( 5.863113352446648108, -4.177971114334130043, 5.844789783026922869 ) ) ;
#387 = CARTESIAN_POINT ( 'NONE',  ( -4.618802153517005848, -2.962395692965989813, -8.000000000000001776 ) ) ;
#388 = VECTOR ( 'NONE', #496, 1000.000000000000000 ) ;
#389 = CARTESIAN_POINT ( 'NONE',  ( 5.230490775365863598, 3.994539901920538316, 6.940524228546000707 ) ) ;
#390 = VERTEX_POINT ( 'NONE', #284 ) ;
#391 = CARTESIAN_POINT ( 'NONE',  ( 4.618802153517372666, 3.070056286026331183, -8.000000000000003553 ) ) ;
#392 = CARTESIAN_POINT ( 'NONE',  ( 0.000000000000000000, -4.200000000000000178, 0.000000000000000000 ) ) ;
#393 = B_SPLINE_CURVE_WITH_KNOTS ( 'NONE', 3,
 ( #752, #124, #482, #737, #312, #764, #861, #932, #109, #402, #477, #843, #571, #21, #29, #387 ),
 .UNSPECIFIED., .F., .F.,
 ( 4, 2, 2, 2, 2, 2, 2, 4 ),
 ( 0.005214165576141695756, 0.006504532252849130891, 0.007794898929556566894, 0.008440082267910284028, 0.009085265606264001162, 0.009730448944617716561, 0.01005304061379457339, 0.01037563228297143196 ),
 .UNSPECIFIED. ) ;
#394 = ORIENTED_EDGE ( 'NONE', *, *, #629, .F. ) ;
#395 = DIRECTION ( 'NONE',  ( -1.224646799147353454E-16, -1.000000000000000000, 0.000000000000000000 ) ) ;
#396 = FILL_AREA_STYLE ('',( #120 ) ) ;
#397 = EDGE_CURVE ( 'NONE', #870, #533, #613, .T. ) ;
#398 = CARTESIAN_POINT ( 'NONE',  ( 0.000000000000000000, 3.699999999999993072, 0.000000000000000000 ) ) ;
#399 = UNCERTAINTY_MEASURE_WITH_UNIT (LENGTH_MEASURE( 1.000000000000000082E-05 ), #96, 'distance_accuracy_value', 'NONE');
#400 = ORIENTED_EDGE ( 'NONE', *, *, #359, .T. ) ;
#401 = CARTESIAN_POINT ( 'NONE',  ( 4.718681643239091450, -3.453155172322071920, 7.827003649167298960 ) ) ;
#402 = CARTESIAN_POINT ( 'NONE',  ( -3.994220278810601155, -3.775927419601436963, -8.000000000000001776 ) ) ;
#403 = PRESENTATION_LAYER_ASSIGNMENT (  '', '', ( #169 ) ) ;
#404 = MECHANICAL_DESIGN_GEOMETRIC_PRESENTATION_REPRESENTATION (  '', ( #422 ), #802 ) ;
#405 = CARTESIAN_POINT ( 'NONE',  ( 3.994220278810606040, -3.775927419601437851, 7.999999999999998224 ) ) ;
#406 = CIRCLE ( 'NONE', #899, 5.000000000000007994 ) ;
#407 = CARTESIAN_POINT ( 'NONE',  ( -5.546791222504975138, -4.112824853656753099, -6.392675783644301113 ) ) ;
#408 = ORIENTED_EDGE ( 'NONE', *, *, #125, .F. ) ;
#409 = B_SPLINE_CURVE_WITH_KNOTS ( 'NONE', 3,
 ( #690, #1042, #674, #224, #678, #1134, #230, #141, #876, #56, #995, #795, #93, #177, #817, #346 ),
 .UNSPECIFIED., .F., .F.,
 ( 4, 2, 2, 2, 2, 2, 2, 4 ),
 ( 0.005153329514818590432, 0.006443520579360239794, 0.007733711643901889157, 0.008378807176172713839, 0.009023902708443540255, 0.009668998240714366671, 0.009991546006849778144, 0.01031409377298518962 ),
 .UNSPECIFIED. ) ;
#410 = CARTESIAN_POINT ( 'NONE',  ( 3.396094945054309644, -3.994442516667616516, 7.999999999999998224 ) ) ;
#411 = EDGE_CURVE ( 'NONE', #123, #369, #135, .T. ) ;
#412 = CARTESIAN_POINT ( 'NONE',  ( 8.725925877500465333, 3.939176312133596536, 0.8862530370891599230 ) ) ;
#413 = ORIENTED_EDGE ( 'NONE', *, *, #1025, .T. ) ;
#414 = CARTESIAN_POINT ( 'NONE',  ( 9.138656684367205685, 3.450989042010865315, -0.1713823097470703050 ) ) ;
#415 = CARTESIAN_POINT ( 'NONE',  ( 6.502339993558222453, 4.201360097834866636, -4.737616763070072956 ) ) ;
#416 = CARTESIAN_POINT ( 'NONE',  ( 7.354066466992795092, 4.201360097834866636, 3.262383236929931041 ) ) ;
#417 = CARTESIAN_POINT ( 'NONE',  ( -9.222784663438833519, -3.177651271041055381, 0.02566837565691431136 ) ) ;
#418 = ORIENTED_EDGE ( 'NONE', *, *, #873, .T. ) ;
#419 = DIRECTION ( 'NONE',  ( -1.224646799147353454E-16, -1.000000000000000000, 0.000000000000000000 ) ) ;
#420 = CARTESIAN_POINT ( 'NONE',  ( 9.237604307034015250, -3.071414949476184653, -4.070840344504165852E-15 ) ) ;
#421 = PRODUCT_DEFINITION_FORMATION_WITH_SPECIFIED_SOURCE ( 'ANY', '', #138, .NOT_KNOWN. ) ;
#422 = STYLED_ITEM ( 'NONE', ( #962 ), #1070 ) ;
#423 = CARTESIAN_POINT ( 'NONE',  ( 7.993293108104376543, 4.177971114334131819, 2.155210216973081572 ) ) ;
#424 = CARTESIAN_POINT ( 'NONE',  ( -2.973188893067499450, -4.083119493883997642, 8.000000000000000000 ) ) ;
#425 = B_SPLINE_CURVE_WITH_KNOTS ( 'NONE', 3,
 ( #949, #50, #1128, #1031, #317, #874, #506, #759, #955, #412, #773, #583, #1112, #423, #1132, #416, #330, #1050 ),
 .UNSPECIFIED., .F., .F.,
 ( 4, 2, 2, 2, 2, 2, 2, 2, 4 ),
 ( 1.969447730902000536E-07, 0.0003222677304009345005, 0.0006443385160287787858, 0.0009664093016566230711, 0.001288480087284467248, 0.001932621658540155819, 0.002576763229795844389, 0.003865046372307221530, 0.005153329514818599105 ),
 .UNSPECIFIED. ) ;
#426 = VERTEX_POINT ( 'NONE', #308 ) ;
#427 =( NAMED_UNIT ( * ) SI_UNIT ( $, .STERADIAN. ) SOLID_ANGLE_UNIT ( ) );
#428 = ADVANCED_FACE ( 'NONE', ( #664 ), #1030, .F. ) ;
#429 = CARTESIAN_POINT ( 'NONE',  ( -3.595257048395108512, -3.939278949484821712, 8.000000000000000000 ) ) ;
#430 = CARTESIAN_POINT ( 'NONE',  ( -0.2124399188244247560, 4.200005411495420837, -8.000000000000000000 ) ) ;
#431 = CARTESIAN_POINT ( 'NONE',  ( 9.237604307034013473, 2.962395692965991589, -2.602085213965210642E-15 ) ) ;
#432 = CARTESIAN_POINT ( 'NONE',  ( 4.618802153517008513, -2.962395692965988037, 7.999999999999998224 ) ) ;
#433 = DIRECTION ( 'NONE',  ( 0.000000000000000000, 0.000000000000000000, 1.000000000000000000 ) ) ;
#434 = ORIENTED_EDGE ( 'NONE', *, *, #217, .F. ) ;
#435 = CARTESIAN_POINT ( 'NONE',  ( 7.994442466175116557, 4.177987353017138084, -2.153219470398467728 ) ) ;
#436 = DIRECTION ( 'NONE',  ( -0.000000000000000000, -1.000000000000000000, -0.000000000000000000 ) ) ;
#437 = AXIS2_PLACEMENT_3D ( 'NONE', #1072, #550, #84 ) ;
#438 = AXIS2_PLACEMENT_3D ( 'NONE', #392, #653, #1106 ) ;
#439 = SURFACE_STYLE_FILL_AREA ( #67 ) ;
#440 = TOROIDAL_SURFACE ( 'NONE', #1039, 8.000000000000001776, 1.237604307034010809 ) ;
#441 = ORIENTED_EDGE ( 'NONE', *, *, #98, .F. ) ;
#442 = ORIENTED_EDGE ( 'NONE', *, *, #565, .T. ) ;
#443 = CARTESIAN_POINT ( 'NONE',  ( 0.000000000000000000, 4.200000000000000178, 0.000000000000000000 ) ) ;
#444 = DIRECTION ( 'NONE',  ( -1.000000000000000000, 1.084202172485504434E-16, 0.000000000000000000 ) ) ;
#445 = DIRECTION ( 'NONE',  ( 0.000000000000000000, 0.000000000000000000, 1.000000000000000000 ) ) ;
#446 = ADVANCED_FACE ( 'NONE', ( #313 ), #44, .T. ) ;
#447 = FACE_OUTER_BOUND ( 'NONE', #945, .T. ) ;
#448 = EDGE_LOOP ( 'NONE', ( #102, #711, #770 ) ) ;
#449 = CARTESIAN_POINT ( 'NONE',  ( -4.683736533074172925, 3.368404857904538030, 7.887530355449021258 ) ) ;
#450 = B_SPLINE_CURVE_WITH_KNOTS ( 'NONE', 3,
 ( #68, #1139, #1003, #382, #811, #1079, #1066, #542, #10, #176, #645, #266, #619, #198, #999, #929 ),
 .UNSPECIFIED., .F., .F.,
 ( 4, 2, 2, 2, 2, 2, 2, 4 ),
 ( 6.169851745103296784E-05, 0.0003837277086191999875, 0.0007057568997873669937, 0.001349815282123701006, 0.001993873664460033609, 0.002637932046796366212, 0.003926048811469031417, 0.005214165576141695756 ),
 .UNSPECIFIED. ) ;
#451 = CARTESIAN_POINT ( 'NONE',  ( -7.141131711760655421, 4.200000000000000178, -3.631197051689236233 ) ) ;
#452 = DIRECTION ( 'NONE',  ( 1.224646799147353454E-16, 1.000000000000000000, -0.000000000000000000 ) ) ;
#453 = ORIENTED_EDGE ( 'NONE', *, *, #804, .T. ) ;
#454 = DIRECTION ( 'NONE',  ( 0.000000000000000000, 0.000000000000000000, 1.000000000000000000 ) ) ;
#455 = CARTESIAN_POINT ( 'NONE',  ( 0.000000000000000000, 4.200000000000000178, 0.000000000000000000 ) ) ;
#456 = CARTESIAN_POINT ( 'NONE',  ( 0.000000000000000000, 4.200000000000000178, 0.000000000000000000 ) ) ;
#457 = TOROIDAL_SURFACE ( 'NONE', #226, 8.000000000000001776, 1.237604307034010809 ) ;
#458 = DIRECTION ( 'NONE',  ( -0.5000000000000000000, 0.000000000000000000, 0.8660254037844385966 ) ) ;
#459 = ORIENTED_EDGE ( 'NONE', *, *, #1137, .F. ) ;
#460 = DIRECTION ( 'NONE',  ( -0.8660254037844384856, 0.000000000000000000, 0.5000000000000004441 ) ) ;
#461 = CARTESIAN_POINT ( 'NONE',  ( -6.715274748790359460, 4.200000000000000178, 4.368802948310767320 ) ) ;
#462 = ADVANCED_FACE ( 'NONE', ( #131, #316 ), #914, .T. ) ;
#463 = CARTESIAN_POINT ( 'NONE',  ( 4.421498044645769454, -3.450413262045732399, 7.999999999999998224 ) ) ;
#464 = B_SPLINE_CURVE_WITH_KNOTS ( 'NONE', 3,
 ( #112, #848, #655, #279, #121, #852, #303, #389, #489, #25, #30, #749, #3, #558, #1103, #199 ),
 .UNSPECIFIED., .F., .F.,
 ( 4, 2, 2, 2, 2, 2, 2, 4 ),
 ( 0.005153329514818599105, 0.006443520579360251938, 0.007733711643901903902, 0.008378807176172731186, 0.009023902708443555867, 0.009668998240714382283, 0.009991546006849793757, 0.01031409377298520523 ),
 .UNSPECIFIED. ) ;
#465 = CARTESIAN_POINT ( 'NONE',  ( 4.618802153517008513, 4.200000000000000178, 7.999999999999998224 ) ) ;
#466 = DIRECTION ( 'NONE',  ( -1.000000000000000000, 1.224646799147353454E-16, 0.000000000000000000 ) ) ;
#467 = ORIENTED_EDGE ( 'NONE', *, *, #634, .T. ) ;
#468 =( LENGTH_UNIT ( ) NAMED_UNIT ( * ) SI_UNIT ( .MILLI., .METRE. ) );
#469 = CARTESIAN_POINT ( 'NONE',  ( 3.992988696320705522, 3.769437493000489692, -8.000000000000000000 ) ) ;
#470 = CARTESIAN_POINT ( 'NONE',  ( 4.417705795728181783, 3.454680609770846900, 7.999999999999998224 ) ) ;
#471 = ADVANCED_FACE ( 'NONE', ( #921 ), #440, .T. ) ;
#472 = CARTESIAN_POINT ( 'NONE',  ( -4.618802153517004960, 2.962395692965988925, 7.999999999999998224 ) ) ;
#473 = DIRECTION ( 'NONE',  ( 0.000000000000000000, 0.000000000000000000, 1.000000000000000000 ) ) ;
#474 = PLANE ( 'NONE',  #287 ) ;
#475 = EDGE_LOOP ( 'NONE', ( #840, #27, #1100, #334, #357, #754 ) ) ;
#476 = CARTESIAN_POINT ( 'NONE',  ( 3.393573084474135193, 3.995022235156586721, -7.999999999999998224 ) ) ;
#477 = CARTESIAN_POINT ( 'NONE',  ( -4.187017291416400333, -3.670262848421349755, -8.000000000000000000 ) ) ;
#478 = AXIS2_PLACEMENT_3D ( 'NONE', #332, #47, #62 ) ;
#479 = ORIENTED_EDGE ( 'NONE', *, *, #588, .T. ) ;
#480 = CARTESIAN_POINT ( 'NONE',  ( 4.618802153517008513, -2.962395692965988037, 7.999999999999998224 ) ) ;
#481 = CIRCLE ( 'NONE', #211, 8.000000000000001776 ) ;
#482 = CARTESIAN_POINT ( 'NONE',  ( -0.8510704468916262533, -4.201357333921363235, -8.000000000000000000 ) ) ;
#483 = AXIS2_PLACEMENT_3D ( 'NONE', #904, #1138, #264 ) ;
#484 = CARTESIAN_POINT ( 'NONE',  ( -9.022108428942750891, -3.669476118239524798, -0.3732498096757390083 ) ) ;
#485 = EDGE_CURVE ( 'NONE', #1027, #683, #518, .T. ) ;
#486 = ORIENTED_EDGE ( 'NONE', *, *, #565, .F. ) ;
#487 = CARTESIAN_POINT ( 'NONE',  ( 4.633621797112186691, -3.177651271041057601, 7.974331624343083291 ) ) ;
#488 = CARTESIAN_POINT ( 'NONE',  ( -4.618802153517010289, -2.962395692965989813, 7.999999999999998224 ) ) ;
#489 = CARTESIAN_POINT ( 'NONE',  ( 5.127780774347495019, 3.937467461393000079, 7.118423168755264818 ) ) ;
#490 = ORIENTED_EDGE ( 'NONE', *, *, #1117, .T. ) ;
#491 = CARTESIAN_POINT ( 'NONE',  ( 0.4261284541126377223, 4.200000000000120970, -8.000000000000000000 ) ) ;
#492 = CARTESIAN_POINT ( 'NONE',  ( 2.766119333037710515, -4.112440398173810685, 7.999999999999998224 ) ) ;
#493 = CARTESIAN_POINT ( 'NONE',  ( -5.130480583050553989, -3.939176312133594760, -7.113746962910840743 ) ) ;
#494 = ORIENTED_EDGE ( 'NONE', *, *, #847, .F. ) ;
#495 = CIRCLE ( 'NONE', #1008, 8.000000000000001776 ) ;
#496 = DIRECTION ( 'NONE',  ( -0.000000000000000000, -1.000000000000000000, -0.000000000000000000 ) ) ;
#497 = CLOSED_SHELL ( 'NONE', ( #530, #1107, #288, #111, #143, #202, #1122, #43, #944, #428, #889, #446, #1056, #971, #1086, #580, #710, #462, #471, #161, #247, #725, #855, #1049, #1016, #1070, #1036, #909 ) ) ;
#498 = EDGE_CURVE ( 'NONE', #390, #223, #919, .T. ) ;
#499 = CARTESIAN_POINT ( 'NONE',  ( 0.000000000000000000, -4.200000000000000178, 0.000000000000000000 ) ) ;
#500 = ORIENTED_EDGE ( 'NONE', *, *, #183, .F. ) ;
#501 = CARTESIAN_POINT ( 'NONE',  ( 4.933646212451368918, 3.771467729896438303, -7.454674093464471518 ) ) ;
#502 = PRODUCT_DEFINITION ( 'UNKNOWN', '', #421, #857 ) ;
#503 = FACE_OUTER_BOUND ( 'NONE', #11, .T. ) ;
#504 = CARTESIAN_POINT ( 'NONE',  ( -4.183515340382192527, -3.672815147077421738, 8.000000000000000000 ) ) ;
#505 = CARTESIAN_POINT ( 'NONE',  ( 0.000000000000000000, 2.962395692965990701, 0.000000000000000000 ) ) ;
#506 = CARTESIAN_POINT ( 'NONE',  ( 9.014891954710963162, 3.662627326601620492, 0.3857491096967023969 ) ) ;
#507 = CARTESIAN_POINT ( 'NONE',  ( 4.618802153517005848, 4.200000000000000178, -8.000000000000000000 ) ) ;
#508 = VERTEX_POINT ( 'NONE', #872 ) ;
#509 = DIRECTION ( 'NONE',  ( -1.000000000000000000, -1.224646799147353454E-16, 0.000000000000000000 ) ) ;
#510 = CIRCLE ( 'NONE', #697, 8.000000000000001776 ) ;
#511 = DIRECTION ( 'NONE',  ( 0.000000000000000000, 0.000000000000000000, 1.000000000000000000 ) ) ;
#512 = DIRECTION ( 'NONE',  ( -0.000000000000000000, -1.000000000000000000, -0.000000000000000000 ) ) ;
#513 = CARTESIAN_POINT ( 'NONE',  ( 7.354697526780044292, -4.201368122346466727, 3.261290209315801381 ) ) ;
#514 = EDGE_CURVE ( 'NONE', #648, #304, #323, .T. ) ;
#515 = ORIENTED_EDGE ( 'NONE', *, *, #411, .F. ) ;
#516 = DIRECTION ( 'NONE',  ( -0.000000000000000000, -1.000000000000000000, -0.000000000000000000 ) ) ;
#517 = CARTESIAN_POINT ( 'NONE',  ( 0.000000000000000000, 3.699999999999993072, 0.000000000000000000 ) ) ;
#518 = B_SPLINE_CURVE_WITH_KNOTS ( 'NONE', 3,
 ( #225, #420, #1061, #589, #693, #1048, #605, #232, #149, #71, #772, #883, #251, #894, #1045, #1055, #958, #878 ),
 .UNSPECIFIED., .F., .F.,
 ( 4, 2, 2, 2, 2, 2, 2, 2, 4 ),
 ( 1.969447730903691690E-07, 0.0003222677304009348800, 0.0006443385160287792195, 0.0009664093016566237216, 0.001288480087284468115, 0.001932621658540157336, 0.002576763229795846558, 0.003865046372307224566, 0.005153329514818602575 ),
 .UNSPECIFIED. ) ;
#519 =( NAMED_UNIT ( * ) SI_UNIT ( $, .STERADIAN. ) SOLID_ANGLE_UNIT ( ) );
#520 = CARTESIAN_POINT ( 'NONE',  ( -4.420000530603775957, -3.452175407802214657, 7.999999999999998224 ) ) ;
#521 = ORIENTED_EDGE ( 'NONE', *, *, #617, .T. ) ;
#522 = CYLINDRICAL_SURFACE ( 'NONE', #846, 4.500000000000000000 ) ;
#523 = CARTESIAN_POINT ( 'NONE',  ( 5.130480583050554877, 3.939176312133595648, -7.113746962910842520 ) ) ;
#524 = CARTESIAN_POINT ( 'NONE',  ( -2.760485026368411088, -4.113161906529669842, 8.000000000000000000 ) ) ;
#525 = ORIENTED_EDGE ( 'NONE', *, *, #927, .F. ) ;
#526 = DIRECTION ( 'NONE',  ( 0.5000000000000003331, 0.000000000000000000, 0.8660254037844383745 ) ) ;
#527 = CARTESIAN_POINT ( 'NONE',  ( -5.863113352446645443, 4.177971114334129155, 5.844789783026921093 ) ) ;
#528 = AXIS2_PLACEMENT_3D ( 'NONE', #1092, #356, #458 ) ;
#529 = AXIS2_PLACEMENT_3D ( 'NONE', #1023, #1019, #205 ) ;
#530 = ADVANCED_FACE ( 'NONE', ( #980 ), #587, .F. ) ;
#531 = AXIS2_PLACEMENT_3D ( 'NONE', #890, #805, #714 ) ;
#532 = CARTESIAN_POINT ( 'NONE',  ( 4.618802153517009401, 2.962395692965990701, 7.999999999999998224 ) ) ;
#533 = VERTEX_POINT ( 'NONE', #432 ) ;
#534 =( NAMED_UNIT ( * ) SI_UNIT ( $, .STERADIAN. ) SOLID_ANGLE_UNIT ( ) );
#535 = CARTESIAN_POINT ( 'NONE',  ( 2.754600876293561651, 4.113873981302350380, 8.000000000000000000 ) ) ;
#536 = CARTESIAN_POINT ( 'NONE',  ( 0.000000000000000000, 4.200000000000000178, 0.000000000000000000 ) ) ;
#537 = LINE ( 'NONE', #272, #774 ) ;
#538 = EDGE_LOOP ( 'NONE', ( #441, #631, #95, #249 ) ) ;
#539 = CARTESIAN_POINT ( 'NONE',  ( -6.501708933770973253, 4.201368122346464062, -4.738709790684200840 ) ) ;
#540 = CARTESIAN_POINT ( 'NONE',  ( 0.4248797910128175870, 4.199962068831948336, 7.999999999999998224 ) ) ;
#541 = CARTESIAN_POINT ( 'NONE',  ( -2.130777158276489391, 4.178079402155152167, 7.999999999999998224 ) ) ;
#542 = CARTESIAN_POINT ( 'NONE',  ( 3.595257048395104960, -3.939278949484822601, -8.000000000000000000 ) ) ;
#543 = EDGE_CURVE ( 'NONE', #892, #19, #641, .T. ) ;
#544 = ORIENTED_EDGE ( 'NONE', *, *, #672, .F. ) ;
#545 = APPLICATION_PROTOCOL_DEFINITION ( 'draft international standard', 'automotive_design', 1998, #110 ) ;
#546 = CARTESIAN_POINT ( 'NONE',  ( -4.718681643239087897, 3.453155172322072364, 7.827003649167304289 ) ) ;
#547 = DIRECTION ( 'NONE',  ( 0.000000000000000000, -0.000000000000000000, 1.000000000000000000 ) ) ;
#548 = AXIS2_PLACEMENT_3D ( 'NONE', #239, #600, #970 ) ;
#549 = MECHANICAL_DESIGN_GEOMETRIC_PRESENTATION_REPRESENTATION (  '', ( #307 ), #940 ) ;
#550 = DIRECTION ( 'NONE',  ( 1.224646799147353454E-16, -1.000000000000000000, 0.000000000000000000 ) ) ;
#551 = AXIS2_PLACEMENT_3D ( 'NONE', #618, #350, #985 ) ;
#552 = ORIENTED_EDGE ( 'NONE', *, *, #837, .T. ) ;
#553 = DIRECTION ( 'NONE',  ( 0.000000000000000000, 0.000000000000000000, -1.000000000000000000 ) ) ;
#554 = CARTESIAN_POINT ( 'NONE',  ( 0.000000000000000000, -2.962395692965990701, 0.000000000000000000 ) ) ;
#555 = CARTESIAN_POINT ( 'NONE',  ( 4.171280868098055095, 3.664085859130943312, 7.999999999999996447 ) ) ;
#556 = CARTESIAN_POINT ( 'NONE',  ( -4.618802153517376219, 3.070056286026328962, 7.999999999999996447 ) ) ;
#557 = CARTESIAN_POINT ( 'NONE',  ( -9.014891954710963162, 3.662627326601617384, -0.3857491096967013422 ) ) ;
#558 = CARTESIAN_POINT ( 'NONE',  ( 4.633473320285394159, 3.176609285919681724, 7.974588793750833737 ) ) ;
#559 = EDGE_LOOP ( 'NONE', ( #602, #1157, #1152, #363 ) ) ;
#560 = PRODUCT_CONTEXT ( 'NONE', #110, 'mechanical' ) ;
#561 = CARTESIAN_POINT ( 'NONE',  ( -4.260177956160828394, 3.600914527603101156, -8.000000000000000000 ) ) ;
#562 = CARTESIAN_POINT ( 'NONE',  ( 1.925929944387235853E-31, 4.200000000000000178, 8.000000000000000000 ) ) ;
#563 = ORIENTED_EDGE ( 'NONE', *, *, #599, .F. ) ;
#564 = CARTESIAN_POINT ( 'NONE',  ( 4.421164788682257374, 3.450799083968673298, -7.999999999999998224 ) ) ;
#565 = EDGE_CURVE ( 'NONE', #19, #274, #132, .T. ) ;
#566 = TOROIDAL_SURFACE ( 'NONE', #1111, 8.000000000000001776, 1.237604307034010809 ) ;
#567 = CARTESIAN_POINT ( 'NONE',  ( -7.994442466175116557, -4.177987353017136307, -2.153219470398465507 ) ) ;
#568 = VERTEX_POINT ( 'NONE', #681 ) ;
#569 = DIRECTION ( 'NONE',  ( 1.000000000000000000, 0.000000000000000000, 0.000000000000000000 ) ) ;
#570 = CARTESIAN_POINT ( 'NONE',  ( 1.704286896799089623, 4.190301953412443048, -7.999999999999998224 ) ) ;
#571 = CARTESIAN_POINT ( 'NONE',  ( -4.490006071337595550, -3.366854961236419364, -8.000000000000003553 ) ) ;
#572 = UNCERTAINTY_MEASURE_WITH_UNIT (LENGTH_MEASURE( 1.000000000000000082E-05 ), #156, 'distance_accuracy_value', 'NONE');
#573 = ORIENTED_EDGE ( 'NONE', *, *, #821, .T. ) ;
#574 = SHAPE_DEFINITION_REPRESENTATION ( #282, #352 ) ;
#575 = CARTESIAN_POINT ( 'NONE',  ( 0.000000000000000000, 2.962395692965990701, 0.000000000000000000 ) ) ;
#576 = CARTESIAN_POINT ( 'NONE',  ( -5.127780774347489690, -3.937467461392997858, 7.118423168755264818 ) ) ;
#577 = CARTESIAN_POINT ( 'NONE',  ( 4.618802153517005848, 4.200000000000000178, -8.000000000000000000 ) ) ;
#578 = CARTESIAN_POINT ( 'NONE',  ( -4.618802153517005848, -3.071414949476183764, -8.000000000000005329 ) ) ;
#579 = EDGE_LOOP ( 'NONE', ( #37, #573 ) ) ;
#580 = ADVANCED_FACE ( 'NONE', ( #593 ), #244, .T. ) ;
#581 = CARTESIAN_POINT ( 'NONE',  ( -0.4261284541126367786, 4.200000000000122746, 8.000000000000000000 ) ) ;
#582 = B_SPLINE_CURVE_WITH_KNOTS ( 'NONE', 3,
 ( #612, #977, #982, #806, #520, #504, #775, #429, #1129, #424, #524, #794, #898, #1133, #163, #79 ),
 .UNSPECIFIED., .F., .F.,
 ( 4, 2, 2, 2, 2, 2, 2, 4 ),
 ( 6.169851745103201916E-05, 0.0003837277086191981444, 0.0007057568997873642832, 0.001349815282123696669, 0.001993873664460028838, 0.002637932046796361008, 0.003926048811469027948, 0.005214165576141694888 ),
 .UNSPECIFIED. ) ;
#583 = CARTESIAN_POINT ( 'NONE',  ( 8.414451280066572281, 4.083189860389691006, 1.425742865111718327 ) ) ;
#584 = CIRCLE ( 'NONE', #531, 1.237604307034010809 ) ;
#585 = ORIENTED_EDGE ( 'NONE', *, *, #1150, .T. ) ;
#586 = B_SPLINE_CURVE_WITH_KNOTS ( 'NONE', 3,
 ( #331, #55, #417, #345, #327, #682, #240, #1047, #885, #703, #881, #235, #966, #145, #61, #152, #689, #601 ),
 .UNSPECIFIED., .F., .F.,
 ( 4, 2, 2, 2, 2, 2, 2, 2, 4 ),
 ( 1.969447730878066826E-07, 0.0003222677304009320611, 0.0006443385160287762922, 0.0009664093016566205775, 0.001288480087284464646, 0.001932621658540153217, 0.002576763229795841787, 0.003865046372307220229, 0.005153329514818598238 ),
 .UNSPECIFIED. ) ;
#587 = CONICAL_SURFACE ( 'NONE', #94, 4.500000000000000000, 0.7853981633974491672 ) ;
#588 = EDGE_CURVE ( 'NONE', #870, #956, #150, .T. ) ;
#589 = CARTESIAN_POINT ( 'NONE',  ( 9.172669927476844620, -3.368404857904538918, -0.1124696445509855564 ) ) ;
#590 = DIRECTION ( 'NONE',  ( 0.000000000000000000, 0.000000000000000000, 1.000000000000000000 ) ) ;
#591 = CARTESIAN_POINT ( 'NONE',  ( 9.237604307034045448, -3.070694209302874178, -5.632656161514795840E-14 ) ) ;
#592 = FILL_AREA_STYLE ('',( #154 ) ) ;
#593 = FACE_OUTER_BOUND ( 'NONE', #448, .T. ) ;
#594 = DIRECTION ( 'NONE',  ( -1.224646799147353454E-16, 1.000000000000000000, -0.000000000000000000 ) ) ;
#595 = FACE_OUTER_BOUND ( 'NONE', #789, .T. ) ;
#596 = ORIENTED_EDGE ( 'NONE', *, *, #1004, .T. ) ;
#597 =( LENGTH_UNIT ( ) NAMED_UNIT ( * ) SI_UNIT ( .MILLI., .METRE. ) );
#598 = DIRECTION ( 'NONE',  ( -1.000000000000000000, -1.224646799147353454E-16, 0.000000000000000000 ) ) ;
#599 = EDGE_CURVE ( 'NONE', #683, #1123, #771, .T. ) ;
#600 = DIRECTION ( 'NONE',  ( 0.8660254037844385966, -0.000000000000000000, 0.5000000000000001110 ) ) ;
#601 = CARTESIAN_POINT ( 'NONE',  ( -6.928203230275509661, -4.200000000000000178, 4.000000000000002665 ) ) ;
#602 = ORIENTED_EDGE ( 'NONE', *, *, #49, .F. ) ;
#603 = CARTESIAN_POINT ( 'NONE',  ( 0.000000000000000000, -4.200000000000000178, 0.000000000000000000 ) ) ;
#604 = AXIS2_PLACEMENT_3D ( 'NONE', #1125, #419, #320 ) ;
#605 = CARTESIAN_POINT ( 'NONE',  ( 9.014891954710964939, -3.662627326601618716, -0.3857491096967063382 ) ) ;
#606 = CARTESIAN_POINT ( 'NONE',  ( -6.928203230275510549, 4.200000000000000178, -4.000000000000001776 ) ) ;
#607 = CARTESIAN_POINT ( 'NONE',  ( 8.926782031433635467, -3.774582393226857402, 0.5383599734640268641 ) ) ;
#608 = ORIENTED_EDGE ( 'NONE', *, *, #98, .T. ) ;
#609 = DIRECTION ( 'NONE',  ( 0.000000000000000000, 0.000000000000000000, -1.000000000000000000 ) ) ;
#610 = DIRECTION ( 'NONE',  ( -1.000000000000000000, 1.224646799147353454E-16, 0.000000000000000000 ) ) ;
#611 = DIRECTION ( 'NONE',  ( -1.224646799147353454E-16, -1.000000000000000000, 0.000000000000000000 ) ) ;
#612 = CARTESIAN_POINT ( 'NONE',  ( -4.618802153517010289, -2.962395692965989813, 7.999999999999998224 ) ) ;
#613 = B_SPLINE_CURVE_WITH_KNOTS ( 'NONE', 3,
 ( #836, #739, #126, #182, #92, #492, #100, #410, #41, #405, #765, #463, #15, #1, #768, #1116 ),
 .UNSPECIFIED., .F., .F.,
 ( 4, 2, 2, 2, 2, 2, 2, 4 ),
 ( 0.005214165576141694888, 0.006504532252849130891, 0.007794898929556566894, 0.008440082267910284028, 0.009085265606264002897, 0.009730448944617720031, 0.01005304061379457860, 0.01037563228297143716 ),
 .UNSPECIFIED. ) ;
#614 = ORIENTED_EDGE ( 'NONE', *, *, #26, .T. ) ;
#615 = CARTESIAN_POINT ( 'NONE',  ( -4.618802153517005848, -2.962395692965989813, -8.000000000000001776 ) ) ;
#616 = CARTESIAN_POINT ( 'NONE',  ( 5.127780774347488801, -3.937467461392998302, -7.118423168755266595 ) ) ;
#617 = EDGE_CURVE ( 'NONE', #426, #164, #495, .T. ) ;
#618 = CARTESIAN_POINT ( 'NONE',  ( 0.000000000000000000, -4.526061762082101758, 0.000000000000000000 ) ) ;
#619 = CARTESIAN_POINT ( 'NONE',  ( 1.699117065908963387, -4.190419071723204603, -8.000000000000001776 ) ) ;
#620 = ORIENTED_EDGE ( 'NONE', *, *, #206, .F. ) ;
#621 = CARTESIAN_POINT ( 'NONE',  ( 4.834298031608268431, -3.669476118239524354, -7.626750190324262491 ) ) ;
#622 = EDGE_CURVE ( 'NONE', #369, #179, #196, .T. ) ;
#623 = CIRCLE ( 'NONE', #195, 4.500000000000000000 ) ;
#624 = AXIS2_PLACEMENT_3D ( 'NONE', #455, #903, #814 ) ;
#625 = CARTESIAN_POINT ( 'NONE',  ( 0.000000000000000000, 2.962395692965990701, 0.000000000000000000 ) ) ;
#626 = CARTESIAN_POINT ( 'NONE',  ( -4.618802153516972986, 3.070694209302872846, -8.000000000000053291 ) ) ;
#627 = CARTESIAN_POINT ( 'NONE',  ( 0.5310997011128067991, 4.199913222680514480, 7.999999999999996447 ) ) ;
#628 = DIRECTION ( 'NONE',  ( -0.000000000000000000, -1.000000000000000000, -0.000000000000000000 ) ) ;
#629 = EDGE_CURVE ( 'NONE', #274, #123, #190, .T. ) ;
#630 = DIRECTION ( 'NONE',  ( -0.000000000000000000, -1.000000000000000000, -0.000000000000000000 ) ) ;
#631 = ORIENTED_EDGE ( 'NONE', *, *, #498, .T. ) ;
#632 = CARTESIAN_POINT ( 'NONE',  ( 5.438174208807375898, -4.081962322906827367, -6.580805969934946376 ) ) ;
#633 = CARTESIAN_POINT ( 'NONE',  ( -4.589155630819243825, 3.177126786970129846, 7.999999999999994671 ) ) ;
#634 = EDGE_CURVE ( 'NONE', #164, #870, #758, .T. ) ;
#635 = DIRECTION ( 'NONE',  ( -1.224646799147353454E-16, -1.000000000000000000, 0.000000000000000000 ) ) ;
#636 = FACE_OUTER_BOUND ( 'NONE', #1013, .T. ) ;
#637 = ORIENTED_EDGE ( 'NONE', *, *, #8, .T. ) ;
#638 = CARTESIAN_POINT ( 'NONE',  ( -5.543760790436657260, 4.112072104884778589, -6.397924645955511025 ) ) ;
#639 = CARTESIAN_POINT ( 'NONE',  ( -5.130480583050552212, 3.939176312133595648, 7.113746962910842520 ) ) ;
#640 = VECTOR ( 'NONE', #9, 1000.000000000000114 ) ;
#641 = B_SPLINE_CURVE_WITH_KNOTS ( 'NONE', 3,
 ( #160, #698, #137, #1131, #238, #791, #329, #501, #53, #523, #243, #341, #76, #1142, #1149, #415, #1126, #801 ),
 .UNSPECIFIED., .F., .F.,
 ( 4, 2, 2, 2, 2, 2, 2, 2, 4 ),
 ( 1.969447730900106623E-07, 0.0003222677304009320611, 0.0006443385160287741237, 0.0009664093016566161322, 0.001288480087284458358, 0.001932621658540144109, 0.002576763229795829644, 0.003865046372307204183, 0.005153329514818578289 ),
 .UNSPECIFIED. ) ;
#642 = CARTESIAN_POINT ( 'NONE',  ( -2.977936071689164077, 4.082315466463525944, 7.999999999999994671 ) ) ;
#643 = VECTOR ( 'NONE', #923, 1000.000000000000000 ) ;
#644 = CIRCLE ( 'NONE', #823, 5.000000000000007994 ) ;
#645 = CARTESIAN_POINT ( 'NONE',  ( 2.760485026368410200, -4.113161906529671619, -8.000000000000001776 ) ) ;
#646 = CARTESIAN_POINT ( 'NONE',  ( -7.141447054659507465, -4.200000000000001066, -3.630650861766621329 ) ) ;
#647 = AXIS2_PLACEMENT_3D ( 'NONE', #362, #922, #473 ) ;
#648 = VERTEX_POINT ( 'NONE', #809 ) ;
#649 = CARTESIAN_POINT ( 'NONE',  ( -2.754600876293553213, 4.113873981302351268, -8.000000000000001776 ) ) ;
#650 = ORIENTED_EDGE ( 'NONE', *, *, #514, .F. ) ;
#651 = DIRECTION ( 'NONE',  ( 0.000000000000000000, 0.000000000000000000, 1.000000000000000000 ) ) ;
#652 = CARTESIAN_POINT ( 'NONE',  ( -1.699012369344037543, 4.190418870051541234, -8.000000000000001776 ) ) ;
#653 = DIRECTION ( 'NONE',  ( 1.224646799147353454E-16, 1.000000000000000000, -0.000000000000000000 ) ) ;
#654 = EDGE_CURVE ( 'NONE', #157, #123, #937, .T. ) ;
#655 = CARTESIAN_POINT ( 'NONE',  ( 6.501708933770973253, 4.201368122346465839, 4.738709790684198175 ) ) ;
#656 = ORIENTED_EDGE ( 'NONE', *, *, #933, .F. ) ;
#657 = SURFACE_SIDE_STYLE ('',( #841 ) ) ;
#658 = CARTESIAN_POINT ( 'NONE',  ( 4.618802153517009401, -3.071414949476185097, 8.000000000000003553 ) ) ;
#659 = CARTESIAN_POINT ( 'NONE',  ( -4.717749776183810972, -3.450989042010864871, 7.828617690252936079 ) ) ;
#660 = CONICAL_SURFACE ( 'NONE', #822, 4.999999999999997335, 0.7853981633974447263 ) ;
#661 = CARTESIAN_POINT ( 'NONE',  ( 0.000000000000000000, -4.200000000000000178, -4.999999999999997335 ) ) ;
#662 = ORIENTED_EDGE ( 'NONE', *, *, #233, .T. ) ;
#663 = CARTESIAN_POINT ( 'NONE',  ( 4.797077129101454673, -3.599266832974234553, 7.691218684569637531 ) ) ;
#664 = FACE_OUTER_BOUND ( 'NONE', #267, .T. ) ;
#665 = EDGE_CURVE ( 'NONE', #164, #1005, #178, .T. ) ;
#666 = FACE_OUTER_BOUND ( 'NONE', #475, .T. ) ;
#667 = ORIENTED_EDGE ( 'NONE', *, *, #270, .F. ) ;
#668 = CARTESIAN_POINT ( 'NONE',  ( -6.928203230275509661, -4.200000000000000178, 4.000000000000002665 ) ) ;
#669 = CARTESIAN_POINT ( 'NONE',  ( 0.000000000000000000, 2.962395692965990701, 0.000000000000000000 ) ) ;
#670 = B_SPLINE_CURVE_WITH_KNOTS ( 'NONE', 3,
 ( #816, #285, #825, #1161, #1011, #720, #557, #786, #1057, #708, #245, #701, #815, #1071, #1160, #252, #451, #360 ),
 .UNSPECIFIED., .F., .F.,
 ( 4, 2, 2, 2, 2, 2, 2, 2, 4 ),
 ( 1.969447730879217997E-07, 0.0003222677304009323321, 0.0006443385160287767258, 0.0009664093016566210111, 0.001288480087284465513, 0.001932621658540153867, 0.002576763229795842221, 0.003865046372307219362, 0.005153329514818595636 ),
 .UNSPECIFIED. ) ;
#671 = DIRECTION ( 'NONE',  ( 0.000000000000000000, 1.000000000000000000, 0.000000000000000000 ) ) ;
#672 = EDGE_CURVE ( 'NONE', #648, #1035, #393, .T. ) ;
#673 = ORIENTED_EDGE ( 'NONE', *, *, #992, .F. ) ;
#674 = CARTESIAN_POINT ( 'NONE',  ( -7.354697526780044292, 4.201368122346464062, 3.261290209315800492 ) ) ;
#675 = CARTESIAN_POINT ( 'NONE',  ( -4.633621797112184026, -3.177651271041057601, -7.974331624343088620 ) ) ;
#676 = CIRCLE ( 'NONE', #246, 1.237604307034010809 ) ;
#677 = ORIENTED_EDGE ( 'NONE', *, *, #634, .F. ) ;
#678 = CARTESIAN_POINT ( 'NONE',  ( -7.994442466175113005, 4.177987353017137195, 2.153219470398465063 ) ) ;
#679 = CIRCLE ( 'NONE', #529, 4.500000000000000000 ) ;
#680 = COLOUR_RGB ( '',0.7529411764705882248, 0.7529411764705882248, 0.7529411764705882248 ) ;
#681 = CARTESIAN_POINT ( 'NONE',  ( 3.851859888774471706E-31, 4.200000000000000178, -8.000000000000000000 ) ) ;
#682 = CARTESIAN_POINT ( 'NONE',  ( -9.059329331449559319, -3.599266832974231889, 0.3087813154303652441 ) ) ;
#683 = VERTEX_POINT ( 'NONE', #298 ) ;
#684 =( NAMED_UNIT ( * ) PLANE_ANGLE_UNIT ( ) SI_UNIT ( $, .RADIAN. ) );
#685 = DIRECTION ( 'NONE',  ( -1.224646799147353454E-16, 1.000000000000000000, -0.000000000000000000 ) ) ;
#686 = B_SPLINE_CURVE_WITH_KNOTS ( 'NONE', 3,
 ( #159, #148, #256, #779, #435, #893, #877, #968, #1148, #242, #231, #414, #250, #1141, #340, #431 ),
 .UNSPECIFIED., .F., .F.,
 ( 4, 2, 2, 2, 2, 2, 2, 4 ),
 ( 0.005153329514818578289, 0.006443520579360225917, 0.007733711643901873545, 0.008378807176172696491, 0.009023902708443519438, 0.009668998240714344120, 0.009991546006849753858, 0.01031409377298516533 ),
 .UNSPECIFIED. ) ;
#687 = EDGE_CURVE ( 'NONE', #304, #426, #800, .T. ) ;
#688 = DIRECTION ( 'NONE',  ( -1.224646799147353454E-16, 1.000000000000000000, -0.000000000000000000 ) ) ;
#689 = CARTESIAN_POINT ( 'NONE',  ( -7.141131711760656309, -4.200000000000001066, 3.631197051689236233 ) ) ;
#690 = CARTESIAN_POINT ( 'NONE',  ( -6.928203230275509661, 4.200000000000000178, 4.000000000000002665 ) ) ;
#691 = ORIENTED_EDGE ( 'NONE', *, *, #992, .T. ) ;
#692 = DIRECTION ( 'NONE',  ( 0.000000000000000000, -0.000000000000000000, 1.000000000000000000 ) ) ;
#693 = CARTESIAN_POINT ( 'NONE',  ( 9.137724817311932313, -3.453155172322073696, -0.1729963508327066191 ) ) ;
#694 = CARTESIAN_POINT ( 'NONE',  ( 9.222933140265622498, -3.176609285919681280, 0.02541120624916596779 ) ) ;
#695 = EDGE_LOOP ( 'NONE', ( #778, #479, #385 ) ) ;
#696 = PLANE ( 'NONE',  #59 ) ;
#697 = AXIS2_PLACEMENT_3D ( 'NONE', #75, #798, #1135 ) ;
#698 = CARTESIAN_POINT ( 'NONE',  ( 4.618802153517006737, 3.071414949476184653, -8.000000000000003553 ) ) ;
#699 = COLOUR_RGB ( '',0.7529411764705882248, 0.7529411764705882248, 0.7529411764705882248 ) ;
#700 = AXIS2_PLACEMENT_3D ( 'NONE', #1087, #374, #107 ) ;
#701 = CARTESIAN_POINT ( 'NONE',  ( -8.414451280066572281, 4.083189860389688342, -1.425742865111717883 ) ) ;
#702 = EDGE_CURVE ( 'NONE', #223, #390, #679, .T. ) ;
#703 = CARTESIAN_POINT ( 'NONE',  ( -8.725925877500461780, -3.939176312133594315, 0.8862530370891581466 ) ) ;
#704 = MANIFOLD_SOLID_BREP ( 'Chamfer1', #497 ) ;
#705 = ORIENTED_EDGE ( 'NONE', *, *, #665, .F. ) ;
#706 = DIRECTION ( 'NONE',  ( 0.000000000000000000, 0.7071067811865469066, 0.7071067811865482389 ) ) ;
#707 = CARTESIAN_POINT ( 'NONE',  ( 5.230490775365855605, -3.994539901920537428, -6.940524228546002483 ) ) ;
#708 = CARTESIAN_POINT ( 'NONE',  ( -8.725925877500465333, 3.939176312133593427, -0.8862530370891598119 ) ) ;
#709 = CARTESIAN_POINT ( 'NONE',  ( 9.022108428942750891, -3.669476118239526130, 0.3732498096757383976 ) ) ;
#710 = ADVANCED_FACE ( 'NONE', ( #204 ), #1096, .T. ) ;
#711 = ORIENTED_EDGE ( 'NONE', *, *, #543, .F. ) ;
#712 = FACE_OUTER_BOUND ( 'NONE', #57, .T. ) ;
#713 = APPLICATION_CONTEXT ( 'automotive_design' ) ;
#714 = DIRECTION ( 'NONE',  ( -1.000000000000000000, 0.000000000000000000, 0.000000000000000000 ) ) ;
#715 = LINE ( 'NONE', #830, #803 ) ;
#716 = ORIENTED_EDGE ( 'NONE', *, *, #964, .F. ) ;
#717 = CARTESIAN_POINT ( 'NONE',  ( 1.699012369344041540, 4.190418870051541234, 8.000000000000000000 ) ) ;
#718 = VECTOR ( 'NONE', #706, 999.9999999999998863 ) ;
#719 = CARTESIAN_POINT ( 'NONE',  ( 0.000000000000000000, 4.200000000000000178, 5.000000000000007994 ) ) ;
#720 = CARTESIAN_POINT ( 'NONE',  ( -9.059329331449561096, 3.599266832974233221, -0.3087813154303659102 ) ) ;
#721 = CARTESIAN_POINT ( 'NONE',  ( 0.000000000000000000, -4.200000000000000178, 0.000000000000000000 ) ) ;
#722 = ORIENTED_EDGE ( 'NONE', *, *, #411, .T. ) ;
#723 = CARTESIAN_POINT ( 'NONE',  ( -5.861963994375901876, 4.177987353017136307, -5.846780529601537602 ) ) ;
#724 = CARTESIAN_POINT ( 'NONE',  ( 4.633473320285393271, -3.176609285919683945, -7.974588793750839066 ) ) ;
#725 = ADVANCED_FACE ( 'NONE', ( #747 ), #880, .T. ) ;
#726 = LINE ( 'NONE', #948, #1038 ) ;
#727 = DIRECTION ( 'NONE',  ( -1.224646799147353454E-16, -1.000000000000000000, 0.000000000000000000 ) ) ;
#728 = ORIENTED_EDGE ( 'NONE', *, *, #672, .T. ) ;
#729 = DIRECTION ( 'NONE',  ( -1.000000000000000000, -1.084202172485504187E-16, 0.000000000000000000 ) ) ;
#730 = CARTESIAN_POINT ( 'NONE',  ( -5.441955180484441712, 4.083189860389688342, 6.574257134888282117 ) ) ;
#731 = B_SPLINE_CURVE_WITH_KNOTS ( 'NONE', 3,
 ( #151, #578, #675, #310, #1040, #965, #1118, #216, #45, #493, #864, #960, #407, #766, #222, #134, #314, #1034 ),
 .UNSPECIFIED., .F., .F.,
 ( 4, 2, 2, 2, 2, 2, 2, 2, 4 ),
 ( 1.969447730893151159E-07, 0.0003222677304009341753, 0.0006443385160287791111, 0.0009664093016566240469, 0.001288480087284468766, 0.001932621658540156686, 0.002576763229795844823, 0.003865046372307218495, 0.005153329514818593034 ),
 .UNSPECIFIED. ) ;
#732 = LINE ( 'NONE', #577, #388 ) ;
#733 = CARTESIAN_POINT ( 'NONE',  ( -9.237604307034013473, 2.962395692965988925, 0.000000000000000000 ) ) ;
#734 = EDGE_LOOP ( 'NONE', ( #459, #596, #942 ) ) ;
#735 = CARTESIAN_POINT ( 'NONE',  ( 0.000000000000000000, 2.962395692965990701, 0.000000000000000000 ) ) ;
#736 = CARTESIAN_POINT ( 'NONE',  ( 3.600457736832835209, 3.937552330564737524, -8.000000000000000000 ) ) ;
#737 = CARTESIAN_POINT ( 'NONE',  ( -1.702241559904557056, -4.190349429200882270, -8.000000000000000000 ) ) ;
#738 = AXIS2_PLACEMENT_3D ( 'NONE', #259, #452, #367 ) ;
#739 = CARTESIAN_POINT ( 'NONE',  ( 0.4255407485127009060, -4.200000000000001066, 8.000000000000000000 ) ) ;
#740 = CONICAL_SURFACE ( 'NONE', #902, 4.500000000000000000, 0.7853981633974491672 ) ;
#741 =( GEOMETRIC_REPRESENTATION_CONTEXT ( 3 ) GLOBAL_UNCERTAINTY_ASSIGNED_CONTEXT ( ( #31 ) ) GLOBAL_UNIT_ASSIGNED_CONTEXT ( ( #468, #290, #534 ) ) REPRESENTATION_CONTEXT ( 'NONE', 'WORKASPACE' ) );
#742 = CARTESIAN_POINT ( 'NONE',  ( -4.618802153517004960, 4.200000000000000178, 7.999999999999998224 ) ) ;
#743 = TOROIDAL_SURFACE ( 'NONE', #866, 8.000000000000001776, 1.237604307034010809 ) ;
#744 = EDGE_CURVE ( 'NONE', #533, #956, #1063, .T. ) ;
#745 = ORIENTED_EDGE ( 'NONE', *, *, #485, .F. ) ;
#746 =( NAMED_UNIT ( * ) SI_UNIT ( $, .STERADIAN. ) SOLID_ANGLE_UNIT ( ) );
#747 = FACE_OUTER_BOUND ( 'NONE', #128, .T. ) ;
#748 = CARTESIAN_POINT ( 'NONE',  ( -4.683143404749857908, -3.366616993083764164, 7.888557683842143398 ) ) ;
#749 = CARTESIAN_POINT ( 'NONE',  ( 4.717749776183817190, 3.450989042010864427, 7.828617690252932526 ) ) ;
#750 = ORIENTED_EDGE ( 'NONE', *, *, #543, .T. ) ;
#751 = CARTESIAN_POINT ( 'NONE',  ( -4.417705795728178231, 3.454680609770849564, -8.000000000000000000 ) ) ;
#752 = CARTESIAN_POINT ( 'NONE',  ( 3.851859888774471706E-31, -4.200000000000000178, -8.000000000000000000 ) ) ;
#753 = CARTESIAN_POINT ( 'NONE',  ( 4.618802153517006737, 2.962395692965990701, -8.000000000000000000 ) ) ;
#754 = ORIENTED_EDGE ( 'NONE', *, *, #1137, .T. ) ;
#755 = CARTESIAN_POINT ( 'NONE',  ( 4.618802153517006737, 2.962395692965990701, -8.000000000000000000 ) ) ;
#756 = SURFACE_STYLE_FILL_AREA ( #396 ) ;
#757 = EDGE_CURVE ( 'NONE', #568, #892, #333, .T. ) ;
#758 = CIRCLE ( 'NONE', #1024, 8.000000000000000000 ) ;
#759 = CARTESIAN_POINT ( 'NONE',  ( 8.922760248099645963, 3.771467729896440080, 0.5453259065355329227 ) ) ;
#760 = ORIENTED_EDGE ( 'NONE', *, *, #933, .T. ) ;
#761 = FILL_AREA_STYLE_COLOUR ( '', #680 ) ;
#762 = CARTESIAN_POINT ( 'NONE',  ( 4.981773310597467308, -3.817694045706337747, 7.371315514254580314 ) ) ;
#763 = AXIS2_PLACEMENT_3D ( 'NONE', #838, #635, #2 ) ;
#764 = CARTESIAN_POINT ( 'NONE',  ( -2.766119333037706518, -4.112440398173809797, -8.000000000000001776 ) ) ;
#765 = CARTESIAN_POINT ( 'NONE',  ( 4.187017291416405662, -3.670262848421352864, 8.000000000000000000 ) ) ;
#766 = CARTESIAN_POINT ( 'NONE',  ( -5.863113352446645443, -4.177971114334127378, -5.844789783026921093 ) ) ;
#767 = ORIENTED_EDGE ( 'NONE', *, *, #665, .T. ) ;
#768 = CARTESIAN_POINT ( 'NONE',  ( 4.618802153517716391, -3.069749245481964373, 7.999999999999998224 ) ) ;
#769 = PLANE ( 'NONE',  #548 ) ;
#770 = ORIENTED_EDGE ( 'NONE', *, *, #757, .F. ) ;
#771 = B_SPLINE_CURVE_WITH_KNOTS ( 'NONE', 3,
 ( #1084, #1159, #820, #105, #181, #91, #632, #707, #616, #1001, #621, #194, #186, #724, #276, #989 ),
 .UNSPECIFIED., .F., .F.,
 ( 4, 2, 2, 2, 2, 2, 2, 4 ),
 ( 0.005153329514818602575, 0.006443520579360253672, 0.007733711643901904770, 0.008378807176172731186, 0.009023902708443557602, 0.009668998240714384018, 0.009991546006849797226, 0.01031409377298521043 ),
 .UNSPECIFIED. ) ;
#772 = CARTESIAN_POINT ( 'NONE',  ( 8.622031782289454327, -3.996525607785682777, -1.066202888601030629 ) ) ;
#773 = CARTESIAN_POINT ( 'NONE',  ( 8.622031782289454327, 3.996525607785681888, 1.066202888601026855 ) ) ;
#774 = VECTOR ( 'NONE', #184, 1000.000000000000000 ) ;
#775 = CARTESIAN_POINT ( 'NONE',  ( -3.992727322579915583, -3.776876284349844681, 7.999999999999998224 ) ) ;
#776 = MECHANICAL_DESIGN_GEOMETRIC_PRESENTATION_REPRESENTATION (  '', ( #169 ), #42 ) ;
#777 = EDGE_CURVE ( 'NONE', #508, #568, #895, .T. ) ;
#778 = ORIENTED_EDGE ( 'NONE', *, *, #397, .F. ) ;
#779 = CARTESIAN_POINT ( 'NONE',  ( 7.781136745382919884, 4.190266715128402097, -2.522675816355651079 ) ) ;
#780 = DIRECTION ( 'NONE',  ( 0.000000000000000000, 0.000000000000000000, 1.000000000000000000 ) ) ;
#781 = CARTESIAN_POINT ( 'NONE',  ( -9.173263055801157861, -3.366616993083762388, -0.1114423161578614180 ) ) ;
#782 = CARTESIAN_POINT ( 'NONE',  ( 9.237604307034013473, -2.962395692965991589, -2.602085213965210642E-15 ) ) ;
#783 = ORIENTED_EDGE ( 'NONE', *, *, #821, .F. ) ;
#784 = CARTESIAN_POINT ( 'NONE',  ( 0.000000000000000000, -4.200000000000000178, 0.000000000000000000 ) ) ;
#785 = CARTESIAN_POINT ( 'NONE',  ( 0.000000000000000000, -4.200000000000000178, 0.000000000000000000 ) ) ;
#786 = CARTESIAN_POINT ( 'NONE',  ( -8.922760248099649516, 3.771467729896439192, -0.5453259065355322566 ) ) ;
#787 = CARTESIAN_POINT ( 'NONE',  ( 9.138656684367203908, -3.450989042010865759, 0.1713823097470670298 ) ) ;
#788 = B_SPLINE_CURVE_WITH_KNOTS ( 'NONE', 3,
 ( #1026, #646, #1012, #207, #567, #17, #941, #383, #295, #117, #484, #60, #781, #1121, #228, #856 ),
 .UNSPECIFIED., .F., .F.,
 ( 4, 2, 2, 2, 2, 2, 2, 4 ),
 ( 0.005153329514818593034, 0.006443520579360244999, 0.007733711643901896096, 0.008378807176172720778, 0.009023902708443547194, 0.009668998240714373610, 0.009991546006849785083, 0.01031409377298519656 ),
 .UNSPECIFIED. ) ;
#789 = EDGE_LOOP ( 'NONE', ( #826, #1108, #728, #818, #158, #118 ) ) ;
#790 = SURFACE_SIDE_STYLE ('',( #70 ) ) ;
#791 = CARTESIAN_POINT ( 'NONE',  ( 4.797077129101452009, 3.599266832974231889, -7.691218684569636643 ) ) ;
#792 = EDGE_CURVE ( 'NONE', #568, #19, #116, .T. ) ;
#793 = CYLINDRICAL_SURFACE ( 'NONE', #551, 4.500000000000000000 ) ;
#794 = CARTESIAN_POINT ( 'NONE',  ( -2.123818238726335572, -4.178431270394331598, 7.999999999999998224 ) ) ;
#795 = CARTESIAN_POINT ( 'NONE',  ( -9.138656684367205685, 3.450989042010863539, 0.1713823097470664747 ) ) ;
#796 = CIRCLE ( 'NONE', #647, 4.500000000000000000 ) ;
#797 = EDGE_LOOP ( 'NONE', ( #924, #608, #1074, #1053 ) ) ;
#798 = DIRECTION ( 'NONE',  ( 1.224646799147353454E-16, -1.000000000000000000, 0.000000000000000000 ) ) ;
#799 =( NAMED_UNIT ( * ) PLANE_ANGLE_UNIT ( ) SI_UNIT ( $, .RADIAN. ) );
#800 = CIRCLE ( 'NONE', #438, 8.000000000000001776 ) ;
#801 = CARTESIAN_POINT ( 'NONE',  ( 6.928203230275507885, 4.200000000000001066, -4.000000000000002665 ) ) ;
#802 =( GEOMETRIC_REPRESENTATION_CONTEXT ( 3 ) GLOBAL_UNCERTAINTY_ASSIGNED_CONTEXT ( ( #18 ) ) GLOBAL_UNIT_ASSIGNED_CONTEXT ( ( #597, #684, #427 ) ) REPRESENTATION_CONTEXT ( 'NONE', 'WORKASPACE' ) );
#803 = VECTOR ( 'NONE', #88, 1000.000000000000000 ) ;
#804 = EDGE_CURVE ( 'NONE', #179, #147, #409, .T. ) ;
#805 = DIRECTION ( 'NONE',  ( 0.000000000000000000, -0.000000000000000000, -1.000000000000000000 ) ) ;
#806 = CARTESIAN_POINT ( 'NONE',  ( -4.488999949758518682, -3.368388373009551628, 8.000000000000000000 ) ) ;
#807 = ORIENTED_EDGE ( 'NONE', *, *, #588, .F. ) ;
#808 = CARTESIAN_POINT ( 'NONE',  ( -6.075269715168094997, 4.190266715128399433, -5.477324183644350697 ) ) ;
#809 = CARTESIAN_POINT ( 'NONE',  ( 3.851859888774471706E-31, -4.200000000000000178, -8.000000000000000000 ) ) ;
#810 = CARTESIAN_POINT ( 'NONE',  ( 0.000000000000000000, -3.699999999999999289, 4.500000000000000000 ) ) ;
#811 = CARTESIAN_POINT ( 'NONE',  ( 4.420000530603775069, -3.452175407802215990, -8.000000000000001776 ) ) ;
#812 = ORIENTED_EDGE ( 'NONE', *, *, #167, .F. ) ;
#813 = CARTESIAN_POINT ( 'NONE',  ( -5.438174208807376786, 4.081962322906826479, -6.580805969934944599 ) ) ;
#814 = DIRECTION ( 'NONE',  ( -1.000000000000000000, -1.084202172485504187E-16, 0.000000000000000000 ) ) ;
#815 = CARTESIAN_POINT ( 'NONE',  ( -8.309615238046047736, 4.112824853656752211, -1.607324216355703772 ) ) ;
#816 = CARTESIAN_POINT ( 'NONE',  ( -9.237604307034013473, 2.962395692965988925, 0.000000000000000000 ) ) ;
#817 = CARTESIAN_POINT ( 'NONE',  ( -9.237604307034040119, 3.070694209302872846, -5.723646323004290003E-14 ) ) ;
#818 = ORIENTED_EDGE ( 'NONE', *, *, #319, .F. ) ;
#819 = CARTESIAN_POINT ( 'NONE',  ( -4.717749776183815413, 3.450989042010864871, -7.828617690252936079 ) ) ;
#820 = CARTESIAN_POINT ( 'NONE',  ( 6.501708933770973253, -4.201368122346466727, -4.738709790684203504 ) ) ;
#821 = EDGE_CURVE ( 'NONE', #983, #853, #939, .T. ) ;
#822 = AXIS2_PLACEMENT_3D ( 'NONE', #603, #516, #609 ) ;
#823 = AXIS2_PLACEMENT_3D ( 'NONE', #443, #5, #454 ) ;
#824 = CARTESIAN_POINT ( 'NONE',  ( -4.421164788682263591, 3.450799083968673298, 7.999999999999998224 ) ) ;
#825 = CARTESIAN_POINT ( 'NONE',  ( -9.222784663438831743, 3.177651271041055381, -0.02566837565691561240 ) ) ;
#826 = ORIENTED_EDGE ( 'NONE', *, *, #373, .T. ) ;
#827 = DIRECTION ( 'NONE',  ( 0.000000000000000000, 0.000000000000000000, 1.000000000000000000 ) ) ;
#828 = CARTESIAN_POINT ( 'NONE',  ( -6.928203230275509661, 4.200000000000000178, 4.000000000000002665 ) ) ;
#829 = CARTESIAN_POINT ( 'NONE',  ( -3.992988696320707298, 3.769437493000488804, 8.000000000000000000 ) ) ;
#830 = CARTESIAN_POINT ( 'NONE',  ( 0.000000000000000000, -4.526061762082101758, 4.500000000000000000 ) ) ;
#831 = FACE_OUTER_BOUND ( 'NONE', #1000, .T. ) ;
#832 = ORIENTED_EDGE ( 'NONE', *, *, #964, .T. ) ;
#833 = CARTESIAN_POINT ( 'NONE',  ( -4.834298031608271096, 3.669476118239524798, -7.626750190324265155 ) ) ;
#834 = CARTESIAN_POINT ( 'NONE',  ( -4.618802153517005848, 2.962395692965989813, -8.000000000000001776 ) ) ;
#835 = CARTESIAN_POINT ( 'NONE',  ( 3.985532395662857663, 3.773356357392370075, 7.999999999999998224 ) ) ;
#836 = CARTESIAN_POINT ( 'NONE',  ( 1.925929944387235853E-31, -4.200000000000000178, 8.000000000000000000 ) ) ;
#837 = EDGE_CURVE ( 'NONE', #369, #1005, #1099, .T. ) ;
#838 = CARTESIAN_POINT ( 'NONE',  ( 0.000000000000000000, -2.962395692965990701, 0.000000000000000000 ) ) ;
#839 = DIRECTION ( 'NONE',  ( 0.000000000000000000, 0.000000000000000000, -1.000000000000000000 ) ) ;
#840 = ORIENTED_EDGE ( 'NONE', *, *, #319, .T. ) ;
#841 = SURFACE_STYLE_FILL_AREA ( #1028 ) ;
#842 = CARTESIAN_POINT ( 'NONE',  ( 4.176228695849556694, 3.660675066028561186, -7.999999999999998224 ) ) ;
#843 = CARTESIAN_POINT ( 'NONE',  ( -4.421498044645765901, -3.450413262045731955, -7.999999999999998224 ) ) ;
#844 = AXIS2_PLACEMENT_3D ( 'NONE', #625, #170, #278 ) ;
#845 = AXIS2_PLACEMENT_3D ( 'NONE', #554, #395, #119 ) ;
#846 = AXIS2_PLACEMENT_3D ( 'NONE', #81, #281, #827 ) ;
#847 = EDGE_CURVE ( 'NONE', #274, #157, #464, .T. ) ;
#848 = CARTESIAN_POINT ( 'NONE',  ( 6.714959405891512745, 4.200000000000001066, 4.369349138233379115 ) ) ;
#849 = STYLED_ITEM ( 'NONE', ( #258 ), #288 ) ;
#850 = ORIENTED_EDGE ( 'NONE', *, *, #804, .F. ) ;
#851 = CARTESIAN_POINT ( 'NONE',  ( 3.897108975210482384, 3.815739430406302812, -8.000000000000000000 ) ) ;
#852 = CARTESIAN_POINT ( 'NONE',  ( 5.543760790436660812, 4.112072104884778589, 6.397924645955507472 ) ) ;
#853 = VERTEX_POINT ( 'NONE', #661 ) ;
#854 = CARTESIAN_POINT ( 'NONE',  ( 2.977936071689164521, 4.082315466463526832, -7.999999999999998224 ) ) ;
#855 = ADVANCED_FACE ( 'NONE', ( #636 ), #457, .T. ) ;
#856 = CARTESIAN_POINT ( 'NONE',  ( -9.237604307034013473, -2.962395692965988925, 0.000000000000000000 ) ) ;
#857 = PRODUCT_DEFINITION_CONTEXT ( 'detailed design', #713, 'design' ) ;
#858 = ORIENTED_EDGE ( 'NONE', *, *, #927, .T. ) ;
#859 = PRESENTATION_STYLE_ASSIGNMENT (( #33 ) ) ;
#860 = CARTESIAN_POINT ( 'NONE',  ( 2.130777158276488503, 4.178079402155151278, -7.999999999999998224 ) ) ;
#861 = CARTESIAN_POINT ( 'NONE',  ( -2.977533811913355422, -4.082449767676217256, -8.000000000000000000 ) ) ;
#862 = PRODUCT_RELATED_PRODUCT_CATEGORY ( 'part', '', ( #138 ) ) ;
#863 = CARTESIAN_POINT ( 'NONE',  ( 0.000000000000000000, -4.200000000000000178, -4.999999999999997335 ) ) ;
#864 = CARTESIAN_POINT ( 'NONE',  ( -5.234374678261564107, -3.996525607785681000, -6.933797111398978252 ) ) ;
#865 = ORIENTED_EDGE ( 'NONE', *, *, #629, .T. ) ;
#866 = AXIS2_PLACEMENT_3D ( 'NONE', #1078, #611, #271 ) ;
#867 = CARTESIAN_POINT ( 'NONE',  ( -5.438174208807375898, -4.081962322906827367, 6.580805969934946376 ) ) ;
#868 = DIRECTION ( 'NONE',  ( 8.659560562354941486E-17, 0.7071067811865469066, -0.7071067811865482389 ) ) ;
#869 = CARTESIAN_POINT ( 'NONE',  ( -9.237604307034013473, -2.962395692965988925, 0.000000000000000000 ) ) ;
#870 = VERTEX_POINT ( 'NONE', #299 ) ;
#871 = CARTESIAN_POINT ( 'NONE',  ( 9.237604307034013473, -2.962395692965991589, -2.602085213965210642E-15 ) ) ;
#872 = CARTESIAN_POINT ( 'NONE',  ( -4.618802153517005848, 2.962395692965989813, -8.000000000000001776 ) ) ;
#873 = EDGE_CURVE ( 'NONE', #147, #911, #1020, .T. ) ;
#874 = CARTESIAN_POINT ( 'NONE',  ( 9.059329331449561096, 3.599266832974233665, 0.3087813154303664098 ) ) ;
#875 = CARTESIAN_POINT ( 'NONE',  ( 8.312645670114360286, -4.112072104884780366, 1.602075354044492972 ) ) ;
#876 = CARTESIAN_POINT ( 'NONE',  ( -8.728625686203528744, 3.937467461392998302, 0.8815768312447356259 ) ) ;
#877 = CARTESIAN_POINT ( 'NONE',  ( 8.418232251743640759, 4.081962322906828255, -1.419194030065061618 ) ) ;
#878 = CARTESIAN_POINT ( 'NONE',  ( 6.928203230275507885, -4.200000000000001066, -4.000000000000002665 ) ) ;
#879 = CARTESIAN_POINT ( 'NONE',  ( -9.479937697598170579E-16, 4.200000000000000178, 0.000000000000000000 ) ) ;
#880 = TOROIDAL_SURFACE ( 'NONE', #845, 8.000000000000001776, 1.237604307034010809 ) ;
#881 = CARTESIAN_POINT ( 'NONE',  ( -8.622031782289452551, -3.996525607785680112, 1.066202888601025300 ) ) ;
#882 = ORIENTED_EDGE ( 'NONE', *, *, #959, .F. ) ;
#883 = CARTESIAN_POINT ( 'NONE',  ( 8.414451280066572281, -4.083189860389691006, -1.425742865111722324 ) ) ;
#884 = CARTESIAN_POINT ( 'NONE',  ( -8.000000000000001776, -2.962395692965989813, 0.000000000000000000 ) ) ;
#885 = CARTESIAN_POINT ( 'NONE',  ( -8.874633149953551126, -3.817694045706337747, 0.6286844857454197966 ) ) ;
#886 = EDGE_LOOP ( 'NONE', ( #434, #1067, #585 ) ) ;
#887 = CARTESIAN_POINT ( 'NONE',  ( 0.000000000000000000, 2.962395692965990701, 0.000000000000000000 ) ) ;
#888 = CARTESIAN_POINT ( 'NONE',  ( 0.000000000000000000, -2.962395692965990701, 0.000000000000000000 ) ) ;
#889 = ADVANCED_FACE ( 'NONE', ( #831 ), #474, .F. ) ;
#890 = CARTESIAN_POINT ( 'NONE',  ( -8.000000000000001776, 2.962395692965989813, 0.000000000000000000 ) ) ;
#891 = CARTESIAN_POINT ( 'NONE',  ( 7.994442466175114781, -4.177987353017136307, 2.153219470398465507 ) ) ;
#892 = VERTEX_POINT ( 'NONE', #753 ) ;
#893 = CARTESIAN_POINT ( 'NONE',  ( 8.312645670114358509, 4.112072104884780366, -1.602075354044494526 ) ) ;
#894 = CARTESIAN_POINT ( 'NONE',  ( 7.993293108104369438, -4.177971114334129155, -2.155210216973085124 ) ) ;
#895 = B_SPLINE_CURVE_WITH_KNOTS ( 'NONE', 3,
 ( #834, #1110, #935, #201, #751, #561, #1105, #378, #297, #305, #1018, #291, #649, #1015, #652, #931, #108, #1124, #220, #430, #1052, #146 ),
 .UNSPECIFIED., .F., .F.,
 ( 4, 2, 2, 2, 2, 2, 2, 2, 2, 2, 4 ),
 ( 0.01538195165976000839, 0.01570520008891514857, 0.01602844851807029222, 0.01635169694722543240, 0.01667494537638057606, 0.01732144223469085642, 0.01796793909300114025, 0.01926093280962170445, 0.01990742966793198482, 0.02023067809708712847, 0.02055392652624226865 ),
 .UNSPECIFIED. ) ;
#896 = EDGE_CURVE ( 'NONE', #304, #911, #788, .T. ) ;
#897 = CARTESIAN_POINT ( 'NONE',  ( 6.928203230275508773, 4.200000000000001066, 4.000000000000000000 ) ) ;
#898 = CARTESIAN_POINT ( 'NONE',  ( -1.699117065908966939, -4.190419071723201938, 7.999999999999996447 ) ) ;
#899 = AXIS2_PLACEMENT_3D ( 'NONE', #536, #512, #338 ) ;
#900 = ORIENTED_EDGE ( 'NONE', *, *, #1150, .F. ) ;
#901 = CARTESIAN_POINT ( 'NONE',  ( 0.000000000000000000, -4.200000000000000178, 0.000000000000000000 ) ) ;
#902 = AXIS2_PLACEMENT_3D ( 'NONE', #398, #671, #590 ) ;
#903 = DIRECTION ( 'NONE',  ( 1.224646799147353454E-16, -1.000000000000000000, 0.000000000000000000 ) ) ;
#904 = CARTESIAN_POINT ( 'NONE',  ( 0.000000000000000000, -4.200000000000000178, 0.000000000000000000 ) ) ;
#905 = CARTESIAN_POINT ( 'NONE',  ( -6.928203230275509661, -4.200000000000000178, 4.000000000000002665 ) ) ;
#906 = CARTESIAN_POINT ( 'NONE',  ( -5.127780774347490578, 3.937467461392998302, -7.118423168755263930 ) ) ;
#907 = CARTESIAN_POINT ( 'NONE',  ( -4.618802153517003184, 3.071414949476182876, 8.000000000000001776 ) ) ;
#908 = CARTESIAN_POINT ( 'NONE',  ( -4.618802153517005848, 4.200000000000000178, -8.000000000000000000 ) ) ;
#909 = ADVANCED_FACE ( 'NONE', ( #36 ), #740, .F. ) ;
#910 = LINE ( 'NONE', #465, #22 ) ;
#911 = VERTEX_POINT ( 'NONE', #869 ) ;
#912 = FACE_OUTER_BOUND ( 'NONE', #51, .T. ) ;
#913 = CARTESIAN_POINT ( 'NONE',  ( 3.591189876504918388, 3.940524947700295044, 7.999999999999998224 ) ) ;
#914 = PLANE ( 'NONE',  #957 ) ;
#915 = FACE_OUTER_BOUND ( 'NONE', #208, .T. ) ;
#916 = ORIENTED_EDGE ( 'NONE', *, *, #309, .F. ) ;
#917 = SURFACE_STYLE_USAGE ( .BOTH. , #1165 ) ;
#918 = CARTESIAN_POINT ( 'NONE',  ( -4.981773310597461091, 3.817694045706338191, 7.371315514254582979 ) ) ;
#919 = CIRCLE ( 'NONE', #988, 4.500000000000000000 ) ;
#920 = VECTOR ( 'NONE', #1143, 1000.000000000000000 ) ;
#921 = FACE_OUTER_BOUND ( 'NONE', #203, .T. ) ;
#922 = DIRECTION ( 'NONE',  ( 0.000000000000000000, 1.000000000000000000, 0.000000000000000000 ) ) ;
#923 = DIRECTION ( 'NONE',  ( -0.000000000000000000, -1.000000000000000000, -0.000000000000000000 ) ) ;
#924 = ORIENTED_EDGE ( 'NONE', *, *, #702, .T. ) ;
#925 = CARTESIAN_POINT ( 'NONE',  ( 3.851859888774471706E-31, 4.200000000000000178, -8.000000000000000000 ) ) ;
#926 = CARTESIAN_POINT ( 'NONE',  ( -5.546791222504972474, 4.112824853656751323, 6.392675783644299337 ) ) ;
#927 = EDGE_CURVE ( 'NONE', #1113, #274, #425, .T. ) ;
#928 = CARTESIAN_POINT ( 'NONE',  ( -3.393573084474136081, 3.995022235156585833, 7.999999999999998224 ) ) ;
#929 = CARTESIAN_POINT ( 'NONE',  ( 3.851859888774471706E-31, -4.200000000000000178, -8.000000000000000000 ) ) ;
#930 = ORIENTED_EDGE ( 'NONE', *, *, #8, .F. ) ;
#931 = CARTESIAN_POINT ( 'NONE',  ( -1.062220067573345306, 4.198612662185451150, -8.000000000000000000 ) ) ;
#932 = CARTESIAN_POINT ( 'NONE',  ( -3.396094945054303871, -3.994442516667615628, -8.000000000000001776 ) ) ;
#933 = EDGE_CURVE ( 'NONE', #179, #123, #265, .T. ) ;
#934 = ORIENTED_EDGE ( 'NONE', *, *, #622, .F. ) ;
#935 = CARTESIAN_POINT ( 'NONE',  ( -4.588717034107448356, 3.178899504127040476, -8.000000000000000000 ) ) ;
#936 = CARTESIAN_POINT ( 'NONE',  ( -5.861963994375901876, -4.177987353017137195, 5.846780529601538490 ) ) ;
#937 = B_SPLINE_CURVE_WITH_KNOTS ( 'NONE', 3,
 ( #998, #6, #371, #1154, #470, #1090, #555, #835, #355, #913, #263, #174, #535, #86, #717, #1076, #269, #627, #540, #35, #1115, #562 ),
 .UNSPECIFIED., .F., .F.,
 ( 4, 2, 2, 2, 2, 2, 2, 2, 2, 2, 4 ),
 ( 0.01538195165976005696, 0.01570520008891520061, 0.01602844851807034426, 0.01635169694722548792, 0.01667494537638063157, 0.01732144223469092234, 0.01796793909300120964, 0.01926093280962178772, 0.01990742966793207502, 0.02023067809708721868, 0.02055392652624236233 ),
 .UNSPECIFIED. ) ;
#938 = AXIS2_PLACEMENT_3D ( 'NONE', #879, #688, #54 ) ;
#939 = CIRCLE ( 'NONE', #954, 4.999999999999997335 ) ;
#940 =( GEOMETRIC_REPRESENTATION_CONTEXT ( 3 ) GLOBAL_UNCERTAINTY_ASSIGNED_CONTEXT ( ( #122 ) ) GLOBAL_UNIT_ASSIGNED_CONTEXT ( ( #38, #129, #746 ) ) REPRESENTATION_CONTEXT ( 'NONE', 'WORKASPACE' ) );
#941 = CARTESIAN_POINT ( 'NONE',  ( -8.418232251743640759, -4.081962322906828255, -1.419194030065059620 ) ) ;
#942 = ORIENTED_EDGE ( 'NONE', *, *, #777, .F. ) ;
#943 = DIRECTION ( 'NONE',  ( -1.000000000000000000, -1.224646799147353454E-16, 0.000000000000000000 ) ) ;
#944 = ADVANCED_FACE ( 'NONE', ( #666 ), #769, .F. ) ;
#945 = EDGE_LOOP ( 'NONE', ( #200, #218, #614, #667, #858, #46 ) ) ;
#946 = CARTESIAN_POINT ( 'NONE',  ( 4.841514505840055271, -3.662627326601618716, 7.614250890303301489 ) ) ;
#947 = CARTESIAN_POINT ( 'NONE',  ( -4.834298031608264878, -3.669476118239525242, 7.626750190324264267 ) ) ;
#948 = CARTESIAN_POINT ( 'NONE',  ( 5.510910596163088569E-16, 3.699999999999993072, -4.500000000000000000 ) ) ;
#949 = CARTESIAN_POINT ( 'NONE',  ( 9.237604307034013473, 2.962395692965991589, -2.602085213965210642E-15 ) ) ;
#950 = ORIENTED_EDGE ( 'NONE', *, *, #498, .F. ) ;
#951 = CARTESIAN_POINT ( 'NONE',  ( -6.501708933770971477, -4.201368122346464062, 4.738709790684200840 ) ) ;
#952 = B_SPLINE_CURVE_WITH_KNOTS ( 'NONE', 3,
 ( #1014, #261, #539, #808, #723, #638, #813, #103, #906, #1153, #833, #819, #377, #192, #626, #997 ),
 .UNSPECIFIED., .F., .F.,
 ( 4, 2, 2, 2, 2, 2, 2, 4 ),
 ( 0.005153329514818595636, 0.006443520579360245866, 0.007733711643901896096, 0.008378807176172724247, 0.009023902708443550663, 0.009668998240714377079, 0.009991546006849788553, 0.01031409377298520003 ),
 .UNSPECIFIED. ) ;
#953 = DIRECTION ( 'NONE',  ( -1.224646799147353454E-16, 1.000000000000000000, -0.000000000000000000 ) ) ;
#954 = AXIS2_PLACEMENT_3D ( 'NONE', #721, #1080, #273 ) ;
#955 = CARTESIAN_POINT ( 'NONE',  ( 8.874633149953552902, 3.817694045706339079, 0.6286844857454211288 ) ) ;
#956 = VERTEX_POINT ( 'NONE', #127 ) ;
#957 = AXIS2_PLACEMENT_3D ( 'NONE', #456, #187, #547 ) ;
#958 = CARTESIAN_POINT ( 'NONE',  ( 7.141131711760656309, -4.200000000000002842, -3.631197051689238453 ) ) ;
#959 = EDGE_CURVE ( 'NONE', #1035, #304, #731, .T. ) ;
#960 = CARTESIAN_POINT ( 'NONE',  ( -5.441955180484443488, -4.083189860389690118, -6.574257134888284781 ) ) ;
#961 = DIRECTION ( 'NONE',  ( 0.000000000000000000, -0.000000000000000000, 1.000000000000000000 ) ) ;
#962 = PRESENTATION_STYLE_ASSIGNMENT (( #237 ) ) ;
#963 = DIRECTION ( 'NONE',  ( 1.000000000000000000, -1.084202172485504187E-16, 0.000000000000000000 ) ) ;
#964 = EDGE_CURVE ( 'NONE', #683, #648, #1073, .T. ) ;
#965 = CARTESIAN_POINT ( 'NONE',  ( -4.797077129101452897, -3.599266832974233665, -7.691218684569638420 ) ) ;
#966 = CARTESIAN_POINT ( 'NONE',  ( -8.309615238046042407, -4.112824853656751323, 1.607324216355702440 ) ) ;
#967 = ORIENTED_EDGE ( 'NONE', *, *, #702, .F. ) ;
#968 = CARTESIAN_POINT ( 'NONE',  ( 8.625915685185155724, 3.994539901920538316, -1.059475771454003290 ) ) ;
#969 = DIRECTION ( 'NONE',  ( 1.000000000000000000, -1.084202172485504187E-16, 8.881784197001252323E-16 ) ) ;
#970 = DIRECTION ( 'NONE',  ( 0.5000000000000001110, 0.000000000000000000, -0.8660254037844385966 ) ) ;
#971 = ADVANCED_FACE ( 'NONE', ( #503 ), #566, .T. ) ;
#972 = CARTESIAN_POINT ( 'NONE',  ( 0.000000000000000000, 3.699999999999993072, 4.500000000000000000 ) ) ;
#973 = TOROIDAL_SURFACE ( 'NONE', #324, 8.000000000000001776, 1.237604307034010809 ) ;
#974 = FACE_OUTER_BOUND ( 'NONE', #315, .T. ) ;
#975 = DIRECTION ( 'NONE',  ( 0.000000000000000000, 1.000000000000000000, 0.000000000000000000 ) ) ;
#976 =( NAMED_UNIT ( * ) PLANE_ANGLE_UNIT ( ) SI_UNIT ( $, .RADIAN. ) );
#977 = CARTESIAN_POINT ( 'NONE',  ( -4.618802153517974851, -3.070014153665901802, 8.000000000000000000 ) ) ;
#978 = ORIENTED_EDGE ( 'NONE', *, *, #77, .F. ) ;
#979 = FACE_BOUND ( 'NONE', #579, .T. ) ;
#980 = FACE_OUTER_BOUND ( 'NONE', #559, .T. ) ;
#981 = LINE ( 'NONE', #83, #920 ) ;
#982 = CARTESIAN_POINT ( 'NONE',  ( -4.589440199095920825, -3.177012901147281632, 7.999999999999998224 ) ) ;
#983 = VERTEX_POINT ( 'NONE', #1046 ) ;
#984 = CARTESIAN_POINT ( 'NONE',  ( -4.933646212451368029, 3.771467729896437859, 7.454674093464471518 ) ) ;
#985 = DIRECTION ( 'NONE',  ( 0.000000000000000000, 0.000000000000000000, 1.000000000000000000 ) ) ;
#986 = TOROIDAL_SURFACE ( 'NONE', #763, 8.000000000000001776, 1.237604307034010809 ) ;
#987 = ORIENTED_EDGE ( 'NONE', *, *, #26, .F. ) ;
#988 = AXIS2_PLACEMENT_3D ( 'NONE', #1136, #436, #511 ) ;
#989 = CARTESIAN_POINT ( 'NONE',  ( 4.618802153517006737, -2.962395692965990701, -8.000000000000000000 ) ) ;
#990 = VECTOR ( 'NONE', #1068, 1000.000000000000114 ) ;
#991 = CIRCLE ( 'NONE', #483, 4.999999999999997335 ) ;
#992 = EDGE_CURVE ( 'NONE', #19, #1113, #686, .T. ) ;
#993 = LINE ( 'NONE', #908, #1043 ) ;
#994 = CARTESIAN_POINT ( 'NONE',  ( 1.925929944387235853E-31, 4.200000000000000178, 8.000000000000000000 ) ) ;
#995 = CARTESIAN_POINT ( 'NONE',  ( -9.022108428942749114, 3.669476118239523910, 0.3732498096757374539 ) ) ;
#996 = EDGE_LOOP ( 'NONE', ( #289, #850, #236 ) ) ;
#997 = CARTESIAN_POINT ( 'NONE',  ( -4.618802153517005848, 2.962395692965989813, -8.000000000000001776 ) ) ;
#998 = CARTESIAN_POINT ( 'NONE',  ( 4.618802153517009401, 2.962395692965990701, 7.999999999999998224 ) ) ;
#999 = CARTESIAN_POINT ( 'NONE',  ( 0.4247987661997292830, -4.200000000000001066, -7.999999999999998224 ) ) ;
#1000 = EDGE_LOOP ( 'NONE', ( #552, #637, #85, #620, #113, #722 ) ) ;
#1001 = CARTESIAN_POINT ( 'NONE',  ( 4.929624429117382078, -3.774582393226856958, -7.461640026535978798 ) ) ;
#1002 = CARTESIAN_POINT ( 'NONE',  ( -2.767358646479388007, 4.112272029350789282, 8.000000000000000000 ) ) ;
#1003 = CARTESIAN_POINT ( 'NONE',  ( 4.589440199095915496, -3.177012901147281632, -7.999999999999998224 ) ) ;
#1004 = EDGE_CURVE ( 'NONE', #260, #568, #510, .T. ) ;
#1005 = VERTEX_POINT ( 'NONE', #335 ) ;
#1006 = CARTESIAN_POINT ( 'NONE',  ( 5.546791222504977803, -4.112824853656753099, 6.392675783644297560 ) ) ;
#1007 = CARTESIAN_POINT ( 'NONE',  ( -6.076533937124928286, 4.190323970480659632, 5.475134486983074922 ) ) ;
#1008 = AXIS2_PLACEMENT_3D ( 'NONE', #82, #257, #97 ) ;
#1009 = AXIS2_PLACEMENT_3D ( 'NONE', #901, #1075, #553 ) ;
#1010 = CARTESIAN_POINT ( 'NONE',  ( -3.600457736832837430, 3.937552330564737524, 7.999999999999998224 ) ) ;
#1011 = CARTESIAN_POINT ( 'NONE',  ( -9.137724817311930536, 3.453155172322070143, -0.1729963508327026223 ) ) ;
#1012 = CARTESIAN_POINT ( 'NONE',  ( -7.354697526780044292, -4.201368122346464951, -3.261290209315800048 ) ) ;
#1013 = EDGE_LOOP ( 'NONE', ( #1021, #882, #544 ) ) ;
#1014 = CARTESIAN_POINT ( 'NONE',  ( -6.928203230275510549, 4.200000000000000178, -4.000000000000001776 ) ) ;
#1015 = CARTESIAN_POINT ( 'NONE',  ( -2.122933960562834343, 4.178300923477721973, -8.000000000000000000 ) ) ;
#1016 = ADVANCED_FACE ( 'NONE', ( #979, #348 ), #696, .F. ) ;
#1017 = EDGE_LOOP ( 'NONE', ( #185, #900, #812, #760, #394, #486, #69 ) ) ;
#1018 = CARTESIAN_POINT ( 'NONE',  ( -3.381589133234268463, 3.998115155113010299, -8.000000000000000000 ) ) ;
#1019 = DIRECTION ( 'NONE',  ( -0.000000000000000000, -1.000000000000000000, -0.000000000000000000 ) ) ;
#1020 = LINE ( 'NONE', #1088, #1145 ) ;
#1021 = ORIENTED_EDGE ( 'NONE', *, *, #514, .T. ) ;
#1022 = CARTESIAN_POINT ( 'NONE',  ( 6.076533937124932727, -4.190323970480661409, 5.475134486983074922 ) ) ;
#1023 = CARTESIAN_POINT ( 'NONE',  ( 0.000000000000000000, -3.699999999999999289, 0.000000000000000000 ) ) ;
#1024 = AXIS2_PLACEMENT_3D ( 'NONE', #358, #14, #444 ) ;
#1025 = EDGE_CURVE ( 'NONE', #64, #241, #165, .T. ) ;
#1026 = CARTESIAN_POINT ( 'NONE',  ( -6.928203230275508773, -4.200000000000000178, -4.000000000000000888 ) ) ;
#1027 = VERTEX_POINT ( 'NONE', #871 ) ;
#1028 = FILL_AREA_STYLE ('',( #761 ) ) ;
#1029 = CARTESIAN_POINT ( 'NONE',  ( 5.234374678261565883, -3.996525607785681000, 6.933797111398975588 ) ) ;
#1030 = PLANE ( 'NONE',  #133 ) ;
#1031 = CARTESIAN_POINT ( 'NONE',  ( 9.172669927476841067, 3.368404857904538918, 0.1124696445509829612 ) ) ;
#1032 = VERTEX_POINT ( 'NONE', #1064 ) ;
#1033 = DIRECTION ( 'NONE',  ( 0.8660254037844385966, 0.000000000000000000, -0.5000000000000003331 ) ) ;
#1034 = CARTESIAN_POINT ( 'NONE',  ( -6.928203230275508773, -4.200000000000000178, -4.000000000000000888 ) ) ;
#1035 = VERTEX_POINT ( 'NONE', #615 ) ;
#1036 = ADVANCED_FACE ( 'NONE', ( #1060 ), #660, .F. ) ;
#1037 = DIRECTION ( 'NONE',  ( -1.000000000000000000, -1.084202172485504187E-16, 1.776356839400250465E-15 ) ) ;
#1038 = VECTOR ( 'NONE', #868, 999.9999999999998863 ) ;
#1039 = AXIS2_PLACEMENT_3D ( 'NONE', #888, #336, #610 ) ;
#1040 = CARTESIAN_POINT ( 'NONE',  ( -4.718681643239087897, -3.453155172322070143, -7.827003649167297183 ) ) ;
#1041 = EDGE_LOOP ( 'NONE', ( #191, #500, #413, #311 ) ) ;
#1042 = CARTESIAN_POINT ( 'NONE',  ( -7.141447054659505689, 4.199999999999999289, 3.630650861766622217 ) ) ;
#1043 = VECTOR ( 'NONE', #628, 1000.000000000000000 ) ;
#1044 = DIRECTION ( 'NONE',  ( -1.224646799147353454E-16, 1.000000000000000000, -0.000000000000000000 ) ) ;
#1045 = CARTESIAN_POINT ( 'NONE',  ( 7.779872523426087483, -4.190323970480661409, -2.524865513016929963 ) ) ;
#1046 = CARTESIAN_POINT ( 'NONE',  ( 6.123233995736763324E-16, -4.200000000000000178, 4.999999999999997335 ) ) ;
#1047 = CARTESIAN_POINT ( 'NONE',  ( -8.922760248099645963, -3.771467729896436971, 0.5453259065355308133 ) ) ;
#1048 = CARTESIAN_POINT ( 'NONE',  ( 9.059329331449561096, -3.599266832974234998, -0.3087813154303699070 ) ) ;
#1049 = ADVANCED_FACE ( 'NONE', ( #52 ), #1162, .T. ) ;
#1050 = CARTESIAN_POINT ( 'NONE',  ( 6.928203230275508773, 4.200000000000001066, 4.000000000000000000 ) ) ;
#1051 = CARTESIAN_POINT ( 'NONE',  ( 7.141447054659509242, -4.200000000000003730, 3.630650861766623549 ) ) ;
#1052 = CARTESIAN_POINT ( 'NONE',  ( -0.1077789681949272854, 4.200000000000120970, -8.000000000000000000 ) ) ;
#1053 = ORIENTED_EDGE ( 'NONE', *, *, #212, .F. ) ;
#1054 = CARTESIAN_POINT ( 'NONE',  ( 0.000000000000000000, 3.699999999999993072, 4.500000000000000000 ) ) ;
#1055 = CARTESIAN_POINT ( 'NONE',  ( 7.354066466992793316, -4.201360097834865748, -3.262383236929934593 ) ) ;
#1056 = ADVANCED_FACE ( 'NONE', ( #974 ), #973, .T. ) ;
#1057 = CARTESIAN_POINT ( 'NONE',  ( -8.874633149953552902, 3.817694045706337747, -0.6286844857454209068 ) ) ;
#1058 = CARTESIAN_POINT ( 'NONE',  ( 7.781136745382923436, -4.190266715128402097, 2.522675816355649303 ) ) ;
#1059 = AXIS2_PLACEMENT_3D ( 'NONE', #1082, #460, #526 ) ;
#1060 = FACE_OUTER_BOUND ( 'NONE', #1130, .T. ) ;
#1061 = CARTESIAN_POINT ( 'NONE',  ( 9.222784663438831743, -3.177651271041058934, -0.02566837565691825959 ) ) ;
#1062 = CARTESIAN_POINT ( 'NONE',  ( 6.928203230275508773, -4.200000000000001066, 4.000000000000000000 ) ) ;
#1063 = B_SPLINE_CURVE_WITH_KNOTS ( 'NONE', 3,
 ( #480, #658, #487, #104, #401, #663, #946, #209, #762, #28, #1029, #301, #1006, #386, #1022, #20, #193, #1101 ),
 .UNSPECIFIED., .F., .F.,
 ( 4, 2, 2, 2, 2, 2, 2, 2, 4 ),
 ( 1.969447730896739667E-07, 0.0003222677304009336874, 0.0006443385160287777016, 0.0009664093016566216617, 0.001288480087284465730, 0.001932621658540151048, 0.002576763229795836583, 0.003865046372307210688, 0.005153329514818584360 ),
 .UNSPECIFIED. ) ;
#1064 = CARTESIAN_POINT ( 'NONE',  ( 6.123233995736775157E-16, 4.200000000000000178, -5.000000000000007994 ) ) ;
#1065 = CARTESIAN_POINT ( 'NONE',  ( -4.633621797112182250, 3.177651271041057601, 7.974331624343088620 ) ) ;
#1066 = CARTESIAN_POINT ( 'NONE',  ( 3.992727322579912030, -3.776876284349845569, -8.000000000000000000 ) ) ;
#1067 = ORIENTED_EDGE ( 'NONE', *, *, #254, .T. ) ;
#1068 = DIRECTION ( 'NONE',  ( 8.659560562354903276E-17, -0.7071067811865500152, 0.7071067811865451302 ) ) ;
#1069 = CARTESIAN_POINT ( 'NONE',  ( -5.234374678261560554, 3.996525607785680112, 6.933797111398975588 ) ) ;
#1070 = ADVANCED_FACE ( 'NONE', ( #65 ), #522, .F. ) ;
#1071 = CARTESIAN_POINT ( 'NONE',  ( -7.993293108104371214, 4.177971114334128266, -2.155210216973082460 ) ) ;
#1072 = CARTESIAN_POINT ( 'NONE',  ( 0.000000000000000000, 4.200000000000000178, 0.000000000000000000 ) ) ;
#1073 = CIRCLE ( 'NONE', #384, 8.000000000000001776 ) ;
#1074 = ORIENTED_EDGE ( 'NONE', *, *, #49, .T. ) ;
#1075 = DIRECTION ( 'NONE',  ( -0.000000000000000000, -1.000000000000000000, -0.000000000000000000 ) ) ;
#1076 = CARTESIAN_POINT ( 'NONE',  ( 1.062220067573347748, 4.198612662185452038, 8.000000000000000000 ) ) ;
#1077 = AXIS2_PLACEMENT_3D ( 'NONE', #1109, #651, #569 ) ;
#1078 = CARTESIAN_POINT ( 'NONE',  ( 0.000000000000000000, -2.962395692965990701, 0.000000000000000000 ) ) ;
#1079 = CARTESIAN_POINT ( 'NONE',  ( 4.183515340382188974, -3.672815147077422182, -8.000000000000000000 ) ) ;
#1080 = DIRECTION ( 'NONE',  ( 0.000000000000000000, 1.000000000000000000, 0.000000000000000000 ) ) ;
#1081 = EDGE_LOOP ( 'NONE', ( #442, #525, #673 ) ) ;
#1082 = CARTESIAN_POINT ( 'NONE',  ( 9.237604307034015250, 4.200000000000000178, -1.077965985775971682E-15 ) ) ;
#1083 = PRESENTATION_STYLE_ASSIGNMENT (( #917 ) ) ;
#1084 = CARTESIAN_POINT ( 'NONE',  ( 6.928203230275507885, -4.200000000000001066, -4.000000000000002665 ) ) ;
#1085 = CARTESIAN_POINT ( 'NONE',  ( -0.8522887891674134631, 4.201362521316050369, 7.999999999999998224 ) ) ;
#1086 = ADVANCED_FACE ( 'NONE', ( #364 ), #1166, .T. ) ;
#1087 = CARTESIAN_POINT ( 'NONE',  ( 0.000000000000000000, -2.962395692965990701, 0.000000000000000000 ) ) ;
#1088 = CARTESIAN_POINT ( 'NONE',  ( -9.237604307034013473, 4.200000000000000178, 5.418385350720734506E-17 ) ) ;
#1089 = ORIENTED_EDGE ( 'NONE', *, *, #337, .T. ) ;
#1090 = CARTESIAN_POINT ( 'NONE',  ( 4.260177956160836388, 3.600914527603098048, 7.999999999999998224 ) ) ;
#1091 = CARTESIAN_POINT ( 'NONE',  ( -4.618802153517004960, 2.962395692965988925, 7.999999999999998224 ) ) ;
#1092 = CARTESIAN_POINT ( 'NONE',  ( 4.618802153517008513, 4.200000000000000178, 7.999999999999998224 ) ) ;
#1093 = ORIENTED_EDGE ( 'NONE', *, *, #233, .F. ) ;
#1094 = CARTESIAN_POINT ( 'NONE',  ( 4.618802153517006737, -2.962395692965990701, -8.000000000000000000 ) ) ;
#1095 = CARTESIAN_POINT ( 'NONE',  ( 4.264630730809310322, 3.597418570320586539, -7.999999999999998224 ) ) ;
#1096 = TOROIDAL_SURFACE ( 'NONE', #78, 8.000000000000001776, 1.237604307034010809 ) ;
#1097 = CONICAL_SURFACE ( 'NONE', #1009, 4.999999999999997335, 0.7853981633974447263 ) ;
#1098 = CARTESIAN_POINT ( 'NONE',  ( -4.264630730809313874, 3.597418570320584319, 7.999999999999998224 ) ) ;
#1099 = LINE ( 'NONE', #286, #643 ) ;
#1100 = ORIENTED_EDGE ( 'NONE', *, *, #896, .T. ) ;
#1101 = CARTESIAN_POINT ( 'NONE',  ( 6.928203230275508773, -4.200000000000001066, 4.000000000000000000 ) ) ;
#1102 = CARTESIAN_POINT ( 'NONE',  ( -4.618802153516972098, -3.070694209302876843, 8.000000000000060396 ) ) ;
#1103 = CARTESIAN_POINT ( 'NONE',  ( 4.618802153516975650, 3.070694209302875510, 8.000000000000055067 ) ) ;
#1104 = ORIENTED_EDGE ( 'NONE', *, *, #373, .F. ) ;
#1105 = CARTESIAN_POINT ( 'NONE',  ( -4.171280868098049766, 3.664085859130945533, -8.000000000000000000 ) ) ;
#1106 = DIRECTION ( 'NONE',  ( 1.000000000000000000, -1.084202172485504187E-16, 2.664535259100375697E-15 ) ) ;
#1107 = ADVANCED_FACE ( 'NONE', ( #912 ), #1097, .F. ) ;
#1108 = ORIENTED_EDGE ( 'NONE', *, *, #77, .T. ) ;
#1109 = CARTESIAN_POINT ( 'NONE',  ( 0.000000000000000000, 0.000000000000000000, 0.000000000000000000 ) ) ;
#1110 = CARTESIAN_POINT ( 'NONE',  ( -4.618802153517007625, 3.071577131821055406, -8.000000000000000000 ) ) ;
#1111 = AXIS2_PLACEMENT_3D ( 'NONE', #234, #594, #144 ) ;
#1112 = CARTESIAN_POINT ( 'NONE',  ( 8.309615238046045960, 4.112824853656753099, 1.607324216355703772 ) ) ;
#1113 = VERTEX_POINT ( 'NONE', #268 ) ;
#1114 = CARTESIAN_POINT ( 'NONE',  ( 2.767358646479386675, 4.112272029350790170, -8.000000000000000000 ) ) ;
#1115 = CARTESIAN_POINT ( 'NONE',  ( 0.1077789681949298251, 4.200000000000121858, 7.999999999999998224 ) ) ;
#1116 = CARTESIAN_POINT ( 'NONE',  ( 4.618802153517008513, -2.962395692965988037, 7.999999999999998224 ) ) ;
#1117 = EDGE_CURVE ( 'NONE', #1032, #241, #644, .T. ) ;
#1118 = CARTESIAN_POINT ( 'NONE',  ( -4.841514505840052607, -3.662627326601616939, -7.614250890303302377 ) ) ;
#1119 = ORIENTED_EDGE ( 'NONE', *, *, #896, .F. ) ;
#1120 = CARTESIAN_POINT ( 'NONE',  ( -9.237604307034013473, 4.200000000000000178, 5.418385350720734506E-17 ) ) ;
#1121 = CARTESIAN_POINT ( 'NONE',  ( -9.222933140265622498, -3.176609285919682168, -0.02541120624916499635 ) ) ;
#1122 = ADVANCED_FACE ( 'NONE', ( #712 ), #1164, .F. ) ;
#1123 = VERTEX_POINT ( 'NONE', #1094 ) ;
#1124 = CARTESIAN_POINT ( 'NONE',  ( -0.5310997011128020251, 4.199913222680514480, -8.000000000000000000 ) ) ;
#1125 = CARTESIAN_POINT ( 'NONE',  ( 0.000000000000000000, -2.962395692965990701, 0.000000000000000000 ) ) ;
#1126 = CARTESIAN_POINT ( 'NONE',  ( 6.715274748790363013, 4.200000000000002842, -4.368802948310769985 ) ) ;
#1127 = AXIS2_PLACEMENT_3D ( 'NONE', #785, #142, #969 ) ;
#1128 = CARTESIAN_POINT ( 'NONE',  ( 9.222784663438833519, 3.177651271041058489, 0.02566837565691576159 ) ) ;
#1129 = CARTESIAN_POINT ( 'NONE',  ( -3.390157193145610481, -3.995928894101497875, 7.999999999999998224 ) ) ;
#1130 = EDGE_LOOP ( 'NONE', ( #80, #950, #400, #783 ) ) ;
#1131 = CARTESIAN_POINT ( 'NONE',  ( 4.683736533074175590, 3.368404857904539362, -7.887530355449021258 ) ) ;
#1132 = CARTESIAN_POINT ( 'NONE',  ( 7.779872523426089259, 4.190323970480662297, 2.524865513016925522 ) ) ;
#1133 = CARTESIAN_POINT ( 'NONE',  ( -0.8496084971663422358, -4.201346847949908536, 7.999999999999996447 ) ) ;
#1134 = CARTESIAN_POINT ( 'NONE',  ( -8.312645670114362062, 4.112072104884778589, 1.602075354044492528 ) ) ;
#1135 = DIRECTION ( 'NONE',  ( -1.000000000000000000, -1.084202172485504187E-16, 0.000000000000000000 ) ) ;
#1136 = CARTESIAN_POINT ( 'NONE',  ( 0.000000000000000000, -3.699999999999999289, 0.000000000000000000 ) ) ;
#1137 = EDGE_CURVE ( 'NONE', #260, #508, #952, .T. ) ;
#1138 = DIRECTION ( 'NONE',  ( 0.000000000000000000, 1.000000000000000000, 0.000000000000000000 ) ) ;
#1139 = CARTESIAN_POINT ( 'NONE',  ( 4.618802153517973075, -3.070014153665903578, -8.000000000000000000 ) ) ;
#1140 = ORIENTED_EDGE ( 'NONE', *, *, #270, .T. ) ;
#1141 = CARTESIAN_POINT ( 'NONE',  ( 9.222933140265622498, 3.176609285919685277, -0.02541120624916986745 ) ) ;
#1142 = CARTESIAN_POINT ( 'NONE',  ( 5.863113352446644555, 4.177971114334130043, -5.844789783026922869 ) ) ;
#1143 = DIRECTION ( 'NONE',  ( -0.000000000000000000, -1.000000000000000000, -0.000000000000000000 ) ) ;
#1144 = CIRCLE ( 'NONE', #738, 8.000000000000001776 ) ;
#1145 = VECTOR ( 'NONE', #189, 1000.000000000000000 ) ;
#1146 = CARTESIAN_POINT ( 'NONE',  ( 6.928203230275507885, 4.200000000000001066, -4.000000000000002665 ) ) ;
#1147 = ORIENTED_EDGE ( 'NONE', *, *, #654, .F. ) ;
#1148 = CARTESIAN_POINT ( 'NONE',  ( 8.728625686203528744, 3.937467461392999191, -0.8815768312447380683 ) ) ;
#1149 = CARTESIAN_POINT ( 'NONE',  ( 6.076533937124929174, 4.190323970480662297, -5.475134486983077586 ) ) ;
#1150 = EDGE_CURVE ( 'NONE', #1163, #260, #481, .T. ) ;
#1151 = CARTESIAN_POINT ( 'NONE',  ( 8.418232251743640759, -4.081962322906828255, 1.419194030065059620 ) ) ;
#1152 = ORIENTED_EDGE ( 'NONE', *, *, #337, .F. ) ;
#1153 = CARTESIAN_POINT ( 'NONE',  ( -4.929624429117382967, 3.774582393226855626, -7.461640026535977022 ) ) ;
#1154 = CARTESIAN_POINT ( 'NONE',  ( 4.488118582537206969, 3.369550792430279884, 7.999999999999998224 ) ) ;
#1155 = FILL_AREA_STYLE_COLOUR ( '', #130 ) ;
#1156 = CARTESIAN_POINT ( 'NONE',  ( -6.928203230275509661, 4.200000000000000178, 4.000000000000002665 ) ) ;
#1157 = ORIENTED_EDGE ( 'NONE', *, *, #381, .T. ) ;
#1158 = CARTESIAN_POINT ( 'NONE',  ( 6.123233995736763324E-16, -4.200000000000000178, 4.999999999999997335 ) ) ;
#1159 = CARTESIAN_POINT ( 'NONE',  ( 6.714959405891510080, -4.200000000000001954, -4.369349138233381780 ) ) ;
#1160 = CARTESIAN_POINT ( 'NONE',  ( -7.779872523426087483, 4.190323970480659632, -2.524865513016926855 ) ) ;
#1161 = CARTESIAN_POINT ( 'NONE',  ( -9.172669927476842844, 3.368404857904536254, -0.1124696445509827669 ) ) ;
#1162 = TOROIDAL_SURFACE ( 'NONE', #604, 8.000000000000001776, 1.237604307034010809 ) ;
#1163 = VERTEX_POINT ( 'NONE', #12 ) ;
#1164 = PLANE ( 'NONE',  #1059 ) ;
#1165 = SURFACE_SIDE_STYLE ('',( #756 ) ) ;
#1166 = TOROIDAL_SURFACE ( 'NONE', #292, 8.000000000000001776, 1.237604307034010809 ) ;
#1167 = CARTESIAN_POINT ( 'NONE',  ( -4.618802153517004960, 2.962395692965988925, 7.999999999999998224 ) ) ;
#1168 = EDGE_CURVE ( 'NONE', #223, #983, #90, .T. ) ;
ENDSEC;
END-ISO-10303-21;
