ISO-10303-21;
HEADER;
FILE_DESCRIPTION (( 'STEP AP214' ),
    '1' );
FILE_NAME ('ISO 4032 Nut M10.STEP',
    '2023-12-19T12:36:17',
    ( '' ),
    ( '' ),
    'SwSTEP 2.0',
    'SolidWorks 2020',
    '' );
FILE_SCHEMA (( 'AUTOMOTIVE_DESIGN' ));
ENDSEC;

DATA;
#1 = B_SPLINE_CURVE_WITH_KNOTS ( 'NONE', 3,
 ( #331, #233, #866, #974, #168, #593, #60, #876, #87, #515, #883, #618, #80, #796, #597, #891 ),
 .UNSPECIFIED., .F., .F.,
 ( 4, 2, 2, 2, 2, 2, 2, 4 ),
 ( 6.169851745103296784E-05, 0.0003837277086191999875, 0.0007057568997873669937, 0.001349815282123701006, 0.001993873664460033609, 0.002637932046796366212, 0.003926048811469031417, 0.005214165576141695756 ),
 .UNSPECIFIED. ) ;
#2 = CARTESIAN_POINT ( 'NONE',  ( -4.618802153516972098, -3.070694209302876843, 8.000000000000060396 ) ) ;
#3 = CARTESIAN_POINT ( 'NONE',  ( -5.861963994375901876, -4.177987353017137195, 5.846780529601538490 ) ) ;
#4 = LINE ( 'NONE', #874, #1021 ) ;
#5 = CARTESIAN_POINT ( 'NONE',  ( 0.4248797910128175870, 4.199962068831948336, 7.999999999999998224 ) ) ;
#6 = DIRECTION ( 'NONE',  ( -0.000000000000000000, -1.000000000000000000, -0.000000000000000000 ) ) ;
#7 = CARTESIAN_POINT ( 'NONE',  ( 9.237604307034015250, 4.200000000000000178, -1.077965985775971682E-15 ) ) ;
#8 = CARTESIAN_POINT ( 'NONE',  ( -4.717749776183815413, 3.450989042010864871, -7.828617690252936079 ) ) ;
#9 = CARTESIAN_POINT ( 'NONE',  ( -6.502339993558220677, 4.201360097834863971, 4.737616763070070292 ) ) ;
#10 = ORIENTED_EDGE ( 'NONE', *, *, #806, .T. ) ;
#11 = CARTESIAN_POINT ( 'NONE',  ( 3.851859888774471706E-31, 4.200000000000000178, -8.000000000000000000 ) ) ;
#12 = AXIS2_PLACEMENT_3D ( 'NONE', #590, #401, #482 ) ;
#13 = EDGE_CURVE ( 'NONE', #359, #339, #944, .T. ) ;
#14 = CARTESIAN_POINT ( 'NONE',  ( 4.718681643239087897, 3.453155172322069699, -7.827003649167297183 ) ) ;
#15 = EDGE_CURVE ( 'NONE', #628, #976, #429, .T. ) ;
#16 = AXIS2_PLACEMENT_3D ( 'NONE', #659, #649, #478 ) ;
#17 = VECTOR ( 'NONE', #1144, 1000.000000000000114 ) ;
#18 = CARTESIAN_POINT ( 'NONE',  ( 9.222784663438833519, 3.177651271041058489, 0.02566837565691576159 ) ) ;
#19 = CARTESIAN_POINT ( 'NONE',  ( 4.797077129101452009, 3.599266832974231889, -7.691218684569636643 ) ) ;
#20 = FACE_OUTER_BOUND ( 'NONE', #868, .T. ) ;
#21 = CARTESIAN_POINT ( 'NONE',  ( -5.543760790436654595, -4.112072104884779478, 6.397924645955511025 ) ) ;
#22 = EDGE_CURVE ( 'NONE', #693, #327, #1162, .T. ) ;
#23 = CARTESIAN_POINT ( 'NONE',  ( 0.000000000000000000, 3.449999999999996625, 4.250000000000000000 ) ) ;
#24 = AXIS2_PLACEMENT_3D ( 'NONE', #684, #32, #1018 ) ;
#25 = CARTESIAN_POINT ( 'NONE',  ( 6.928203230275507885, 4.200000000000001066, -4.000000000000002665 ) ) ;
#26 = EDGE_CURVE ( 'NONE', #327, #335, #314, .T. ) ;
#27 = CARTESIAN_POINT ( 'NONE',  ( -9.237604307034013473, 2.962395692965988925, 0.000000000000000000 ) ) ;
#28 = DIRECTION ( 'NONE',  ( 0.000000000000000000, 0.000000000000000000, 1.000000000000000000 ) ) ;
#29 = CARTESIAN_POINT ( 'NONE',  ( -4.589637713212657566, -3.176248292070557255, -8.000000000000000000 ) ) ;
#30 = DIRECTION ( 'NONE',  ( -0.000000000000000000, -1.000000000000000000, -0.000000000000000000 ) ) ;
#31 = PRESENTATION_STYLE_ASSIGNMENT (( #209 ) ) ;
#32 = DIRECTION ( 'NONE',  ( -1.224646799147353454E-16, 1.000000000000000000, -0.000000000000000000 ) ) ;
#33 = FILL_AREA_STYLE_COLOUR ( '', #657 ) ;
#34 = CARTESIAN_POINT ( 'NONE',  ( -9.137724817311928760, -3.453155172322069699, 0.1729963508327023725 ) ) ;
#35 = CARTESIAN_POINT ( 'NONE',  ( 9.237604307034013473, 2.962395692965991589, -2.602085213965210642E-15 ) ) ;
#36 = ORIENTED_EDGE ( 'NONE', *, *, #697, .T. ) ;
#37 = ORIENTED_EDGE ( 'NONE', *, *, #1122, .T. ) ;
#38 = CARTESIAN_POINT ( 'NONE',  ( 9.237604307034013473, -2.962395692965991589, -2.602085213965210642E-15 ) ) ;
#39 = CARTESIAN_POINT ( 'NONE',  ( 5.234374678261565883, -3.996525607785681000, 6.933797111398975588 ) ) ;
#40 = DIRECTION ( 'NONE',  ( -0.000000000000000000, -1.000000000000000000, -0.000000000000000000 ) ) ;
#41 = CARTESIAN_POINT ( 'NONE',  ( -8.309615238046042407, -4.112824853656751323, 1.607324216355702440 ) ) ;
#42 = DIRECTION ( 'NONE',  ( 0.000000000000000000, 0.000000000000000000, 1.000000000000000000 ) ) ;
#43 = ORIENTED_EDGE ( 'NONE', *, *, #85, .T. ) ;
#44 = DIRECTION ( 'NONE',  ( -1.000000000000000000, -1.224646799147353454E-16, 0.000000000000000000 ) ) ;
#45 = CARTESIAN_POINT ( 'NONE',  ( 5.546791222504977803, -4.112824853656753099, 6.392675783644297560 ) ) ;
#46 = DIRECTION ( 'NONE',  ( -1.000000000000000000, -1.084202172485504187E-16, 0.000000000000000000 ) ) ;
#47 = CARTESIAN_POINT ( 'NONE',  ( 7.779872523426087483, -4.190323970480661409, -2.524865513016929963 ) ) ;
#48 = ADVANCED_FACE ( 'NONE', ( #181 ), #176, .F. ) ;
#49 = ORIENTED_EDGE ( 'NONE', *, *, #763, .T. ) ;
#50 = DIRECTION ( 'NONE',  ( -1.224646799147353454E-16, -1.000000000000000000, 0.000000000000000000 ) ) ;
#51 = CARTESIAN_POINT ( 'NONE',  ( 6.928203230275507885, -4.200000000000001066, -4.000000000000002665 ) ) ;
#52 = CARTESIAN_POINT ( 'NONE',  ( -2.760485026368411088, -4.113161906529669842, 8.000000000000000000 ) ) ;
#53 = DIRECTION ( 'NONE',  ( 0.000000000000000000, 0.7071067811865459074, 0.7071067811865491270 ) ) ;
#54 = CIRCLE ( 'NONE', #495, 4.999999999999995559 ) ;
#55 = PRESENTATION_LAYER_ASSIGNMENT (  '', '', ( #410 ) ) ;
#56 = ORIENTED_EDGE ( 'NONE', *, *, #936, .F. ) ;
#57 = ORIENTED_EDGE ( 'NONE', *, *, #1072, .T. ) ;
#58 = CARTESIAN_POINT ( 'NONE',  ( -3.888884801146929249, 3.819506527844124921, -7.999999999999998224 ) ) ;
#59 = CARTESIAN_POINT ( 'NONE',  ( 5.127780774347488801, -3.937467461392998302, -7.118423168755266595 ) ) ;
#60 = CARTESIAN_POINT ( 'NONE',  ( 3.992727322579912030, -3.776876284349845569, -8.000000000000000000 ) ) ;
#61 = ORIENTED_EDGE ( 'NONE', *, *, #792, .F. ) ;
#62 = AXIS2_PLACEMENT_3D ( 'NONE', #702, #1140, #525 ) ;
#63 = VERTEX_POINT ( 'NONE', #345 ) ;
#64 = CARTESIAN_POINT ( 'NONE',  ( -9.237604307034013473, -2.962395692965988925, 0.000000000000000000 ) ) ;
#65 = AXIS2_PLACEMENT_3D ( 'NONE', #857, #771, #321 ) ;
#66 = CARTESIAN_POINT ( 'NONE',  ( -3.992727322579915583, -3.776876284349844681, 7.999999999999998224 ) ) ;
#67 = CARTESIAN_POINT ( 'NONE',  ( 0.000000000000000000, -4.200000000000000178, -4.999999999999995559 ) ) ;
#68 = EDGE_LOOP ( 'NONE', ( #964, #872, #165 ) ) ;
#69 = ADVANCED_FACE ( 'NONE', ( #710 ), #674, .F. ) ;
#70 = ORIENTED_EDGE ( 'NONE', *, *, #1022, .F. ) ;
#71 = CARTESIAN_POINT ( 'NONE',  ( -4.633621797112184026, -3.177651271041057601, -7.974331624343088620 ) ) ;
#72 = CARTESIAN_POINT ( 'NONE',  ( 3.994220278810606040, -3.775927419601437851, 7.999999999999998224 ) ) ;
#73 = DIRECTION ( 'NONE',  ( 1.224646799147353454E-16, 1.000000000000000000, -0.000000000000000000 ) ) ;
#74 = ORIENTED_EDGE ( 'NONE', *, *, #681, .T. ) ;
#75 = CIRCLE ( 'NONE', #16, 8.000000000000001776 ) ;
#76 = ORIENTED_EDGE ( 'NONE', *, *, #452, .F. ) ;
#77 = CARTESIAN_POINT ( 'NONE',  ( -9.059329331449561096, 3.599266832974233221, -0.3087813154303659102 ) ) ;
#78 = VECTOR ( 'NONE', #53, 1000.000000000000114 ) ;
#79 = CARTESIAN_POINT ( 'NONE',  ( 4.417705795728181783, 3.454680609770846900, 7.999999999999998224 ) ) ;
#80 = CARTESIAN_POINT ( 'NONE',  ( 1.699117065908963387, -4.190419071723204603, -8.000000000000001776 ) ) ;
#81 = CARTESIAN_POINT ( 'NONE',  ( -4.683736533074172925, 3.368404857904538030, 7.887530355449021258 ) ) ;
#82 = ORIENTED_EDGE ( 'NONE', *, *, #863, .T. ) ;
#83 = CARTESIAN_POINT ( 'NONE',  ( -3.600457736832837430, 3.937552330564737524, 7.999999999999998224 ) ) ;
#84 = DIRECTION ( 'NONE',  ( -1.000000000000000000, 1.224646799147353454E-16, 0.000000000000000000 ) ) ;
#85 = EDGE_CURVE ( 'NONE', #164, #894, #577, .T. ) ;
#86 = CARTESIAN_POINT ( 'NONE',  ( 0.000000000000000000, -2.962395692965990701, 0.000000000000000000 ) ) ;
#87 = CARTESIAN_POINT ( 'NONE',  ( 3.390157193145606485, -3.995928894101498763, -8.000000000000000000 ) ) ;
#88 = CARTESIAN_POINT ( 'NONE',  ( -6.928203230275509661, 4.200000000000000178, 4.000000000000002665 ) ) ;
#89 = ORIENTED_EDGE ( 'NONE', *, *, #106, .F. ) ;
#90 = CARTESIAN_POINT ( 'NONE',  ( -4.618802153517005848, -2.962395692965989813, -8.000000000000001776 ) ) ;
#91 = CARTESIAN_POINT ( 'NONE',  ( 7.141447054659504801, 4.200000000000001954, -3.630650861766624882 ) ) ;
#92 = CARTESIAN_POINT ( 'NONE',  ( -7.141447054659505689, 4.199999999999999289, 3.630650861766622217 ) ) ;
#93 = APPLICATION_PROTOCOL_DEFINITION ( 'draft international standard', 'automotive_design', 1998, #570 ) ;
#94 = EDGE_CURVE ( 'NONE', #1034, #134, #466, .T. ) ;
#95 = CARTESIAN_POINT ( 'NONE',  ( -4.618802153517004960, 4.200000000000000178, 7.999999999999998224 ) ) ;
#96 = CARTESIAN_POINT ( 'NONE',  ( -9.059329331449559319, -3.599266832974231889, 0.3087813154303652441 ) ) ;
#97 = DIRECTION ( 'NONE',  ( -1.224646799147353454E-16, -1.000000000000000000, 0.000000000000000000 ) ) ;
#98 = CARTESIAN_POINT ( 'NONE',  ( -7.354697526780044292, 4.201368122346464062, 3.261290209315800492 ) ) ;
#99 = CARTESIAN_POINT ( 'NONE',  ( -4.834298031608264878, -3.669476118239525242, 7.626750190324264267 ) ) ;
#100 = CARTESIAN_POINT ( 'NONE',  ( -8.922760248099645963, -3.771467729896436971, 0.5453259065355308133 ) ) ;
#101 = ORIENTED_EDGE ( 'NONE', *, *, #22, .F. ) ;
#102 = CARTESIAN_POINT ( 'NONE',  ( 0.8522887891674142402, 4.201362521316050369, -7.999999999999998224 ) ) ;
#103 = CARTESIAN_POINT ( 'NONE',  ( -6.501708933770973253, 4.201368122346464062, -4.738709790684200840 ) ) ;
#104 = CARTESIAN_POINT ( 'NONE',  ( 0.000000000000000000, -4.200000000000000178, 0.000000000000000000 ) ) ;
#105 = ORIENTED_EDGE ( 'NONE', *, *, #1029, .F. ) ;
#106 = EDGE_CURVE ( 'NONE', #955, #306, #116, .T. ) ;
#107 = CARTESIAN_POINT ( 'NONE',  ( 0.000000000000000000, 3.449999999999996625, 0.000000000000000000 ) ) ;
#108 = SURFACE_SIDE_STYLE ('',( #748 ) ) ;
#109 = CARTESIAN_POINT ( 'NONE',  ( 0.000000000000000000, -2.962395692965990701, 0.000000000000000000 ) ) ;
#110 = APPLICATION_CONTEXT ( 'automotive_design' ) ;
#111 = VERTEX_POINT ( 'NONE', #445 ) ;
#112 = CARTESIAN_POINT ( 'NONE',  ( 4.176228695849556694, 3.660675066028561186, -7.999999999999998224 ) ) ;
#113 = CARTESIAN_POINT ( 'NONE',  ( 5.130480583050554877, 3.939176312133595648, -7.113746962910842520 ) ) ;
#114 =( NAMED_UNIT ( * ) SI_UNIT ( $, .STERADIAN. ) SOLID_ANGLE_UNIT ( ) );
#115 = EDGE_CURVE ( 'NONE', #111, #781, #409, .T. ) ;
#116 = B_SPLINE_CURVE_WITH_KNOTS ( 'NONE', 3,
 ( #812, #723, #1077, #81, #266, #912, #1152, #817, #255, #632, #821, #798, #993, #1158, #620, #9, #522, #88 ),
 .UNSPECIFIED., .F., .F.,
 ( 4, 2, 2, 2, 2, 2, 2, 2, 4 ),
 ( 1.969447730888949082E-07, 0.0003222677304009345005, 0.0006443385160287800869, 0.0009664093016566255648, 0.001288480087284471151, 0.001932621658540158421, 0.002576763229795846124, 0.003865046372307218495, 0.005153329514818590432 ),
 .UNSPECIFIED. ) ;
#117 = VERTEX_POINT ( 'NONE', #705 ) ;
#118 = CARTESIAN_POINT ( 'NONE',  ( 8.922760248099645963, 3.771467729896440080, 0.5453259065355329227 ) ) ;
#119 = CARTESIAN_POINT ( 'NONE',  ( 0.000000000000000000, 4.200000000000000178, 0.000000000000000000 ) ) ;
#120 = CYLINDRICAL_SURFACE ( 'NONE', #451, 4.250000000000000000 ) ;
#121 = CARTESIAN_POINT ( 'NONE',  ( -6.075269715168094997, -4.190266715128401209, 5.477324183644354250 ) ) ;
#122 = CARTESIAN_POINT ( 'NONE',  ( -4.618802153517711950, -3.069749245481962596, -7.999999999999998224 ) ) ;
#123 = ORIENTED_EDGE ( 'NONE', *, *, #1159, .F. ) ;
#124 = CARTESIAN_POINT ( 'NONE',  ( 6.928203230275508773, 4.200000000000001066, 4.000000000000000000 ) ) ;
#125 = DIRECTION ( 'NONE',  ( 0.000000000000000000, 0.000000000000000000, 1.000000000000000000 ) ) ;
#126 = DIRECTION ( 'NONE',  ( -0.000000000000000000, -1.000000000000000000, -0.000000000000000000 ) ) ;
#127 = CARTESIAN_POINT ( 'NONE',  ( -6.928203230275509661, -4.200000000000000178, 4.000000000000002665 ) ) ;
#128 = CARTESIAN_POINT ( 'NONE',  ( 8.622031782289454327, -3.996525607785682777, -1.066202888601030629 ) ) ;
#129 = TOROIDAL_SURFACE ( 'NONE', #239, 8.000000000000001776, 1.237604307034010809 ) ;
#130 = DIRECTION ( 'NONE',  ( -1.224646799147353454E-16, -1.000000000000000000, 0.000000000000000000 ) ) ;
#131 = CARTESIAN_POINT ( 'NONE',  ( -9.479937697598170579E-16, 4.200000000000000178, 0.000000000000000000 ) ) ;
#132 = STYLED_ITEM ( 'NONE', ( #463 ), #658 ) ;
#133 = CIRCLE ( 'NONE', #518, 1.237604307034010809 ) ;
#134 = VERTEX_POINT ( 'NONE', #350 ) ;
#135 = UNCERTAINTY_MEASURE_WITH_UNIT (LENGTH_MEASURE( 1.000000000000000082E-05 ), #833, 'distance_accuracy_value', 'NONE');
#136 = CARTESIAN_POINT ( 'NONE',  ( 0.000000000000000000, 2.962395692965990701, 0.000000000000000000 ) ) ;
#137 = CARTESIAN_POINT ( 'NONE',  ( 6.715274748790362125, -4.200000000000001066, 4.368802948310767320 ) ) ;
#138 = CARTESIAN_POINT ( 'NONE',  ( 4.618802153517009401, 2.962395692965990701, 7.999999999999998224 ) ) ;
#139 = DIRECTION ( 'NONE',  ( -1.224646799147353454E-16, 1.000000000000000000, -0.000000000000000000 ) ) ;
#140 = EDGE_CURVE ( 'NONE', #984, #1119, #555, .T. ) ;
#141 = ORIENTED_EDGE ( 'NONE', *, *, #312, .T. ) ;
#142 =( NAMED_UNIT ( * ) PLANE_ANGLE_UNIT ( ) SI_UNIT ( $, .RADIAN. ) );
#143 = CARTESIAN_POINT ( 'NONE',  ( 5.204748896376250699E-16, -4.526061762082101758, -4.250000000000000000 ) ) ;
#144 = CARTESIAN_POINT ( 'NONE',  ( -3.994220278810601155, -3.775927419601436963, -8.000000000000001776 ) ) ;
#145 = ORIENTED_EDGE ( 'NONE', *, *, #646, .F. ) ;
#146 = VERTEX_POINT ( 'NONE', #536 ) ;
#147 = FILL_AREA_STYLE_COLOUR ( '', #513 ) ;
#148 = CARTESIAN_POINT ( 'NONE',  ( -1.062220067573345306, 4.198612662185451150, -8.000000000000000000 ) ) ;
#149 = DIRECTION ( 'NONE',  ( 0.8660254037844385966, 0.000000000000000000, -0.5000000000000003331 ) ) ;
#150 = CARTESIAN_POINT ( 'NONE',  ( -7.994442466175116557, -4.177987353017136307, -2.153219470398465507 ) ) ;
#151 = EDGE_LOOP ( 'NONE', ( #346, #873 ) ) ;
#152 = CARTESIAN_POINT ( 'NONE',  ( -4.488118582537199863, 3.369550792430278108, -8.000000000000000000 ) ) ;
#153 = CARTESIAN_POINT ( 'NONE',  ( -4.420000530603775957, -3.452175407802214657, 7.999999999999998224 ) ) ;
#154 =( NAMED_UNIT ( * ) SI_UNIT ( $, .STERADIAN. ) SOLID_ANGLE_UNIT ( ) );
#155 = B_SPLINE_CURVE_WITH_KNOTS ( 'NONE', 3,
 ( #578, #1040, #1132, #1109, #956, #1035, #1028, #696, #219, #943, #494, #760, #1114, #415, #307, #38 ),
 .UNSPECIFIED., .F., .F.,
 ( 4, 2, 2, 2, 2, 2, 2, 4 ),
 ( 0.005153329514818584360, 0.006443520579360232856, 0.007733711643901880484, 0.008378807176172705165, 0.009023902708443529846, 0.009668998240714352793, 0.009991546006849764266, 0.01031409377298517574 ),
 .UNSPECIFIED. ) ;
#156 = ADVANCED_BREP_SHAPE_REPRESENTATION ( 'ISO 4032 Nut M10', ( #667, #790 ), #197 ) ;
#157 = ORIENTED_EDGE ( 'NONE', *, *, #1059, .F. ) ;
#158 = AXIS2_PLACEMENT_3D ( 'NONE', #500, #50, #949 ) ;
#159 = EDGE_LOOP ( 'NONE', ( #799, #57, #947, #1071, #1161, #1065 ) ) ;
#160 = CARTESIAN_POINT ( 'NONE',  ( -9.014891954710963162, 3.662627326601617384, -0.3857491096967013422 ) ) ;
#161 = CARTESIAN_POINT ( 'NONE',  ( 0.000000000000000000, -2.962395692965990701, 0.000000000000000000 ) ) ;
#162 = ADVANCED_FACE ( 'NONE', ( #1082 ), #205, .T. ) ;
#163 = DIRECTION ( 'NONE',  ( 0.000000000000000000, -0.000000000000000000, 1.000000000000000000 ) ) ;
#164 = VERTEX_POINT ( 'NONE', #274 ) ;
#165 = ORIENTED_EDGE ( 'NONE', *, *, #1124, .F. ) ;
#166 = CARTESIAN_POINT ( 'NONE',  ( -4.683736533074175590, -3.368404857904538474, -7.887530355449021258 ) ) ;
#167 = CARTESIAN_POINT ( 'NONE',  ( 0.1077789681949298251, 4.200000000000121858, 7.999999999999998224 ) ) ;
#168 = CARTESIAN_POINT ( 'NONE',  ( 4.420000530603775069, -3.452175407802215990, -8.000000000000001776 ) ) ;
#169 = DIRECTION ( 'NONE',  ( -1.000000000000000000, -1.224646799147353454E-16, 0.000000000000000000 ) ) ;
#170 = CIRCLE ( 'NONE', #223, 8.000000000000001776 ) ;
#171 = EDGE_LOOP ( 'NONE', ( #426, #933, #517, #105, #49, #775 ) ) ;
#172 = AXIS2_PLACEMENT_3D ( 'NONE', #461, #6, #439 ) ;
#173 = CARTESIAN_POINT ( 'NONE',  ( -2.767358646479388007, 4.112272029350789282, 8.000000000000000000 ) ) ;
#174 = CARTESIAN_POINT ( 'NONE',  ( 4.618802153517008513, -2.962395692965988037, 7.999999999999998224 ) ) ;
#175 = CARTESIAN_POINT ( 'NONE',  ( -9.022108428942749114, 3.669476118239523910, 0.3732498096757374539 ) ) ;
#176 = PLANE ( 'NONE',  #1086 ) ;
#177 = ORIENTED_EDGE ( 'NONE', *, *, #678, .T. ) ;
#178 = DIRECTION ( 'NONE',  ( -1.000000000000000000, 1.224646799147353454E-16, 0.000000000000000000 ) ) ;
#179 = DIRECTION ( 'NONE',  ( -0.000000000000000000, -1.000000000000000000, -0.000000000000000000 ) ) ;
#180 = PLANE ( 'NONE',  #824 ) ;
#181 = FACE_OUTER_BOUND ( 'NONE', #604, .T. ) ;
#182 = EDGE_LOOP ( 'NONE', ( #706, #867, #755, #651, #503, #598, #683 ) ) ;
#183 = ORIENTED_EDGE ( 'NONE', *, *, #1093, .F. ) ;
#184 = CARTESIAN_POINT ( 'NONE',  ( 0.000000000000000000, -4.200000000000000178, -4.999999999999995559 ) ) ;
#185 = LINE ( 'NONE', #528, #999 ) ;
#186 = DIRECTION ( 'NONE',  ( 1.224646799147353454E-16, -1.000000000000000000, 0.000000000000000000 ) ) ;
#187 = CARTESIAN_POINT ( 'NONE',  ( -9.237604307034013473, -2.962395692965988925, 0.000000000000000000 ) ) ;
#188 = CARTESIAN_POINT ( 'NONE',  ( 3.992988696320705522, 3.769437493000489692, -8.000000000000000000 ) ) ;
#189 = CARTESIAN_POINT ( 'NONE',  ( 1.925929944387235853E-31, 4.200000000000000178, 8.000000000000000000 ) ) ;
#190 = DIRECTION ( 'NONE',  ( 0.000000000000000000, 0.000000000000000000, -1.000000000000000000 ) ) ;
#191 = ADVANCED_FACE ( 'NONE', ( #516 ), #1068, .T. ) ;
#192 = VERTEX_POINT ( 'NONE', #640 ) ;
#193 = CARTESIAN_POINT ( 'NONE',  ( 4.589155630819242937, 3.177126786970130734, -8.000000000000001776 ) ) ;
#194 = CARTESIAN_POINT ( 'NONE',  ( 6.502339993558222453, 4.201360097834866636, -4.737616763070072956 ) ) ;
#195 = FACE_OUTER_BOUND ( 'NONE', #490, .T. ) ;
#196 = CARTESIAN_POINT ( 'NONE',  ( -4.618802153517376219, 3.070056286026328962, 7.999999999999996447 ) ) ;
#197 =( GEOMETRIC_REPRESENTATION_CONTEXT ( 3 ) GLOBAL_UNCERTAINTY_ASSIGNED_CONTEXT ( ( #633 ) ) GLOBAL_UNIT_ASSIGNED_CONTEXT ( ( #962, #254, #154 ) ) REPRESENTATION_CONTEXT ( 'NONE', 'WORKASPACE' ) );
#198 = CARTESIAN_POINT ( 'NONE',  ( -5.543760790436657260, 4.112072104884778589, -6.397924645955511025 ) ) ;
#199 = CARTESIAN_POINT ( 'NONE',  ( 4.618802153517009401, -3.071414949476185097, 8.000000000000003553 ) ) ;
#200 = DIRECTION ( 'NONE',  ( 1.000000000000000000, -1.084202172485504187E-16, 8.881784197001252323E-16 ) ) ;
#201 = ORIENTED_EDGE ( 'NONE', *, *, #140, .T. ) ;
#202 = CARTESIAN_POINT ( 'NONE',  ( 7.993293108104376543, 4.177971114334131819, 2.155210216973081572 ) ) ;
#203 = AXIS2_PLACEMENT_3D ( 'NONE', #829, #296, #1092 ) ;
#204 = CARTESIAN_POINT ( 'NONE',  ( 4.683736533074175590, 3.368404857904539362, -7.887530355449021258 ) ) ;
#205 = TOROIDAL_SURFACE ( 'NONE', #862, 8.000000000000001776, 1.237604307034010809 ) ;
#206 = CARTESIAN_POINT ( 'NONE',  ( 0.000000000000000000, -3.450000000000002398, 0.000000000000000000 ) ) ;
#207 = CARTESIAN_POINT ( 'NONE',  ( 5.543760790436660812, 4.112072104884778589, 6.397924645955507472 ) ) ;
#208 = CARTESIAN_POINT ( 'NONE',  ( 8.309615238046045960, 4.112824853656753099, 1.607324216355703772 ) ) ;
#209 = SURFACE_STYLE_USAGE ( .BOTH. , #1012 ) ;
#210 = FILL_AREA_STYLE ('',( #925 ) ) ;
#211 = B_SPLINE_CURVE_WITH_KNOTS ( 'NONE', 3,
 ( #286, #738, #653, #204, #14, #19, #730, #916, #549, #113, #371, #1091, #820, #663, #295, #194, #277, #25 ),
 .UNSPECIFIED., .F., .F.,
 ( 4, 2, 2, 2, 2, 2, 2, 2, 4 ),
 ( 1.969447730900106623E-07, 0.0003222677304009320611, 0.0006443385160287741237, 0.0009664093016566161322, 0.001288480087284458358, 0.001932621658540144109, 0.002576763229795829644, 0.003865046372307204183, 0.005153329514818578289 ),
 .UNSPECIFIED. ) ;
#212 = DIRECTION ( 'NONE',  ( -1.000000000000000000, 1.224646799147353454E-16, 0.000000000000000000 ) ) ;
#213 = CARTESIAN_POINT ( 'NONE',  ( 7.993293108104369438, -4.177971114334129155, -2.155210216973085124 ) ) ;
#214 = TOROIDAL_SURFACE ( 'NONE', #158, 8.000000000000001776, 1.237604307034010809 ) ;
#215 = ORIENTED_EDGE ( 'NONE', *, *, #1026, .F. ) ;
#216 = DIRECTION ( 'NONE',  ( 0.000000000000000000, 0.000000000000000000, 1.000000000000000000 ) ) ;
#217 = DIRECTION ( 'NONE',  ( -0.000000000000000000, -1.000000000000000000, -0.000000000000000000 ) ) ;
#218 = CARTESIAN_POINT ( 'NONE',  ( 8.414451280066572281, -4.083189860389691006, -1.425742865111722324 ) ) ;
#219 = CARTESIAN_POINT ( 'NONE',  ( 8.728625686203526968, -3.937467461392999191, 0.8815768312447372912 ) ) ;
#220 = CARTESIAN_POINT ( 'NONE',  ( 4.618802153516972098, -3.070694209302875510, -8.000000000000058620 ) ) ;
#221 = CARTESIAN_POINT ( 'NONE',  ( -6.501708933770971477, -4.201368122346464062, 4.738709790684200840 ) ) ;
#222 = CARTESIAN_POINT ( 'NONE',  ( 9.222933140265622498, 3.176609285919685277, -0.02541120624916986745 ) ) ;
#223 = AXIS2_PLACEMENT_3D ( 'NONE', #585, #966, #46 ) ;
#224 = ADVANCED_FACE ( 'NONE', ( #884 ), #498, .T. ) ;
#225 = ORIENTED_EDGE ( 'NONE', *, *, #639, .T. ) ;
#226 = CARTESIAN_POINT ( 'NONE',  ( 4.929624429117382078, -3.774582393226856958, -7.461640026535978798 ) ) ;
#227 = CARTESIAN_POINT ( 'NONE',  ( -2.977533811913355422, -4.082449767676217256, -8.000000000000000000 ) ) ;
#228 = CIRCLE ( 'NONE', #1149, 8.000000000000001776 ) ;
#229 = EDGE_LOOP ( 'NONE', ( #1131, #599, #36 ) ) ;
#230 = AXIS2_PLACEMENT_3D ( 'NONE', #477, #1083, #636 ) ;
#231 = CARTESIAN_POINT ( 'NONE',  ( 5.863113352446648108, -4.177971114334130043, 5.844789783026922869 ) ) ;
#232 = CARTESIAN_POINT ( 'NONE',  ( -4.618802153517005848, -2.962395692965989813, -8.000000000000001776 ) ) ;
#233 = CARTESIAN_POINT ( 'NONE',  ( 4.618802153517973075, -3.070014153665903578, -8.000000000000000000 ) ) ;
#234 = ORIENTED_EDGE ( 'NONE', *, *, #299, .F. ) ;
#235 = CARTESIAN_POINT ( 'NONE',  ( -4.618802153517004960, 4.200000000000000178, 7.999999999999998224 ) ) ;
#236 = FACE_OUTER_BOUND ( 'NONE', #695, .T. ) ;
#237 = CARTESIAN_POINT ( 'NONE',  ( 5.543760790436658148, -4.112072104884781254, -6.397924645955512801 ) ) ;
#238 = CARTESIAN_POINT ( 'NONE',  ( -7.781136745382919884, -4.190266715128400321, -2.522675816355647527 ) ) ;
#239 = AXIS2_PLACEMENT_3D ( 'NONE', #930, #391, #212 ) ;
#240 = ORIENTED_EDGE ( 'NONE', *, *, #299, .T. ) ;
#241 = ORIENTED_EDGE ( 'NONE', *, *, #547, .T. ) ;
#242 = CARTESIAN_POINT ( 'NONE',  ( -6.715274748790359460, -4.200000000000000178, -4.368802948310767320 ) ) ;
#243 = DIRECTION ( 'NONE',  ( -0.5000000000000002220, 0.000000000000000000, -0.8660254037844384856 ) ) ;
#244 = FILL_AREA_STYLE ('',( #1052 ) ) ;
#245 = ORIENTED_EDGE ( 'NONE', *, *, #1106, .T. ) ;
#246 = ORIENTED_EDGE ( 'NONE', *, *, #719, .T. ) ;
#247 = CARTESIAN_POINT ( 'NONE',  ( -4.417705795728178231, 3.454680609770849564, -8.000000000000000000 ) ) ;
#248 = DIRECTION ( 'NONE',  ( 0.000000000000000000, 0.000000000000000000, 1.000000000000000000 ) ) ;
#249 = CARTESIAN_POINT ( 'NONE',  ( -9.022108428942750891, -3.669476118239524798, -0.3732498096757390083 ) ) ;
#250 = DIRECTION ( 'NONE',  ( 1.224646799147353454E-16, 1.000000000000000000, -0.000000000000000000 ) ) ;
#251 = CARTESIAN_POINT ( 'NONE',  ( 6.501708933770973253, 4.201368122346465839, 4.738709790684198175 ) ) ;
#252 = CARTESIAN_POINT ( 'NONE',  ( -4.981773310597463755, -3.817694045706337747, -7.371315514254582091 ) ) ;
#253 = CARTESIAN_POINT ( 'NONE',  ( 0.000000000000000000, 3.449999999999996625, 0.000000000000000000 ) ) ;
#254 =( NAMED_UNIT ( * ) PLANE_ANGLE_UNIT ( ) SI_UNIT ( $, .RADIAN. ) );
#255 = CARTESIAN_POINT ( 'NONE',  ( -4.981773310597461091, 3.817694045706338191, 7.371315514254582979 ) ) ;
#256 = ORIENTED_EDGE ( 'NONE', *, *, #1022, .T. ) ;
#257 = PRODUCT_RELATED_PRODUCT_CATEGORY ( 'part', '', ( #413 ) ) ;
#258 = CARTESIAN_POINT ( 'NONE',  ( -9.137724817311930536, 3.453155172322070143, -0.1729963508327026223 ) ) ;
#259 = CARTESIAN_POINT ( 'NONE',  ( -3.381589133234268463, 3.998115155113010299, -8.000000000000000000 ) ) ;
#260 = DIRECTION ( 'NONE',  ( 0.5000000000000003331, 0.000000000000000000, 0.8660254037844383745 ) ) ;
#261 =( LENGTH_UNIT ( ) NAMED_UNIT ( * ) SI_UNIT ( .MILLI., .METRE. ) );
#262 = DIRECTION ( 'NONE',  ( -1.000000000000000000, 0.000000000000000000, 0.000000000000000000 ) ) ;
#263 = EDGE_LOOP ( 'NONE', ( #145, #1154, #70 ) ) ;
#264 = CARTESIAN_POINT ( 'NONE',  ( -5.546791222504975138, -4.112824853656753099, -6.392675783644301113 ) ) ;
#265 = DIRECTION ( 'NONE',  ( -0.8660254037844387076, 0.000000000000000000, -0.5000000000000001110 ) ) ;
#266 = CARTESIAN_POINT ( 'NONE',  ( -4.718681643239087897, 3.453155172322072364, 7.827003649167304289 ) ) ;
#267 = CARTESIAN_POINT ( 'NONE',  ( 4.929624429117382078, 3.774582393226856070, 7.461640026535971693 ) ) ;
#268 = ADVANCED_FACE ( 'NONE', ( #650 ), #120, .F. ) ;
#269 = EDGE_CURVE ( 'NONE', #894, #164, #880, .T. ) ;
#270 = CARTESIAN_POINT ( 'NONE',  ( 3.393573084474135193, 3.995022235156586721, -7.999999999999998224 ) ) ;
#271 = ADVANCED_FACE ( 'NONE', ( #20 ), #129, .T. ) ;
#272 = CARTESIAN_POINT ( 'NONE',  ( 9.237604307034015250, 4.200000000000000178, -1.077965985775971682E-15 ) ) ;
#273 = ADVANCED_FACE ( 'NONE', ( #753 ), #551, .T. ) ;
#274 = CARTESIAN_POINT ( 'NONE',  ( 5.204748896376250699E-16, 3.449999999999996625, -4.250000000000000000 ) ) ;
#275 = AXIS2_PLACEMENT_3D ( 'NONE', #488, #722, #514 ) ;
#276 = DIRECTION ( 'NONE',  ( -0.000000000000000000, -1.000000000000000000, -0.000000000000000000 ) ) ;
#277 = CARTESIAN_POINT ( 'NONE',  ( 6.715274748790363013, 4.200000000000002842, -4.368802948310769985 ) ) ;
#278 = CARTESIAN_POINT ( 'NONE',  ( 4.633621797112186691, -3.177651271041057601, 7.974331624343083291 ) ) ;
#279 = CARTESIAN_POINT ( 'NONE',  ( 4.618802153517008513, 4.200000000000000178, 7.999999999999998224 ) ) ;
#280 = CARTESIAN_POINT ( 'NONE',  ( 0.000000000000000000, -3.450000000000002398, 0.000000000000000000 ) ) ;
#281 = AXIS2_PLACEMENT_3D ( 'NONE', #107, #724, #822 ) ;
#282 = DIRECTION ( 'NONE',  ( 0.000000000000000000, 1.000000000000000000, 0.000000000000000000 ) ) ;
#283 = CARTESIAN_POINT ( 'NONE',  ( -4.618802153517005848, 4.200000000000000178, -8.000000000000000000 ) ) ;
#284 = AXIS2_PLACEMENT_3D ( 'NONE', #1115, #309, #675 ) ;
#285 = CARTESIAN_POINT ( 'NONE',  ( 8.725925877500465333, 3.939176312133596536, 0.8862530370891599230 ) ) ;
#286 = CARTESIAN_POINT ( 'NONE',  ( 4.618802153517006737, 2.962395692965990701, -8.000000000000000000 ) ) ;
#287 = CARTESIAN_POINT ( 'NONE',  ( 0.000000000000000000, 2.962395692965990701, 0.000000000000000000 ) ) ;
#288 = CARTESIAN_POINT ( 'NONE',  ( 5.230490775365863598, 3.994539901920538316, 6.940524228546000707 ) ) ;
#289 = EDGE_LOOP ( 'NONE', ( #1079, #908, #234, #924 ) ) ;
#290 = CARTESIAN_POINT ( 'NONE',  ( 2.767358646479386675, 4.112272029350790170, -8.000000000000000000 ) ) ;
#291 = PRODUCT_CONTEXT ( 'NONE', #110, 'mechanical' ) ;
#292 = FACE_OUTER_BOUND ( 'NONE', #311, .T. ) ;
#293 = CARTESIAN_POINT ( 'NONE',  ( -7.141131711760656309, -4.200000000000001066, 3.631197051689236233 ) ) ;
#294 = CARTESIAN_POINT ( 'NONE',  ( 9.014891954710964939, -3.662627326601618716, -0.3857491096967063382 ) ) ;
#295 = CARTESIAN_POINT ( 'NONE',  ( 6.076533937124929174, 4.190323970480662297, -5.475134486983077586 ) ) ;
#296 = DIRECTION ( 'NONE',  ( 0.000000000000000000, 1.000000000000000000, 0.000000000000000000 ) ) ;
#297 = CARTESIAN_POINT ( 'NONE',  ( 4.717749776183817190, 3.450989042010864427, 7.828617690252932526 ) ) ;
#298 = CARTESIAN_POINT ( 'NONE',  ( -8.000000000000001776, 4.200000000000000178, 0.000000000000000000 ) ) ;
#299 = EDGE_CURVE ( 'NONE', #1137, #983, #54, .T. ) ;
#300 = UNCERTAINTY_MEASURE_WITH_UNIT (LENGTH_MEASURE( 1.000000000000000082E-05 ), #373, 'distance_accuracy_value', 'NONE');
#301 = DIRECTION ( 'NONE',  ( 1.224646799147353454E-16, -1.000000000000000000, 0.000000000000000000 ) ) ;
#302 = FACE_OUTER_BOUND ( 'NONE', #263, .T. ) ;
#303 = CARTESIAN_POINT ( 'NONE',  ( -9.237604307034013473, -3.071414949476182432, -1.264902534566420443E-16 ) ) ;
#304 = ADVANCED_FACE ( 'NONE', ( #733 ), #537, .F. ) ;
#305 = CARTESIAN_POINT ( 'NONE',  ( 8.312645670114358509, 4.112072104884780366, -1.602075354044494526 ) ) ;
#306 = VERTEX_POINT ( 'NONE', #572 ) ;
#307 = CARTESIAN_POINT ( 'NONE',  ( 9.237604307034045448, -3.070694209302874178, -5.632656161514795840E-14 ) ) ;
#308 = EDGE_CURVE ( 'NONE', #845, #405, #917, .T. ) ;
#309 = DIRECTION ( 'NONE',  ( -1.224646799147353454E-16, 1.000000000000000000, -0.000000000000000000 ) ) ;
#310 = CARTESIAN_POINT ( 'NONE',  ( -2.766119333037706518, -4.112440398173809797, -8.000000000000001776 ) ) ;
#311 = EDGE_LOOP ( 'NONE', ( #493, #201, #642 ) ) ;
#312 = EDGE_CURVE ( 'NONE', #146, #861, #576, .T. ) ;
#313 = VERTEX_POINT ( 'NONE', #1088 ) ;
#314 = B_SPLINE_CURVE_WITH_KNOTS ( 'NONE', 3,
 ( #1030, #830, #221, #121, #3, #21, #378, #742, #358, #450, #99, #1000, #627, #982, #2, #892 ),
 .UNSPECIFIED., .F., .F.,
 ( 4, 2, 2, 2, 2, 2, 2, 4 ),
 ( 0.005153329514818598238, 0.006443520579360248468, 0.007733711643901899566, 0.008378807176172725982, 0.009023902708443554133, 0.009668998240714380549, 0.009991546006849795492, 0.01031409377298520870 ),
 .UNSPECIFIED. ) ;
#315 = CARTESIAN_POINT ( 'NONE',  ( 6.501708933770973253, -4.201368122346466727, -4.738709790684203504 ) ) ;
#316 = EDGE_CURVE ( 'NONE', #339, #635, #825, .T. ) ;
#317 = EDGE_CURVE ( 'NONE', #313, #628, #734, .T. ) ;
#318 = CARTESIAN_POINT ( 'NONE',  ( 7.141131711760656309, -4.200000000000002842, -3.631197051689238453 ) ) ;
#319 = VERTEX_POINT ( 'NONE', #645 ) ;
#320 = ORIENTED_EDGE ( 'NONE', *, *, #932, .F. ) ;
#321 = DIRECTION ( 'NONE',  ( -1.000000000000000000, 1.084202172485504434E-16, 0.000000000000000000 ) ) ;
#322 = CARTESIAN_POINT ( 'NONE',  ( 4.187017291416405662, -3.670262848421352864, 8.000000000000000000 ) ) ;
#323 = ADVANCED_FACE ( 'NONE', ( #195 ), #546, .F. ) ;
#324 = CARTESIAN_POINT ( 'NONE',  ( -4.618802153517010289, -2.962395692965989813, 7.999999999999998224 ) ) ;
#325 = PLANE ( 'NONE',  #789 ) ;
#326 = EDGE_LOOP ( 'NONE', ( #1048, #877, #582 ) ) ;
#327 = VERTEX_POINT ( 'NONE', #330 ) ;
#328 = SURFACE_STYLE_FILL_AREA ( #778 ) ;
#329 = MECHANICAL_DESIGN_GEOMETRIC_PRESENTATION_REPRESENTATION (  '', ( #132 ), #1031 ) ;
#330 = CARTESIAN_POINT ( 'NONE',  ( -6.928203230275509661, -4.200000000000000178, 4.000000000000002665 ) ) ;
#331 = CARTESIAN_POINT ( 'NONE',  ( 4.618802153517006737, -2.962395692965990701, -8.000000000000000000 ) ) ;
#332 = AXIS2_PLACEMENT_3D ( 'NONE', #579, #149, #243 ) ;
#333 = AXIS2_PLACEMENT_3D ( 'NONE', #253, #803, #248 ) ;
#334 = ORIENTED_EDGE ( 'NONE', *, *, #609, .F. ) ;
#335 = VERTEX_POINT ( 'NONE', #853 ) ;
#336 = CARTESIAN_POINT ( 'NONE',  ( -4.618802153517007625, 3.071577131821055406, -8.000000000000000000 ) ) ;
#337 = DIRECTION ( 'NONE',  ( 8.659560562354918067E-17, -0.7071067811865487940, 0.7071067811865463515 ) ) ;
#338 = FACE_OUTER_BOUND ( 'NONE', #711, .T. ) ;
#339 = VERTEX_POINT ( 'NONE', #670 ) ;
#340 = CARTESIAN_POINT ( 'NONE',  ( -8.622031782289454327, 3.996525607785680112, -1.066202888601026633 ) ) ;
#341 = CARTESIAN_POINT ( 'NONE',  ( -2.754600876293553213, 4.113873981302351268, -8.000000000000001776 ) ) ;
#342 = CARTESIAN_POINT ( 'NONE',  ( 4.618802153517012066, 3.071577131821058959, 8.000000000000000000 ) ) ;
#343 = DIRECTION ( 'NONE',  ( 1.000000000000000000, -1.084202172485504187E-16, 0.000000000000000000 ) ) ;
#344 = ADVANCED_FACE ( 'NONE', ( #691 ), #655, .T. ) ;
#345 = CARTESIAN_POINT ( 'NONE',  ( 9.237604307034013473, 2.962395692965991589, -2.602085213965210642E-15 ) ) ;
#346 = ORIENTED_EDGE ( 'NONE', *, *, #360, .T. ) ;
#347 = FACE_OUTER_BOUND ( 'NONE', #688, .T. ) ;
#348 = CARTESIAN_POINT ( 'NONE',  ( 4.589637713212660231, -3.176248292070555923, 7.999999999999998224 ) ) ;
#349 = CARTESIAN_POINT ( 'NONE',  ( 4.588717034107453685, 3.178899504127043585, 7.999999999999998224 ) ) ;
#350 = CARTESIAN_POINT ( 'NONE',  ( -8.000000000000001776, -4.200000000000000178, 0.000000000000000000 ) ) ;
#351 = AXIS2_PLACEMENT_3D ( 'NONE', #385, #654, #661 ) ;
#352 = ORIENTED_EDGE ( 'NONE', *, *, #26, .F. ) ;
#353 = AXIS2_PLACEMENT_3D ( 'NONE', #716, #1070, #262 ) ;
#354 = CARTESIAN_POINT ( 'NONE',  ( -8.414451280066572281, 4.083189860389688342, -1.425742865111717883 ) ) ;
#355 = CARTESIAN_POINT ( 'NONE',  ( -0.2124399188244247560, 4.200005411495420837, -8.000000000000000000 ) ) ;
#356 = CARTESIAN_POINT ( 'NONE',  ( 1.699012369344041540, 4.190418870051541234, 8.000000000000000000 ) ) ;
#357 = DIRECTION ( 'NONE',  ( 0.000000000000000000, 0.000000000000000000, 1.000000000000000000 ) ) ;
#358 = CARTESIAN_POINT ( 'NONE',  ( -5.127780774347489690, -3.937467461392997858, 7.118423168755264818 ) ) ;
#359 = VERTEX_POINT ( 'NONE', #1135 ) ;
#360 = EDGE_CURVE ( 'NONE', #400, #509, #904, .T. ) ;
#361 = CARTESIAN_POINT ( 'NONE',  ( -5.130480583050553989, -3.939176312133594760, -7.113746962910840743 ) ) ;
#362 = AXIS2_PLACEMENT_3D ( 'NONE', #756, #571, #669 ) ;
#363 = B_SPLINE_CURVE_WITH_KNOTS ( 'NONE', 3,
 ( #591, #565, #690, #713, #615, #1045, #802, #881, #1133, #72, #322, #506, #1056, #348, #1148, #174 ),
 .UNSPECIFIED., .F., .F.,
 ( 4, 2, 2, 2, 2, 2, 2, 4 ),
 ( 0.005214165576141694888, 0.006504532252849130891, 0.007794898929556566894, 0.008440082267910284028, 0.009085265606264002897, 0.009730448944617720031, 0.01005304061379457860, 0.01037563228297143716 ),
 .UNSPECIFIED. ) ;
#364 = DIRECTION ( 'NONE',  ( -0.5000000000000000000, 0.000000000000000000, 0.8660254037844385966 ) ) ;
#365 = CARTESIAN_POINT ( 'NONE',  ( 4.797077129101454673, -3.599266832974234553, 7.691218684569637531 ) ) ;
#366 = DIRECTION ( 'NONE',  ( 0.000000000000000000, 0.000000000000000000, 1.000000000000000000 ) ) ;
#367 = CARTESIAN_POINT ( 'NONE',  ( -5.438174208807376786, 4.081962322906826479, -6.580805969934944599 ) ) ;
#368 = AXIS2_PLACEMENT_3D ( 'NONE', #1024, #1107, #200 ) ;
#369 = ORIENTED_EDGE ( 'NONE', *, *, #888, .T. ) ;
#370 = CARTESIAN_POINT ( 'NONE',  ( 4.421164788682257374, 3.450799083968673298, -7.999999999999998224 ) ) ;
#371 = CARTESIAN_POINT ( 'NONE',  ( 5.234374678261562330, 3.996525607785681000, -6.933797111398975588 ) ) ;
#372 = AXIS2_PLACEMENT_3D ( 'NONE', #574, #1037, #480 ) ;
#373 =( LENGTH_UNIT ( ) NAMED_UNIT ( * ) SI_UNIT ( .MILLI., .METRE. ) );
#374 = B_SPLINE_CURVE_WITH_KNOTS ( 'NONE', 3,
 ( #90, #720, #71, #166, #427, #1066, #1050, #512, #252, #361, #801, #1155, #264, #447, #1164, #879, #242, #707 ),
 .UNSPECIFIED., .F., .F.,
 ( 4, 2, 2, 2, 2, 2, 2, 2, 4 ),
 ( 1.969447730893151159E-07, 0.0003222677304009341753, 0.0006443385160287791111, 0.0009664093016566240469, 0.001288480087284468766, 0.001932621658540156686, 0.002576763229795844823, 0.003865046372307218495, 0.005153329514818593034 ),
 .UNSPECIFIED. ) ;
#375 = CARTESIAN_POINT ( 'NONE',  ( 9.137724817311930536, 3.453155172322072364, 0.1729963508327033994 ) ) ;
#376 = CARTESIAN_POINT ( 'NONE',  ( -4.618802153516972986, 3.070694209302872846, -8.000000000000053291 ) ) ;
#377 = EDGE_CURVE ( 'NONE', #499, #1034, #430, .T. ) ;
#378 = CARTESIAN_POINT ( 'NONE',  ( -5.438174208807375898, -4.081962322906827367, 6.580805969934946376 ) ) ;
#379 = EDGE_CURVE ( 'NONE', #781, #192, #170, .T. ) ;
#380 = CIRCLE ( 'NONE', #1089, 8.000000000000001776 ) ;
#381 =( GEOMETRIC_REPRESENTATION_CONTEXT ( 3 ) GLOBAL_UNCERTAINTY_ASSIGNED_CONTEXT ( ( #997 ) ) GLOBAL_UNIT_ASSIGNED_CONTEXT ( ( #261, #832, #626 ) ) REPRESENTATION_CONTEXT ( 'NONE', 'WORKASPACE' ) );
#382 = CARTESIAN_POINT ( 'NONE',  ( 2.130777158276488503, 4.178079402155151278, -7.999999999999998224 ) ) ;
#383 = EDGE_CURVE ( 'NONE', #976, #319, #971, .T. ) ;
#384 = CARTESIAN_POINT ( 'NONE',  ( -4.929624429117382967, 3.774582393226855626, -7.461640026535977022 ) ) ;
#385 = CARTESIAN_POINT ( 'NONE',  ( 0.000000000000000000, -4.200000000000000178, 0.000000000000000000 ) ) ;
#386 = CARTESIAN_POINT ( 'NONE',  ( -8.414451280066570504, -4.083189860389689230, 1.425742865111716551 ) ) ;
#387 = CARTESIAN_POINT ( 'NONE',  ( 7.354697526780045180, 4.201368122346465839, -3.261290209315802713 ) ) ;
#388 = ORIENTED_EDGE ( 'NONE', *, *, #393, .T. ) ;
#389 = AXIS2_PLACEMENT_3D ( 'NONE', #1046, #40, #496 ) ;
#390 = CARTESIAN_POINT ( 'NONE',  ( -4.618802153517005848, 2.962395692965989813, -8.000000000000001776 ) ) ;
#391 = DIRECTION ( 'NONE',  ( -1.224646799147353454E-16, -1.000000000000000000, 0.000000000000000000 ) ) ;
#392 = FACE_OUTER_BOUND ( 'NONE', #182, .T. ) ;
#393 = EDGE_CURVE ( 'NONE', #861, #164, #1116, .T. ) ;
#394 = DIRECTION ( 'NONE',  ( -1.224646799147353454E-16, 1.000000000000000000, -0.000000000000000000 ) ) ;
#395 = CARTESIAN_POINT ( 'NONE',  ( 5.441955180484446153, -4.083189860389689230, 6.574257134888283893 ) ) ;
#396 = CIRCLE ( 'NONE', #65, 8.000000000000000000 ) ;
#397 = CARTESIAN_POINT ( 'NONE',  ( -0.4247987661997318365, -4.200000000000000178, 7.999999999999996447 ) ) ;
#398 = CARTESIAN_POINT ( 'NONE',  ( 5.438174208807378562, 4.081962322906826479, 6.580805969934940158 ) ) ;
#399 = CARTESIAN_POINT ( 'NONE',  ( 9.222784663438831743, -3.177651271041058934, -0.02566837565691825959 ) ) ;
#400 = VERTEX_POINT ( 'NONE', #423 ) ;
#401 = DIRECTION ( 'NONE',  ( -0.000000000000000000, 1.000000000000000000, -0.000000000000000000 ) ) ;
#402 = FACE_OUTER_BOUND ( 'NONE', #770, .T. ) ;
#403 = CARTESIAN_POINT ( 'NONE',  ( 6.714959405891510080, -4.200000000000001954, -4.369349138233381780 ) ) ;
#404 = CARTESIAN_POINT ( 'NONE',  ( 9.237604307034015250, -3.071414949476184653, -4.070840344504165852E-15 ) ) ;
#405 = VERTEX_POINT ( 'NONE', #232 ) ;
#406 = ORIENTED_EDGE ( 'NONE', *, *, #936, .T. ) ;
#407 = CARTESIAN_POINT ( 'NONE',  ( 0.000000000000000000, 4.200000000000000178, 0.000000000000000000 ) ) ;
#408 = CARTESIAN_POINT ( 'NONE',  ( 6.123233995736759380E-16, -4.200000000000000178, 4.999999999999995559 ) ) ;
#409 = CIRCLE ( 'NONE', #552, 8.000000000000001776 ) ;
#410 = STYLED_ITEM ( 'NONE', ( #464 ), #268 ) ;
#411 = EDGE_CURVE ( 'NONE', #335, #313, #805, .T. ) ;
#412 = CARTESIAN_POINT ( 'NONE',  ( 7.994442466175116557, 4.177987353017138084, -2.153219470398467728 ) ) ;
#413 = PRODUCT ( 'ISO 4032 Nut M10', 'ISO 4032 Nut M10', '', ( #291 ) ) ;
#414 = ORIENTED_EDGE ( 'NONE', *, *, #94, .F. ) ;
#415 = CARTESIAN_POINT ( 'NONE',  ( 9.222933140265622498, -3.176609285919681280, 0.02541120624916596779 ) ) ;
#416 = CARTESIAN_POINT ( 'NONE',  ( -0.5310997011128020251, 4.199913222680514480, -8.000000000000000000 ) ) ;
#417 = CARTESIAN_POINT ( 'NONE',  ( 4.834298031608268431, -3.669476118239524354, -7.626750190324262491 ) ) ;
#418 = CARTESIAN_POINT ( 'NONE',  ( -8.418232251743640759, -4.081962322906828255, -1.419194030065059620 ) ) ;
#419 = B_SPLINE_CURVE_WITH_KNOTS ( 'NONE', 3,
 ( #768, #404, #399, #854, #484, #946, #294, #679, #668, #492, #128, #218, #843, #213, #47, #1027, #318, #931 ),
 .UNSPECIFIED., .F., .F.,
 ( 4, 2, 2, 2, 2, 2, 2, 2, 4 ),
 ( 1.969447730903691690E-07, 0.0003222677304009348800, 0.0006443385160287792195, 0.0009664093016566237216, 0.001288480087284468115, 0.001932621658540157336, 0.002576763229795846558, 0.003865046372307224566, 0.005153329514818602575 ),
 .UNSPECIFIED. ) ;
#420 = ORIENTED_EDGE ( 'NONE', *, *, #26, .T. ) ;
#421 = ORIENTED_EDGE ( 'NONE', *, *, #497, .F. ) ;
#422 = LINE ( 'NONE', #235, #1076 ) ;
#423 = CARTESIAN_POINT ( 'NONE',  ( 0.000000000000000000, 4.200000000000000178, 5.000000000000007994 ) ) ;
#424 = CARTESIAN_POINT ( 'NONE',  ( -8.625915685185155724, -3.994539901920536540, -1.059475771454001292 ) ) ;
#425 = ORIENTED_EDGE ( 'NONE', *, *, #317, .F. ) ;
#426 = ORIENTED_EDGE ( 'NONE', *, *, #308, .T. ) ;
#427 = CARTESIAN_POINT ( 'NONE',  ( -4.718681643239087897, -3.453155172322070143, -7.827003649167297183 ) ) ;
#428 = DIRECTION ( 'NONE',  ( -0.8660254037844384856, 0.000000000000000000, 0.5000000000000004441 ) ) ;
#429 = CIRCLE ( 'NONE', #921, 8.000000000000001776 ) ;
#430 = CIRCLE ( 'NONE', #732, 8.000000000000001776 ) ;
#431 = CARTESIAN_POINT ( 'NONE',  ( 6.928203230275508773, 4.200000000000001066, 4.000000000000000000 ) ) ;
#432 = CIRCLE ( 'NONE', #580, 8.000000000000000000 ) ;
#433 = ORIENTED_EDGE ( 'NONE', *, *, #22, .T. ) ;
#434 = CARTESIAN_POINT ( 'NONE',  ( -9.222784663438831743, 3.177651271041055381, -0.02566837565691561240 ) ) ;
#435 = ADVANCED_FACE ( 'NONE', ( #302 ), #1033, .T. ) ;
#436 = FACE_OUTER_BOUND ( 'NONE', #808, .T. ) ;
#437 = CARTESIAN_POINT ( 'NONE',  ( -9.237604307034013473, -2.962395692965988925, 0.000000000000000000 ) ) ;
#438 = B_SPLINE_CURVE_WITH_KNOTS ( 'NONE', 3,
 ( #910, #1008, #103, #828, #920, #198, #367, #740, #459, #384, #1003, #8, #1098, #545, #376, #390 ),
 .UNSPECIFIED., .F., .F.,
 ( 4, 2, 2, 2, 2, 2, 2, 4 ),
 ( 0.005153329514818595636, 0.006443520579360245866, 0.007733711643901896096, 0.008378807176172724247, 0.009023902708443550663, 0.009668998240714377079, 0.009991546006849788553, 0.01031409377298520003 ),
 .UNSPECIFIED. ) ;
#439 = DIRECTION ( 'NONE',  ( 0.000000000000000000, 0.000000000000000000, -1.000000000000000000 ) ) ;
#440 = EDGE_LOOP ( 'NONE', ( #369, #621, #481, #989, #256, #1054 ) ) ;
#441 = CARTESIAN_POINT ( 'NONE',  ( -3.897108975210486825, 3.815739430406304145, 7.999999999999998224 ) ) ;
#442 = CARTESIAN_POINT ( 'NONE',  ( -1.699012369344037543, 4.190418870051541234, -8.000000000000001776 ) ) ;
#443 = CARTESIAN_POINT ( 'NONE',  ( 4.171280868098055095, 3.664085859130943312, 7.999999999999996447 ) ) ;
#444 = CARTESIAN_POINT ( 'NONE',  ( -9.222933140265622498, -3.176609285919682168, -0.02541120624916499635 ) ) ;
#445 = CARTESIAN_POINT ( 'NONE',  ( -6.928203230275510549, 4.200000000000000178, -4.000000000000001776 ) ) ;
#446 = EDGE_LOOP ( 'NONE', ( #605, #885, #777, #1125 ) ) ;
#447 = CARTESIAN_POINT ( 'NONE',  ( -5.863113352446645443, -4.177971114334127378, -5.844789783026921093 ) ) ;
#448 = CARTESIAN_POINT ( 'NONE',  ( 3.851859888774471706E-31, 4.200000000000000178, -8.000000000000000000 ) ) ;
#449 = CARTESIAN_POINT ( 'NONE',  ( -7.781136745382917219, 4.190266715128400321, 2.522675816355647971 ) ) ;
#450 = CARTESIAN_POINT ( 'NONE',  ( -4.929624429117377638, -3.774582393226857402, 7.461640026535976133 ) ) ;
#451 = AXIS2_PLACEMENT_3D ( 'NONE', #550, #473, #28 ) ;
#452 = EDGE_CURVE ( 'NONE', #339, #553, #526, .T. ) ;
#453 = CARTESIAN_POINT ( 'NONE',  ( -9.222784663438833519, -3.177651271041055381, 0.02566837565691431136 ) ) ;
#454 = CARTESIAN_POINT ( 'NONE',  ( -7.779872523426087483, 4.190323970480659632, -2.524865513016926855 ) ) ;
#455 = CARTESIAN_POINT ( 'NONE',  ( -9.237604307034040119, 3.070694209302872846, -5.723646323004290003E-14 ) ) ;
#456 = DIRECTION ( 'NONE',  ( 1.000000000000000000, -1.084202172485504187E-16, 2.664535259100375697E-15 ) ) ;
#457 = CARTESIAN_POINT ( 'NONE',  ( 9.172669927476841067, 3.368404857904538918, 0.1124696445509829612 ) ) ;
#458 = AXIS2_PLACEMENT_3D ( 'NONE', #970, #97, #178 ) ;
#459 = CARTESIAN_POINT ( 'NONE',  ( -5.127780774347490578, 3.937467461392998302, -7.118423168755263930 ) ) ;
#460 = CARTESIAN_POINT ( 'NONE',  ( 4.981773310597467308, -3.817694045706337747, 7.371315514254580314 ) ) ;
#461 = CARTESIAN_POINT ( 'NONE',  ( 0.000000000000000000, -4.200000000000000178, 0.000000000000000000 ) ) ;
#462 = CARTESIAN_POINT ( 'NONE',  ( -4.589155630819243825, 3.177126786970129846, 7.999999999999994671 ) ) ;
#463 = PRESENTATION_STYLE_ASSIGNMENT (( #1023 ) ) ;
#464 = PRESENTATION_STYLE_ASSIGNMENT (( #1005 ) ) ;
#465 = CARTESIAN_POINT ( 'NONE',  ( -4.618802153517004960, 2.962395692965988925, 7.999999999999998224 ) ) ;
#466 = CIRCLE ( 'NONE', #922, 8.000000000000001776 ) ;
#467 = DIRECTION ( 'NONE',  ( 1.000000000000000000, 0.000000000000000000, 0.000000000000000000 ) ) ;
#468 = ADVANCED_FACE ( 'NONE', ( #703 ), #180, .F. ) ;
#469 = DIRECTION ( 'NONE',  ( -1.000000000000000000, -1.084202172485504187E-16, 1.776356839400250465E-15 ) ) ;
#470 = ADVANCED_FACE ( 'NONE', ( #898 ), #937, .F. ) ;
#471 = CARTESIAN_POINT ( 'NONE',  ( -8.622031782289452551, -3.996525607785680112, 1.066202888601025300 ) ) ;
#472 = CARTESIAN_POINT ( 'NONE',  ( 7.354066466992795092, 4.201360097834866636, 3.262383236929931041 ) ) ;
#473 = DIRECTION ( 'NONE',  ( -0.000000000000000000, 1.000000000000000000, -0.000000000000000000 ) ) ;
#474 = CARTESIAN_POINT ( 'NONE',  ( -4.618802153517005848, -2.962395692965989813, -8.000000000000001776 ) ) ;
#475 = TOROIDAL_SURFACE ( 'NONE', #284, 8.000000000000001776, 1.237604307034010809 ) ;
#476 = ORIENTED_EDGE ( 'NONE', *, *, #837, .T. ) ;
#477 = CARTESIAN_POINT ( 'NONE',  ( 0.000000000000000000, 4.200000000000000178, 0.000000000000000000 ) ) ;
#478 = DIRECTION ( 'NONE',  ( -1.000000000000000000, -1.084202172485504187E-16, 0.000000000000000000 ) ) ;
#479 = DIRECTION ( 'NONE',  ( -0.000000000000000000, -1.000000000000000000, -0.000000000000000000 ) ) ;
#480 = DIRECTION ( 'NONE',  ( 0.000000000000000000, -0.000000000000000000, 1.000000000000000000 ) ) ;
#481 = ORIENTED_EDGE ( 'NONE', *, *, #1124, .T. ) ;
#482 = DIRECTION ( 'NONE',  ( 0.000000000000000000, 0.000000000000000000, 1.000000000000000000 ) ) ;
#483 = CIRCLE ( 'NONE', #941, 8.000000000000001776 ) ;
#484 = CARTESIAN_POINT ( 'NONE',  ( 9.137724817311932313, -3.453155172322073696, -0.1729963508327066191 ) ) ;
#485 = PRODUCT_DEFINITION_FORMATION_WITH_SPECIFIED_SOURCE ( 'ANY', '', #413, .NOT_KNOWN. ) ;
#486 = SURFACE_STYLE_USAGE ( .BOTH. , #934 ) ;
#487 = CARTESIAN_POINT ( 'NONE',  ( 6.928203230275508773, -4.200000000000001066, 4.000000000000000000 ) ) ;
#488 = CARTESIAN_POINT ( 'NONE',  ( 0.000000000000000000, 2.962395692965990701, 0.000000000000000000 ) ) ;
#489 = CARTESIAN_POINT ( 'NONE',  ( -0.4255407485127020717, -4.200000000000002842, -8.000000000000000000 ) ) ;
#490 = EDGE_LOOP ( 'NONE', ( #1095, #433, #420, #504, #561, #241 ) ) ;
#491 = CARTESIAN_POINT ( 'NONE',  ( -3.595257048395108512, -3.939278949484821712, 8.000000000000000000 ) ) ;
#492 = CARTESIAN_POINT ( 'NONE',  ( 8.725925877500465333, -3.939176312133597424, -0.8862530370891633646 ) ) ;
#493 = ORIENTED_EDGE ( 'NONE', *, *, #763, .F. ) ;
#494 = CARTESIAN_POINT ( 'NONE',  ( 9.022108428942750891, -3.669476118239526130, 0.3732498096757383976 ) ) ;
#495 = AXIS2_PLACEMENT_3D ( 'NONE', #566, #1099, #665 ) ;
#496 = DIRECTION ( 'NONE',  ( 0.000000000000000000, 0.000000000000000000, 1.000000000000000000 ) ) ;
#497 = EDGE_CURVE ( 'NONE', #146, #983, #185, .T. ) ;
#498 = TOROIDAL_SURFACE ( 'NONE', #1166, 8.000000000000001776, 1.237604307034010809 ) ;
#499 = VERTEX_POINT ( 'NONE', #875 ) ;
#500 = CARTESIAN_POINT ( 'NONE',  ( 0.000000000000000000, -2.962395692965990701, 0.000000000000000000 ) ) ;
#501 = CARTESIAN_POINT ( 'NONE',  ( 0.000000000000000000, -2.962395692965990701, 0.000000000000000000 ) ) ;
#502 = DIRECTION ( 'NONE',  ( -1.000000000000000000, 1.224646799147353454E-16, 0.000000000000000000 ) ) ;
#503 = ORIENTED_EDGE ( 'NONE', *, *, #639, .F. ) ;
#504 = ORIENTED_EDGE ( 'NONE', *, *, #719, .F. ) ;
#505 = CARTESIAN_POINT ( 'NONE',  ( -8.725925877500465333, 3.939176312133593427, -0.8862530370891598119 ) ) ;
#506 = CARTESIAN_POINT ( 'NONE',  ( 4.421498044645769454, -3.450413262045732399, 7.999999999999998224 ) ) ;
#507 = CARTESIAN_POINT ( 'NONE',  ( -0.8496084971663422358, -4.201346847949908536, 7.999999999999996447 ) ) ;
#508 = CARTESIAN_POINT ( 'NONE',  ( -8.312645670114358509, -4.112072104884778589, -1.602075354044492750 ) ) ;
#509 = VERTEX_POINT ( 'NONE', #535 ) ;
#510 = ADVANCED_FACE ( 'NONE', ( #436 ), #641, .T. ) ;
#511 = EDGE_LOOP ( 'NONE', ( #959, #687, #177, #320, #406, #1049 ) ) ;
#512 = CARTESIAN_POINT ( 'NONE',  ( -4.933646212451371582, -3.771467729896438303, -7.454674093464471518 ) ) ;
#513 = COLOUR_RGB ( '',0.7529411764705882248, 0.7529411764705882248, 0.7529411764705882248 ) ;
#514 = DIRECTION ( 'NONE',  ( -1.000000000000000000, -1.224646799147353454E-16, 0.000000000000000000 ) ) ;
#515 = CARTESIAN_POINT ( 'NONE',  ( 2.973188893067496785, -4.083119493883996753, -8.000000000000000000 ) ) ;
#516 = FACE_OUTER_BOUND ( 'NONE', #1061, .T. ) ;
#517 = ORIENTED_EDGE ( 'NONE', *, *, #1142, .T. ) ;
#518 = AXIS2_PLACEMENT_3D ( 'NONE', #849, #42, #759 ) ;
#519 = CARTESIAN_POINT ( 'NONE',  ( -2.977936071689164077, 4.082315466463525944, 7.999999999999994671 ) ) ;
#520 = CARTESIAN_POINT ( 'NONE',  ( -9.138656684367205685, 3.450989042010863539, 0.1713823097470664747 ) ) ;
#521 = CARTESIAN_POINT ( 'NONE',  ( -6.928203230275508773, -4.200000000000000178, -4.000000000000000888 ) ) ;
#522 = CARTESIAN_POINT ( 'NONE',  ( -6.715274748790359460, 4.200000000000000178, 4.368802948310767320 ) ) ;
#523 = ORIENTED_EDGE ( 'NONE', *, *, #1026, .T. ) ;
#524 =( GEOMETRIC_REPRESENTATION_CONTEXT ( 3 ) GLOBAL_UNCERTAINTY_ASSIGNED_CONTEXT ( ( #1078 ) ) GLOBAL_UNIT_ASSIGNED_CONTEXT ( ( #846, #142, #869 ) ) REPRESENTATION_CONTEXT ( 'NONE', 'WORKASPACE' ) );
#525 = DIRECTION ( 'NONE',  ( 0.5000000000000001110, 0.000000000000000000, -0.8660254037844385966 ) ) ;
#526 = B_SPLINE_CURVE_WITH_KNOTS ( 'NONE', 3,
 ( #138, #342, #349, #1057, #79, #890, #443, #709, #1063, #1143, #996, #637, #882, #608, #356, #1156, #811, #1167, #5, #786, #167, #189 ),
 .UNSPECIFIED., .F., .F.,
 ( 4, 2, 2, 2, 2, 2, 2, 2, 2, 2, 4 ),
 ( 0.01538195165976005696, 0.01570520008891520061, 0.01602844851807034426, 0.01635169694722548792, 0.01667494537638063157, 0.01732144223469092234, 0.01796793909300120964, 0.01926093280962178772, 0.01990742966793207502, 0.02023067809708721868, 0.02055392652624236233 ),
 .UNSPECIFIED. ) ;
#527 = CARTESIAN_POINT ( 'NONE',  ( -6.928203230275508773, -4.200000000000000178, -4.000000000000000888 ) ) ;
#528 = CARTESIAN_POINT ( 'NONE',  ( 6.123233995736759380E-16, -4.200000000000000178, 4.999999999999995559 ) ) ;
#529 = TOROIDAL_SURFACE ( 'NONE', #24, 8.000000000000001776, 1.237604307034010809 ) ;
#530 = SURFACE_STYLE_FILL_AREA ( #244 ) ;
#531 = DIRECTION ( 'NONE',  ( -1.000000000000000000, 0.000000000000000000, -0.000000000000000000 ) ) ;
#532 = ORIENTED_EDGE ( 'NONE', *, *, #383, .F. ) ;
#533 = ORIENTED_EDGE ( 'NONE', *, *, #317, .T. ) ;
#534 = CARTESIAN_POINT ( 'NONE',  ( -8.874633149953552902, 3.817694045706337747, -0.6286844857454209068 ) ) ;
#535 = CARTESIAN_POINT ( 'NONE',  ( 6.123233995736775157E-16, 4.200000000000000178, -5.000000000000007994 ) ) ;
#536 = CARTESIAN_POINT ( 'NONE',  ( 0.000000000000000000, -3.450000000000002398, 4.250000000000000000 ) ) ;
#537 = CONICAL_SURFACE ( 'NONE', #351, 4.999999999999995559, 0.7853981633974466137 ) ;
#538 = CARTESIAN_POINT ( 'NONE',  ( 5.127780774347495019, 3.937467461393000079, 7.118423168755264818 ) ) ;
#539 = ORIENTED_EDGE ( 'NONE', *, *, #681, .F. ) ;
#540 = CARTESIAN_POINT ( 'NONE',  ( 3.897108975210482384, 3.815739430406302812, -8.000000000000000000 ) ) ;
#541 = DIRECTION ( 'NONE',  ( 0.000000000000000000, 0.000000000000000000, 1.000000000000000000 ) ) ;
#542 = DIRECTION ( 'NONE',  ( -1.224646799147353454E-16, 1.000000000000000000, -0.000000000000000000 ) ) ;
#543 = ORIENTED_EDGE ( 'NONE', *, *, #379, .T. ) ;
#544 = CARTESIAN_POINT ( 'NONE',  ( 4.618802153517005848, 4.200000000000000178, -8.000000000000000000 ) ) ;
#545 = CARTESIAN_POINT ( 'NONE',  ( -4.633473320285392383, 3.176609285919683501, -7.974588793750835514 ) ) ;
#546 = PLANE ( 'NONE',  #332 ) ;
#547 = EDGE_CURVE ( 'NONE', #306, #984, #1168, .T. ) ;
#548 = LINE ( 'NONE', #7, #741 ) ;
#549 = CARTESIAN_POINT ( 'NONE',  ( 4.981773310597461979, 3.817694045706338635, -7.371315514254581203 ) ) ;
#550 = CARTESIAN_POINT ( 'NONE',  ( 0.000000000000000000, -4.526061762082101758, 0.000000000000000000 ) ) ;
#551 = TOROIDAL_SURFACE ( 'NONE', #1084, 8.000000000000001776, 1.237604307034010809 ) ;
#552 = AXIS2_PLACEMENT_3D ( 'NONE', #611, #186, #807 ) ;
#553 = VERTEX_POINT ( 'NONE', #714 ) ;
#554 = CARTESIAN_POINT ( 'NONE',  ( 3.600457736832835209, 3.937552330564737524, -8.000000000000000000 ) ) ;
#555 = CIRCLE ( 'NONE', #353, 1.237604307034010809 ) ;
#556 = CYLINDRICAL_SURFACE ( 'NONE', #12, 4.250000000000000000 ) ;
#557 = CARTESIAN_POINT ( 'NONE',  ( 4.933646212451373358, -3.771467729896440080, 7.454674093464467965 ) ) ;
#558 = DIRECTION ( 'NONE',  ( 0.000000000000000000, 0.000000000000000000, 1.000000000000000000 ) ) ;
#559 = CARTESIAN_POINT ( 'NONE',  ( -7.354066466992792428, -4.201360097834864860, 3.262383236929930153 ) ) ;
#560 = CARTESIAN_POINT ( 'NONE',  ( -4.421498044645765901, -3.450413262045731955, -7.999999999999998224 ) ) ;
#561 = ORIENTED_EDGE ( 'NONE', *, *, #106, .T. ) ;
#562 = CARTESIAN_POINT ( 'NONE',  ( 4.490625275939019723, 3.365714075070526334, -8.000000000000000000 ) ) ;
#563 = ORIENTED_EDGE ( 'NONE', *, *, #1160, .F. ) ;
#564 =( NAMED_UNIT ( * ) PLANE_ANGLE_UNIT ( ) SI_UNIT ( $, .RADIAN. ) );
#565 = CARTESIAN_POINT ( 'NONE',  ( 0.4255407485127009060, -4.200000000000001066, 8.000000000000000000 ) ) ;
#566 = CARTESIAN_POINT ( 'NONE',  ( 0.000000000000000000, -4.200000000000000178, 0.000000000000000000 ) ) ;
#567 = CARTESIAN_POINT ( 'NONE',  ( 4.633473320285394159, 3.176609285919681724, 7.974588793750833737 ) ) ;
#568 = ADVANCED_FACE ( 'NONE', ( #1069 ), #816, .F. ) ;
#569 = LINE ( 'NONE', #754, #78 ) ;
#570 = APPLICATION_CONTEXT ( 'automotive_design' ) ;
#571 = DIRECTION ( 'NONE',  ( 0.000000000000000000, -0.000000000000000000, 1.000000000000000000 ) ) ;
#572 = CARTESIAN_POINT ( 'NONE',  ( -6.928203230275509661, 4.200000000000000178, 4.000000000000002665 ) ) ;
#573 = CARTESIAN_POINT ( 'NONE',  ( -9.014891954710961386, -3.662627326601616939, 0.3857491096967005650 ) ) ;
#574 = CARTESIAN_POINT ( 'NONE',  ( 0.000000000000000000, 4.200000000000000178, 0.000000000000000000 ) ) ;
#575 = PRESENTATION_LAYER_ASSIGNMENT (  '', '', ( #132 ) ) ;
#576 = CIRCLE ( 'NONE', #958, 4.250000000000000000 ) ;
#577 = CIRCLE ( 'NONE', #979, 4.250000000000000000 ) ;
#578 = CARTESIAN_POINT ( 'NONE',  ( 6.928203230275508773, -4.200000000000001066, 4.000000000000000000 ) ) ;
#579 = CARTESIAN_POINT ( 'NONE',  ( -9.237604307034013473, 4.200000000000000178, 5.418385350720734506E-17 ) ) ;
#580 = AXIS2_PLACEMENT_3D ( 'NONE', #131, #139, #1123 ) ;
#581 = CARTESIAN_POINT ( 'NONE',  ( 8.926782031433637243, 3.774582393226856958, -0.5383599734640273082 ) ) ;
#582 = ORIENTED_EDGE ( 'NONE', *, *, #678, .F. ) ;
#583 = DIRECTION ( 'NONE',  ( -1.000000000000000000, -1.084202172485504187E-16, 0.000000000000000000 ) ) ;
#584 = B_SPLINE_CURVE_WITH_KNOTS ( 'NONE', 3,
 ( #1096, #1090, #18, #457, #375, #739, #929, #118, #745, #285, #652, #1011, #208, #202, #839, #472, #831, #124 ),
 .UNSPECIFIED., .F., .F.,
 ( 4, 2, 2, 2, 2, 2, 2, 2, 4 ),
 ( 1.969447730902000536E-07, 0.0003222677304009345005, 0.0006443385160287787858, 0.0009664093016566230711, 0.001288480087284467248, 0.001932621658540155819, 0.002576763229795844389, 0.003865046372307221530, 0.005153329514818599105 ),
 .UNSPECIFIED. ) ;
#585 = CARTESIAN_POINT ( 'NONE',  ( 0.000000000000000000, 4.200000000000000178, 0.000000000000000000 ) ) ;
#586 = CARTESIAN_POINT ( 'NONE',  ( -3.600868488216865337, -3.937318964335603244, -8.000000000000000000 ) ) ;
#587 = ORIENTED_EDGE ( 'NONE', *, *, #269, .F. ) ;
#588 = CIRCLE ( 'NONE', #230, 8.000000000000001776 ) ;
#589 = ORIENTED_EDGE ( 'NONE', *, *, #603, .F. ) ;
#590 = CARTESIAN_POINT ( 'NONE',  ( 0.000000000000000000, -4.526061762082101758, 0.000000000000000000 ) ) ;
#591 = CARTESIAN_POINT ( 'NONE',  ( 1.925929944387235853E-31, -4.200000000000000178, 8.000000000000000000 ) ) ;
#592 = CARTESIAN_POINT ( 'NONE',  ( -4.618802153517974851, -3.070014153665901802, 8.000000000000000000 ) ) ;
#593 = CARTESIAN_POINT ( 'NONE',  ( 4.183515340382188974, -3.672815147077422182, -8.000000000000000000 ) ) ;
#594 = EDGE_LOOP ( 'NONE', ( #701, #82, #856, #1043 ) ) ;
#595 = FACE_OUTER_BOUND ( 'NONE', #440, .T. ) ;
#596 = CARTESIAN_POINT ( 'NONE',  ( -4.589440199095920825, -3.177012901147281632, 7.999999999999998224 ) ) ;
#597 = CARTESIAN_POINT ( 'NONE',  ( 0.4247987661997292830, -4.200000000000001066, -7.999999999999998224 ) ) ;
#598 = ORIENTED_EDGE ( 'NONE', *, *, #619, .F. ) ;
#599 = ORIENTED_EDGE ( 'NONE', *, *, #547, .F. ) ;
#600 = CARTESIAN_POINT ( 'NONE',  ( -7.354066466992795092, 4.201360097834864860, -3.262383236929930153 ) ) ;
#601 = CARTESIAN_POINT ( 'NONE',  ( -3.390157193145610481, -3.995928894101497875, 7.999999999999998224 ) ) ;
#602 = LINE ( 'NONE', #981, #17 ) ;
#603 = EDGE_CURVE ( 'NONE', #117, #192, #211, .T. ) ;
#604 = EDGE_LOOP ( 'NONE', ( #246, #769, #700, #622, #1044, #476 ) ) ;
#605 = ORIENTED_EDGE ( 'NONE', *, *, #85, .F. ) ;
#606 = CARTESIAN_POINT ( 'NONE',  ( -8.309615238046047736, 4.112824853656752211, -1.607324216355703772 ) ) ;
#607 = CARTESIAN_POINT ( 'NONE',  ( -4.260177956160828394, 3.600914527603101156, -8.000000000000000000 ) ) ;
#608 = CARTESIAN_POINT ( 'NONE',  ( 2.122933960562844113, 4.178300923477722861, 7.999999999999998224 ) ) ;
#609 = EDGE_CURVE ( 'NONE', #983, #1137, #787, .T. ) ;
#610 = CARTESIAN_POINT ( 'NONE',  ( -9.173263055801157861, -3.366616993083762388, -0.1114423161578614180 ) ) ;
#611 = CARTESIAN_POINT ( 'NONE',  ( 0.000000000000000000, 4.200000000000000178, 0.000000000000000000 ) ) ;
#612 = CARTESIAN_POINT ( 'NONE',  ( 6.075269715168098550, 4.190266715128402097, 5.477324183644351585 ) ) ;
#613 = CARTESIAN_POINT ( 'NONE',  ( -0.8522887891674134631, 4.201362521316050369, 7.999999999999998224 ) ) ;
#614 =( GEOMETRIC_REPRESENTATION_CONTEXT ( 3 ) GLOBAL_UNCERTAINTY_ASSIGNED_CONTEXT ( ( #300 ) ) GLOBAL_UNIT_ASSIGNED_CONTEXT ( ( #373, #1102, #114 ) ) REPRESENTATION_CONTEXT ( 'NONE', 'WORKASPACE' ) );
#615 = CARTESIAN_POINT ( 'NONE',  ( 2.128683319877552105, -4.178214913799123131, 7.999999999999998224 ) ) ;
#616 = DIRECTION ( 'NONE',  ( -1.000000000000000000, 1.224646799147353454E-16, 0.000000000000000000 ) ) ;
#617 = B_SPLINE_CURVE_WITH_KNOTS ( 'NONE', 3,
 ( #521, #780, #1157, #238, #150, #508, #418, #424, #704, #1058, #249, #774, #610, #444, #692, #437 ),
 .UNSPECIFIED., .F., .F.,
 ( 4, 2, 2, 2, 2, 2, 2, 4 ),
 ( 0.005153329514818593034, 0.006443520579360244999, 0.007733711643901896096, 0.008378807176172720778, 0.009023902708443547194, 0.009668998240714373610, 0.009991546006849785083, 0.01031409377298519656 ),
 .UNSPECIFIED. ) ;
#618 = CARTESIAN_POINT ( 'NONE',  ( 2.123818238726334684, -4.178431270394334263, -8.000000000000003553 ) ) ;
#619 = EDGE_CURVE ( 'NONE', #192, #359, #483, .T. ) ;
#620 = CARTESIAN_POINT ( 'NONE',  ( -6.076533937124928286, 4.190323970480659632, 5.475134486983074922 ) ) ;
#621 = ORIENTED_EDGE ( 'NONE', *, *, #1159, .T. ) ;
#622 = ORIENTED_EDGE ( 'NONE', *, *, #316, .F. ) ;
#623 = CARTESIAN_POINT ( 'NONE',  ( -8.922760248099649516, 3.771467729896439192, -0.5453259065355322566 ) ) ;
#624 = LINE ( 'NONE', #986, #942 ) ;
#625 = CARTESIAN_POINT ( 'NONE',  ( 4.618802153517008513, 4.200000000000000178, 7.999999999999998224 ) ) ;
#626 =( NAMED_UNIT ( * ) SI_UNIT ( $, .STERADIAN. ) SOLID_ANGLE_UNIT ( ) );
#627 = CARTESIAN_POINT ( 'NONE',  ( -4.683143404749857908, -3.366616993083764164, 7.888557683842143398 ) ) ;
#628 = VERTEX_POINT ( 'NONE', #644 ) ;
#629 = CARTESIAN_POINT ( 'NONE',  ( -1.704286896799091622, 4.190301953412444824, 7.999999999999998224 ) ) ;
#630 = CARTESIAN_POINT ( 'NONE',  ( -8.728625686203528744, 3.937467461392998302, 0.8815768312447356259 ) ) ;
#631 = B_SPLINE_CURVE_WITH_KNOTS ( 'NONE', 3,
 ( #766, #712, #434, #793, #258, #77, #160, #623, #534, #505, #340, #354, #606, #784, #454, #600, #809, #985 ),
 .UNSPECIFIED., .F., .F.,
 ( 4, 2, 2, 2, 2, 2, 2, 2, 4 ),
 ( 1.969447730879217997E-07, 0.0003222677304009323321, 0.0006443385160287767258, 0.0009664093016566210111, 0.001288480087284465513, 0.001932621658540153867, 0.002576763229795842221, 0.003865046372307219362, 0.005153329514818595636 ),
 .UNSPECIFIED. ) ;
#632 = CARTESIAN_POINT ( 'NONE',  ( -5.130480583050552212, 3.939176312133595648, 7.113746962910842520 ) ) ;
#633 = UNCERTAINTY_MEASURE_WITH_UNIT (LENGTH_MEASURE( 1.000000000000000082E-05 ), #962, 'distance_accuracy_value', 'NONE');
#634 = CARTESIAN_POINT ( 'NONE',  ( 4.834298031608271984, 3.669476118239524354, 7.626750190324261602 ) ) ;
#635 = VERTEX_POINT ( 'NONE', #1085 ) ;
#636 = DIRECTION ( 'NONE',  ( -1.000000000000000000, -1.084202172485504187E-16, 0.000000000000000000 ) ) ;
#637 = CARTESIAN_POINT ( 'NONE',  ( 2.964440041539520454, 4.084537549960698399, 7.999999999999998224 ) ) ;
#638 = VECTOR ( 'NONE', #871, 1000.000000000000000 ) ;
#639 = EDGE_CURVE ( 'NONE', #359, #553, #75, .T. ) ;
#640 = CARTESIAN_POINT ( 'NONE',  ( 6.928203230275507885, 4.200000000000001066, -4.000000000000002665 ) ) ;
#641 = TOROIDAL_SURFACE ( 'NONE', #782, 8.000000000000001776, 1.237604307034010809 ) ;
#642 = ORIENTED_EDGE ( 'NONE', *, *, #887, .T. ) ;
#643 = CARTESIAN_POINT ( 'NONE',  ( 1.704286896799089623, 4.190301953412443048, -7.999999999999998224 ) ) ;
#644 = CARTESIAN_POINT ( 'NONE',  ( 6.928203230275508773, -4.200000000000001066, 4.000000000000000000 ) ) ;
#645 = CARTESIAN_POINT ( 'NONE',  ( 4.618802153517006737, -2.962395692965990701, -8.000000000000000000 ) ) ;
#646 = EDGE_CURVE ( 'NONE', #111, #845, #438, .T. ) ;
#647 = CARTESIAN_POINT ( 'NONE',  ( -4.421164788682263591, 3.450799083968673298, 7.999999999999998224 ) ) ;
#648 = TOROIDAL_SURFACE ( 'NONE', #458, 8.000000000000001776, 1.237604307034010809 ) ;
#649 = DIRECTION ( 'NONE',  ( 1.224646799147353454E-16, -1.000000000000000000, 0.000000000000000000 ) ) ;
#650 = FACE_OUTER_BOUND ( 'NONE', #1039, .T. ) ;
#651 = ORIENTED_EDGE ( 'NONE', *, *, #1093, .T. ) ;
#652 = CARTESIAN_POINT ( 'NONE',  ( 8.622031782289454327, 3.996525607785681888, 1.066202888601026855 ) ) ;
#653 = CARTESIAN_POINT ( 'NONE',  ( 4.633621797112184026, 3.177651271041058045, -7.974331624343088620 ) ) ;
#654 = DIRECTION ( 'NONE',  ( -0.000000000000000000, -1.000000000000000000, -0.000000000000000000 ) ) ;
#655 = TOROIDAL_SURFACE ( 'NONE', #1101, 8.000000000000001776, 1.237604307034010809 ) ;
#656 = CARTESIAN_POINT ( 'NONE',  ( -4.264630730809313874, 3.597418570320584319, 7.999999999999998224 ) ) ;
#657 = COLOUR_RGB ( '',0.7529411764705882248, 0.7529411764705882248, 0.7529411764705882248 ) ;
#658 = ADVANCED_FACE ( 'NONE', ( #1013 ), #556, .F. ) ;
#659 = CARTESIAN_POINT ( 'NONE',  ( 0.000000000000000000, 4.200000000000000178, 0.000000000000000000 ) ) ;
#660 = CARTESIAN_POINT ( 'NONE',  ( 9.237604307034013473, -2.962395692965991589, -2.602085213965210642E-15 ) ) ;
#661 = DIRECTION ( 'NONE',  ( 0.000000000000000000, 0.000000000000000000, -1.000000000000000000 ) ) ;
#662 = CARTESIAN_POINT ( 'NONE',  ( 9.022108428942750891, 3.669476118239525242, -0.3732498096757410622 ) ) ;
#663 = CARTESIAN_POINT ( 'NONE',  ( 5.863113352446644555, 4.177971114334130043, -5.844789783026922869 ) ) ;
#664 = CARTESIAN_POINT ( 'NONE',  ( 6.076533937124932727, -4.190323970480661409, 5.475134486983074922 ) ) ;
#665 = DIRECTION ( 'NONE',  ( 0.000000000000000000, 0.000000000000000000, 1.000000000000000000 ) ) ;
#666 = DIRECTION ( 'NONE',  ( 1.000000000000000000, -1.084202172485504187E-16, 0.000000000000000000 ) ) ;
#667 = MANIFOLD_SOLID_BREP ( 'Chamfer1', #940 ) ;
#668 = CARTESIAN_POINT ( 'NONE',  ( 8.874633149953552902, -3.817694045706340411, -0.6286844857454245705 ) ) ;
#669 = DIRECTION ( 'NONE',  ( 1.000000000000000000, 0.000000000000000000, -0.000000000000000000 ) ) ;
#670 = CARTESIAN_POINT ( 'NONE',  ( 4.618802153517009401, 2.962395692965990701, 7.999999999999998224 ) ) ;
#671 = CARTESIAN_POINT ( 'NONE',  ( -7.779872523426088371, -4.190323970480659632, 2.524865513016925966 ) ) ;
#672 = CARTESIAN_POINT ( 'NONE',  ( 8.418232251743640759, 4.081962322906828255, -1.419194030065061618 ) ) ;
#673 = EDGE_LOOP ( 'NONE', ( #1113, #587, #245, #919 ) ) ;
#674 = CONICAL_SURFACE ( 'NONE', #172, 4.999999999999995559, 0.7853981633974466137 ) ;
#675 = DIRECTION ( 'NONE',  ( -1.000000000000000000, -1.224646799147353454E-16, 0.000000000000000000 ) ) ;
#676 = DIRECTION ( 'NONE',  ( -1.224646799147353454E-16, -1.000000000000000000, 0.000000000000000000 ) ) ;
#677 = CIRCLE ( 'NONE', #735, 8.000000000000001776 ) ;
#678 = EDGE_CURVE ( 'NONE', #628, #969, #155, .T. ) ;
#679 = CARTESIAN_POINT ( 'NONE',  ( 8.922760248099644187, -3.771467729896438303, -0.5453259065355364754 ) ) ;
#680 = ADVANCED_FACE ( 'NONE', ( #689 ), #893, .T. ) ;
#681 = EDGE_CURVE ( 'NONE', #327, #313, #396, .T. ) ;
#682 = EDGE_LOOP ( 'NONE', ( #225, #76, #1145 ) ) ;
#683 = ORIENTED_EDGE ( 'NONE', *, *, #379, .F. ) ;
#684 = CARTESIAN_POINT ( 'NONE',  ( 0.000000000000000000, 2.962395692965990701, 0.000000000000000000 ) ) ;
#685 = CARTESIAN_POINT ( 'NONE',  ( 5.230490775365855605, -3.994539901920537428, -6.940524228546002483 ) ) ;
#686 = CARTESIAN_POINT ( 'NONE',  ( 3.851859888774471706E-31, -4.200000000000000178, -8.000000000000000000 ) ) ;
#687 = ORIENTED_EDGE ( 'NONE', *, *, #939, .T. ) ;
#688 = EDGE_LOOP ( 'NONE', ( #1001, #968, #736 ) ) ;
#689 = FACE_OUTER_BOUND ( 'NONE', #229, .T. ) ;
#690 = CARTESIAN_POINT ( 'NONE',  ( 0.8510704468916251431, -4.201357333921362347, 7.999999999999996447 ) ) ;
#691 = FACE_OUTER_BOUND ( 'NONE', #914, .T. ) ;
#692 = CARTESIAN_POINT ( 'NONE',  ( -9.237604307034047224, -3.070694209302874178, 5.617268396306343559E-14 ) ) ;
#693 = VERTEX_POINT ( 'NONE', #64 ) ;
#694 = ADVANCED_FACE ( 'NONE', ( #1120 ), #214, .T. ) ;
#695 = EDGE_LOOP ( 'NONE', ( #523, #123, #532 ) ) ;
#696 = CARTESIAN_POINT ( 'NONE',  ( 8.625915685185161053, -3.994539901920537428, 1.059475771454001070 ) ) ;
#697 = EDGE_CURVE ( 'NONE', #306, #1119, #228, .T. ) ;
#698 = VECTOR ( 'NONE', #479, 1000.000000000000000 ) ;
#699 = DIRECTION ( 'NONE',  ( 1.224646799147353454E-16, 1.000000000000000000, -0.000000000000000000 ) ) ;
#700 = ORIENTED_EDGE ( 'NONE', *, *, #992, .T. ) ;
#701 = ORIENTED_EDGE ( 'NONE', *, *, #393, .F. ) ;
#702 = CARTESIAN_POINT ( 'NONE',  ( -4.618802153517005848, 4.200000000000000178, -8.000000000000000000 ) ) ;
#703 = FACE_OUTER_BOUND ( 'NONE', #511, .T. ) ;
#704 = CARTESIAN_POINT ( 'NONE',  ( -8.728625686203528744, -3.937467461392996970, -0.8815768312447364030 ) ) ;
#705 = CARTESIAN_POINT ( 'NONE',  ( 4.618802153517006737, 2.962395692965990701, -8.000000000000000000 ) ) ;
#706 = ORIENTED_EDGE ( 'NONE', *, *, #115, .F. ) ;
#707 = CARTESIAN_POINT ( 'NONE',  ( -6.928203230275508773, -4.200000000000000178, -4.000000000000000888 ) ) ;
#708 = CARTESIAN_POINT ( 'NONE',  ( -2.122933960562834343, 4.178300923477721973, -8.000000000000000000 ) ) ;
#709 = CARTESIAN_POINT ( 'NONE',  ( 3.985532395662857663, 3.773356357392370075, 7.999999999999998224 ) ) ;
#710 = FACE_OUTER_BOUND ( 'NONE', #289, .T. ) ;
#711 = EDGE_LOOP ( 'NONE', ( #215, #765, #425, #539, #563, #414, #1126 ) ) ;
#712 = CARTESIAN_POINT ( 'NONE',  ( -9.237604307034015250, 3.071414949476182876, -1.067261513540418427E-16 ) ) ;
#713 = CARTESIAN_POINT ( 'NONE',  ( 1.702241559904557056, -4.190349429200885822, 7.999999999999998224 ) ) ;
#714 = CARTESIAN_POINT ( 'NONE',  ( 1.925929944387235853E-31, 4.200000000000000178, 8.000000000000000000 ) ) ;
#715 = DIRECTION ( 'NONE',  ( 0.000000000000000000, 1.000000000000000000, 0.000000000000000000 ) ) ;
#716 = CARTESIAN_POINT ( 'NONE',  ( -8.000000000000001776, 2.962395692965989813, 0.000000000000000000 ) ) ;
#717 = MECHANICAL_DESIGN_GEOMETRIC_PRESENTATION_REPRESENTATION (  '', ( #410 ), #614 ) ;
#718 = ORIENTED_EDGE ( 'NONE', *, *, #619, .T. ) ;
#719 = EDGE_CURVE ( 'NONE', #955, #335, #422, .T. ) ;
#720 = CARTESIAN_POINT ( 'NONE',  ( -4.618802153517005848, -3.071414949476183764, -8.000000000000005329 ) ) ;
#721 = DIRECTION ( 'NONE',  ( 1.224646799147353454E-16, 1.000000000000000000, -0.000000000000000000 ) ) ;
#722 = DIRECTION ( 'NONE',  ( -1.224646799147353454E-16, 1.000000000000000000, -0.000000000000000000 ) ) ;
#723 = CARTESIAN_POINT ( 'NONE',  ( -4.618802153517003184, 3.071414949476182876, 8.000000000000001776 ) ) ;
#724 = DIRECTION ( 'NONE',  ( 0.000000000000000000, 1.000000000000000000, 0.000000000000000000 ) ) ;
#725 = CARTESIAN_POINT ( 'NONE',  ( -8.418232251743640759, 4.081962322906827367, 1.419194030065058509 ) ) ;
#726 = CARTESIAN_POINT ( 'NONE',  ( 4.683736533074178254, -3.368404857904538030, 7.887530355449019481 ) ) ;
#727 = DIRECTION ( 'NONE',  ( -1.224646799147353454E-16, 1.000000000000000000, -0.000000000000000000 ) ) ;
#728 = CARTESIAN_POINT ( 'NONE',  ( -3.992988696320707298, 3.769437493000488804, 8.000000000000000000 ) ) ;
#729 = B_SPLINE_CURVE_WITH_KNOTS ( 'NONE', 3,
 ( #785, #336, #1128, #152, #247, #607, #972, #794, #58, #1067, #259, #870, #341, #708, #442, #148, #864, #416, #772, #355, #810, #448 ),
 .UNSPECIFIED., .F., .F.,
 ( 4, 2, 2, 2, 2, 2, 2, 2, 2, 2, 4 ),
 ( 0.01538195165976000839, 0.01570520008891514857, 0.01602844851807029222, 0.01635169694722543240, 0.01667494537638057606, 0.01732144223469085642, 0.01796793909300114025, 0.01926093280962170445, 0.01990742966793198482, 0.02023067809708712847, 0.02055392652624226865 ),
 .UNSPECIFIED. ) ;
#730 = CARTESIAN_POINT ( 'NONE',  ( 4.841514505840051719, 3.662627326601617828, -7.614250890303300601 ) ) ;
#731 = ADVANCED_FACE ( 'NONE', ( #595 ), #960, .F. ) ;
#732 = AXIS2_PLACEMENT_3D ( 'NONE', #773, #699, #865 ) ;
#733 = FACE_OUTER_BOUND ( 'NONE', #1038, .T. ) ;
#734 = CIRCLE ( 'NONE', #368, 8.000000000000001776 ) ;
#735 = AXIS2_PLACEMENT_3D ( 'NONE', #1151, #73, #343 ) ;
#736 = ORIENTED_EDGE ( 'NONE', *, *, #94, .T. ) ;
#737 = CARTESIAN_POINT ( 'NONE',  ( 4.618802153517372666, 3.070056286026331183, -8.000000000000003553 ) ) ;
#738 = CARTESIAN_POINT ( 'NONE',  ( 4.618802153517006737, 3.071414949476184653, -8.000000000000003553 ) ) ;
#739 = CARTESIAN_POINT ( 'NONE',  ( 9.059329331449561096, 3.599266832974233665, 0.3087813154303664098 ) ) ;
#740 = CARTESIAN_POINT ( 'NONE',  ( -5.230490775365858269, 3.994539901920537428, -6.940524228546001595 ) ) ;
#741 = VECTOR ( 'NONE', #30, 1000.000000000000000 ) ;
#742 = CARTESIAN_POINT ( 'NONE',  ( -5.230490775365853828, -3.994539901920537428, 6.940524228546000707 ) ) ;
#743 = B_SPLINE_CURVE_WITH_KNOTS ( 'NONE', 3,
 ( #11, #1080, #102, #643, #382, #290, #918, #270, #554, #540, #188, #112, #1002, #370, #562, #193, #737, #819 ),
 .UNSPECIFIED., .F., .F.,
 ( 4, 2, 2, 2, 2, 2, 2, 2, 4 ),
 ( 0.000000000000000000, 0.001278035554776281186, 0.002556071109552561938, 0.003195088886940702314, 0.003834106664328842690, 0.004153615553022912445, 0.004473124441716982633, 0.004792633330411051953, 0.005112142219105121274 ),
 .UNSPECIFIED. ) ;
#744 = PRESENTATION_LAYER_ASSIGNMENT (  '', '', ( #899 ) ) ;
#745 = CARTESIAN_POINT ( 'NONE',  ( 8.874633149953552902, 3.817694045706339079, 0.6286844857454211288 ) ) ;
#746 = CARTESIAN_POINT ( 'NONE',  ( 0.000000000000000000, 0.000000000000000000, 0.000000000000000000 ) ) ;
#747 = ORIENTED_EDGE ( 'NONE', *, *, #837, .F. ) ;
#748 = SURFACE_STYLE_FILL_AREA ( #210 ) ;
#749 = SURFACE_STYLE_FILL_AREA ( #834 ) ;
#750 = CARTESIAN_POINT ( 'NONE',  ( -7.993293108104372990, -4.177971114334128266, 2.155210216973081128 ) ) ;
#751 = CARTESIAN_POINT ( 'NONE',  ( -3.396094945054303871, -3.994442516667615628, -8.000000000000001776 ) ) ;
#752 =( NAMED_UNIT ( * ) SI_UNIT ( $, .STERADIAN. ) SOLID_ANGLE_UNIT ( ) );
#753 = FACE_OUTER_BOUND ( 'NONE', #682, .T. ) ;
#754 = CARTESIAN_POINT ( 'NONE',  ( 0.000000000000000000, 3.449999999999996625, 4.250000000000000000 ) ) ;
#755 = ORIENTED_EDGE ( 'NONE', *, *, #697, .F. ) ;
#756 = CARTESIAN_POINT ( 'NONE',  ( 4.618802153517005848, 4.200000000000000178, -8.000000000000000000 ) ) ;
#757 = CARTESIAN_POINT ( 'NONE',  ( 1.925929944387235853E-31, -4.200000000000000178, 8.000000000000000000 ) ) ;
#758 = CARTESIAN_POINT ( 'NONE',  ( 4.618802153517009401, 2.962395692965990701, 7.999999999999998224 ) ) ;
#759 = DIRECTION ( 'NONE',  ( 1.000000000000000000, 0.000000000000000000, 0.000000000000000000 ) ) ;
#760 = CARTESIAN_POINT ( 'NONE',  ( 9.138656684367203908, -3.450989042010865759, 0.1713823097470670298 ) ) ;
#761 = DIRECTION ( 'NONE',  ( -0.000000000000000000, -1.000000000000000000, -0.000000000000000000 ) ) ;
#762 = CARTESIAN_POINT ( 'NONE',  ( 4.618802153517006737, -2.962395692965990701, -8.000000000000000000 ) ) ;
#763 = EDGE_CURVE ( 'NONE', #984, #111, #631, .T. ) ;
#764 = CARTESIAN_POINT ( 'NONE',  ( -1.702241559904557056, -4.190349429200882270, -8.000000000000000000 ) ) ;
#765 = ORIENTED_EDGE ( 'NONE', *, *, #15, .F. ) ;
#766 = CARTESIAN_POINT ( 'NONE',  ( -9.237604307034013473, 2.962395692965988925, 0.000000000000000000 ) ) ;
#767 = CARTESIAN_POINT ( 'NONE',  ( -2.123818238726335572, -4.178431270394331598, 7.999999999999998224 ) ) ;
#768 = CARTESIAN_POINT ( 'NONE',  ( 9.237604307034013473, -2.962395692965991589, -2.602085213965210642E-15 ) ) ;
#769 = ORIENTED_EDGE ( 'NONE', *, *, #411, .T. ) ;
#770 = EDGE_LOOP ( 'NONE', ( #543, #589, #948 ) ) ;
#771 = DIRECTION ( 'NONE',  ( 1.224646799147353454E-16, 1.000000000000000000, -0.000000000000000000 ) ) ;
#772 = CARTESIAN_POINT ( 'NONE',  ( -0.4248797910128170874, 4.199962068831947448, -8.000000000000000000 ) ) ;
#773 = CARTESIAN_POINT ( 'NONE',  ( 0.000000000000000000, -4.200000000000000178, 0.000000000000000000 ) ) ;
#774 = CARTESIAN_POINT ( 'NONE',  ( -9.138656684367205685, -3.450989042010864427, -0.1713823097470678347 ) ) ;
#775 = ORIENTED_EDGE ( 'NONE', *, *, #646, .T. ) ;
#776 = ADVANCED_FACE ( 'NONE', ( #1146 ), #815, .F. ) ;
#777 = ORIENTED_EDGE ( 'NONE', *, *, #360, .F. ) ;
#778 = FILL_AREA_STYLE ('',( #147 ) ) ;
#779 = CARTESIAN_POINT ( 'NONE',  ( -1.699117065908966939, -4.190419071723201938, 7.999999999999996447 ) ) ;
#780 = CARTESIAN_POINT ( 'NONE',  ( -7.141447054659507465, -4.200000000000001066, -3.630650861766621329 ) ) ;
#781 = VERTEX_POINT ( 'NONE', #990 ) ;
#782 = AXIS2_PLACEMENT_3D ( 'NONE', #86, #973, #616 ) ;
#783 = ORIENTED_EDGE ( 'NONE', *, *, #609, .T. ) ;
#784 = CARTESIAN_POINT ( 'NONE',  ( -7.993293108104371214, 4.177971114334128266, -2.155210216973082460 ) ) ;
#785 = CARTESIAN_POINT ( 'NONE',  ( -4.618802153517005848, 2.962395692965989813, -8.000000000000001776 ) ) ;
#786 = CARTESIAN_POINT ( 'NONE',  ( 0.2124399188244243120, 4.200005411495421725, 7.999999999999998224 ) ) ;
#787 = CIRCLE ( 'NONE', #1087, 4.999999999999995559 ) ;
#788 = APPLICATION_PROTOCOL_DEFINITION ( 'draft international standard', 'automotive_design', 1998, #110 ) ;
#789 = AXIS2_PLACEMENT_3D ( 'NONE', #1047, #715, #163 ) ;
#790 = AXIS2_PLACEMENT_3D ( 'NONE', #746, #216, #467 ) ;
#791 = CARTESIAN_POINT ( 'NONE',  ( 6.714959405891512745, 4.200000000000001066, 4.369349138233379115 ) ) ;
#792 = EDGE_CURVE ( 'NONE', #146, #894, #4, .T. ) ;
#793 = CARTESIAN_POINT ( 'NONE',  ( -9.172669927476842844, 3.368404857904536254, -0.1124696445509827669 ) ) ;
#794 = CARTESIAN_POINT ( 'NONE',  ( -3.985532395662849670, 3.773356357392371851, -7.999999999999998224 ) ) ;
#795 = CARTESIAN_POINT ( 'NONE',  ( -8.312645670114362062, 4.112072104884778589, 1.602075354044492528 ) ) ;
#796 = CARTESIAN_POINT ( 'NONE',  ( 0.8496084971663396823, -4.201346847949910313, -8.000000000000005329 ) ) ;
#797 = CONICAL_SURFACE ( 'NONE', #281, 4.250000000000000000, 0.7853981633974506105 ) ;
#798 = CARTESIAN_POINT ( 'NONE',  ( -5.441955180484441712, 4.083189860389688342, 6.574257134888282117 ) ) ;
#799 = ORIENTED_EDGE ( 'NONE', *, *, #932, .T. ) ;
#800 = AXIS2_PLACEMENT_3D ( 'NONE', #280, #1016, #366 ) ;
#801 = CARTESIAN_POINT ( 'NONE',  ( -5.234374678261564107, -3.996525607785681000, -6.933797111398978252 ) ) ;
#802 = CARTESIAN_POINT ( 'NONE',  ( 2.977533811913359862, -4.082449767676218144, 8.000000000000000000 ) ) ;
#803 = DIRECTION ( 'NONE',  ( 0.000000000000000000, 1.000000000000000000, 0.000000000000000000 ) ) ;
#804 = COLOUR_RGB ( '',0.7529411764705882248, 0.7529411764705882248, 0.7529411764705882248 ) ;
#805 = B_SPLINE_CURVE_WITH_KNOTS ( 'NONE', 3,
 ( #324, #592, #596, #961, #153, #945, #66, #491, #601, #859, #52, #767, #779, #507, #397, #757 ),
 .UNSPECIFIED., .F., .F.,
 ( 4, 2, 2, 2, 2, 2, 2, 4 ),
 ( 6.169851745103201916E-05, 0.0003837277086191981444, 0.0007057568997873642832, 0.001349815282123696669, 0.001993873664460028838, 0.002637932046796361008, 0.003926048811469027948, 0.005214165576141694888 ),
 .UNSPECIFIED. ) ;
#806 = EDGE_CURVE ( 'NONE', #861, #1137, #1055, .T. ) ;
#807 = DIRECTION ( 'NONE',  ( -1.000000000000000000, -1.084202172485504187E-16, 0.000000000000000000 ) ) ;
#808 = EDGE_LOOP ( 'NONE', ( #74, #878, #352 ) ) ;
#809 = CARTESIAN_POINT ( 'NONE',  ( -7.141131711760655421, 4.200000000000000178, -3.631197051689236233 ) ) ;
#810 = CARTESIAN_POINT ( 'NONE',  ( -0.1077789681949272854, 4.200000000000120970, -8.000000000000000000 ) ) ;
#811 = CARTESIAN_POINT ( 'NONE',  ( 0.8497590757394102301, 4.199394856786890173, 7.999999999999998224 ) ) ;
#812 = CARTESIAN_POINT ( 'NONE',  ( -4.618802153517004960, 2.962395692965988925, 7.999999999999998224 ) ) ;
#813 = PRODUCT_DEFINITION_CONTEXT ( 'detailed design', #570, 'design' ) ;
#814 = CARTESIAN_POINT ( 'NONE',  ( -8.725925877500461780, -3.939176312133594315, 0.8862530370891581466 ) ) ;
#815 = PLANE ( 'NONE',  #62 ) ;
#816 = PLANE ( 'NONE',  #1138 ) ;
#817 = CARTESIAN_POINT ( 'NONE',  ( -4.933646212451368029, 3.771467729896437859, 7.454674093464471518 ) ) ;
#818 = ADVANCED_FACE ( 'NONE', ( #347 ), #648, .T. ) ;
#819 = CARTESIAN_POINT ( 'NONE',  ( 4.618802153517006737, 2.962395692965990701, -8.000000000000000000 ) ) ;
#820 = CARTESIAN_POINT ( 'NONE',  ( 5.546791222504972474, 4.112824853656753987, -6.392675783644299337 ) ) ;
#821 = CARTESIAN_POINT ( 'NONE',  ( -5.234374678261560554, 3.996525607785680112, 6.933797111398975588 ) ) ;
#822 = DIRECTION ( 'NONE',  ( 0.000000000000000000, 0.000000000000000000, 1.000000000000000000 ) ) ;
#823 = CARTESIAN_POINT ( 'NONE',  ( 0.000000000000000000, 4.200000000000000178, 0.000000000000000000 ) ) ;
#824 = AXIS2_PLACEMENT_3D ( 'NONE', #625, #265, #364 ) ;
#825 = LINE ( 'NONE', #279, #698 ) ;
#826 = EDGE_CURVE ( 'NONE', #405, #1034, #374, .T. ) ;
#827 = LINE ( 'NONE', #544, #1153 ) ;
#828 = CARTESIAN_POINT ( 'NONE',  ( -6.075269715168094997, 4.190266715128399433, -5.477324183644350697 ) ) ;
#829 = CARTESIAN_POINT ( 'NONE',  ( 0.000000000000000000, 3.449999999999996625, 0.000000000000000000 ) ) ;
#830 = CARTESIAN_POINT ( 'NONE',  ( -6.714959405891508304, -4.200000000000001954, 4.369349138233380003 ) ) ;
#831 = CARTESIAN_POINT ( 'NONE',  ( 7.141131711760658085, 4.200000000000001954, 3.631197051689234900 ) ) ;
#832 =( NAMED_UNIT ( * ) PLANE_ANGLE_UNIT ( ) SI_UNIT ( $, .RADIAN. ) );
#833 =( LENGTH_UNIT ( ) NAMED_UNIT ( * ) SI_UNIT ( .MILLI., .METRE. ) );
#834 = FILL_AREA_STYLE ('',( #33 ) ) ;
#835 = AXIS2_PLACEMENT_3D ( 'NONE', #119, #761, #125 ) ;
#836 = PLANE ( 'NONE',  #372 ) ;
#837 = EDGE_CURVE ( 'NONE', #553, #955, #901, .T. ) ;
#838 = EDGE_LOOP ( 'NONE', ( #240, #783 ) ) ;
#839 = CARTESIAN_POINT ( 'NONE',  ( 7.779872523426089259, 4.190323970480662297, 2.524865513016925522 ) ) ;
#840 = CARTESIAN_POINT ( 'NONE',  ( 0.000000000000000000, -4.200000000000000178, 0.000000000000000000 ) ) ;
#841 = DIRECTION ( 'NONE',  ( -1.000000000000000000, 1.224646799147353454E-16, 0.000000000000000000 ) ) ;
#842 = COLOUR_RGB ( '',0.7529411764705882248, 0.7529411764705882248, 0.7529411764705882248 ) ;
#843 = CARTESIAN_POINT ( 'NONE',  ( 8.309615238046045960, -4.112824853656754875, -1.607324216355707325 ) ) ;
#844 = SHAPE_DEFINITION_REPRESENTATION ( #1141, #156 ) ;
#845 = VERTEX_POINT ( 'NONE', #915 ) ;
#846 =( LENGTH_UNIT ( ) NAMED_UNIT ( * ) SI_UNIT ( .MILLI., .METRE. ) );
#847 = CARTESIAN_POINT ( 'NONE',  ( 5.130480583050556653, -3.939176312133594315, 7.113746962910838967 ) ) ;
#848 = CARTESIAN_POINT ( 'NONE',  ( 5.861963994375903653, 4.177987353017136307, 5.846780529601534937 ) ) ;
#849 = CARTESIAN_POINT ( 'NONE',  ( -8.000000000000001776, -2.962395692965989813, 0.000000000000000000 ) ) ;
#850 = ADVANCED_FACE ( 'NONE', ( #995 ), #797, .F. ) ;
#851 = STYLED_ITEM ( 'NONE', ( #1127 ), #667 ) ;
#852 = CARTESIAN_POINT ( 'NONE',  ( -4.618802153517004960, 2.962395692965988925, 7.999999999999998224 ) ) ;
#853 = CARTESIAN_POINT ( 'NONE',  ( -4.618802153517010289, -2.962395692965989813, 7.999999999999998224 ) ) ;
#854 = CARTESIAN_POINT ( 'NONE',  ( 9.172669927476844620, -3.368404857904538918, -0.1124696445509855564 ) ) ;
#855 = B_SPLINE_CURVE_WITH_KNOTS ( 'NONE', 3,
 ( #686, #489, #1112, #764, #1117, #310, #227, #751, #586, #144, #1042, #560, #928, #29, #122, #474 ),
 .UNSPECIFIED., .F., .F.,
 ( 4, 2, 2, 2, 2, 2, 2, 4 ),
 ( 0.005214165576141695756, 0.006504532252849130891, 0.007794898929556566894, 0.008440082267910284028, 0.009085265606264001162, 0.009730448944617716561, 0.01005304061379457339, 0.01037563228297143196 ),
 .UNSPECIFIED. ) ;
#856 = ORIENTED_EDGE ( 'NONE', *, *, #792, .T. ) ;
#857 = CARTESIAN_POINT ( 'NONE',  ( -9.479937697598170579E-16, -4.200000000000000178, 0.000000000000000000 ) ) ;
#858 = CARTESIAN_POINT ( 'NONE',  ( 6.502339993558224229, -4.201360097834867524, 4.737616763070070292 ) ) ;
#859 = CARTESIAN_POINT ( 'NONE',  ( -2.973188893067499450, -4.083119493883997642, 8.000000000000000000 ) ) ;
#860 = CARTESIAN_POINT ( 'NONE',  ( 9.138656684367205685, 3.450989042010865315, -0.1713823097470703050 ) ) ;
#861 = VERTEX_POINT ( 'NONE', #1100 ) ;
#862 = AXIS2_PLACEMENT_3D ( 'NONE', #988, #727, #900 ) ;
#863 = EDGE_CURVE ( 'NONE', #861, #146, #1147, .T. ) ;
#864 = CARTESIAN_POINT ( 'NONE',  ( -0.8497590757394041239, 4.199394856786890173, -8.000000000000000000 ) ) ;
#865 = DIRECTION ( 'NONE',  ( 1.000000000000000000, -1.084202172485504187E-16, 0.000000000000000000 ) ) ;
#866 = CARTESIAN_POINT ( 'NONE',  ( 4.589440199095915496, -3.177012901147281632, -7.999999999999998224 ) ) ;
#867 = ORIENTED_EDGE ( 'NONE', *, *, #887, .F. ) ;
#868 = EDGE_LOOP ( 'NONE', ( #101, #37, #1139 ) ) ;
#869 =( NAMED_UNIT ( * ) SI_UNIT ( $, .STERADIAN. ) SOLID_ANGLE_UNIT ( ) );
#870 = CARTESIAN_POINT ( 'NONE',  ( -2.964440041539508908, 4.084537549960702840, -8.000000000000001776 ) ) ;
#871 = DIRECTION ( 'NONE',  ( -0.000000000000000000, 1.000000000000000000, -0.000000000000000000 ) ) ;
#872 = ORIENTED_EDGE ( 'NONE', *, *, #826, .F. ) ;
#873 = ORIENTED_EDGE ( 'NONE', *, *, #975, .T. ) ;
#874 = CARTESIAN_POINT ( 'NONE',  ( 0.000000000000000000, -4.526061762082101758, 4.250000000000000000 ) ) ;
#875 = CARTESIAN_POINT ( 'NONE',  ( 3.851859888774471706E-31, -4.200000000000000178, -8.000000000000000000 ) ) ;
#876 = CARTESIAN_POINT ( 'NONE',  ( 3.595257048395104960, -3.939278949484822601, -8.000000000000000000 ) ) ;
#877 = ORIENTED_EDGE ( 'NONE', *, *, #1072, .F. ) ;
#878 = ORIENTED_EDGE ( 'NONE', *, *, #411, .F. ) ;
#879 = CARTESIAN_POINT ( 'NONE',  ( -6.502339993558224229, -4.201360097834864860, -4.737616763070070292 ) ) ;
#880 = CIRCLE ( 'NONE', #203, 4.250000000000000000 ) ;
#881 = CARTESIAN_POINT ( 'NONE',  ( 3.396094945054309644, -3.994442516667616516, 7.999999999999998224 ) ) ;
#882 = CARTESIAN_POINT ( 'NONE',  ( 2.754600876293561651, 4.113873981302350380, 8.000000000000000000 ) ) ;
#883 = CARTESIAN_POINT ( 'NONE',  ( 2.760485026368410200, -4.113161906529671619, -8.000000000000001776 ) ) ;
#884 = FACE_OUTER_BOUND ( 'NONE', #326, .T. ) ;
#885 = ORIENTED_EDGE ( 'NONE', *, *, #1134, .T. ) ;
#886 = CARTESIAN_POINT ( 'NONE',  ( -3.393573084474136081, 3.995022235156585833, 7.999999999999998224 ) ) ;
#887 = EDGE_CURVE ( 'NONE', #1119, #111, #588, .T. ) ;
#888 = EDGE_CURVE ( 'NONE', #117, #319, #827, .T. ) ;
#889 = DIRECTION ( 'NONE',  ( -1.224646799147353454E-16, -1.000000000000000000, 0.000000000000000000 ) ) ;
#890 = CARTESIAN_POINT ( 'NONE',  ( 4.260177956160836388, 3.600914527603098048, 7.999999999999998224 ) ) ;
#891 = CARTESIAN_POINT ( 'NONE',  ( 3.851859888774471706E-31, -4.200000000000000178, -8.000000000000000000 ) ) ;
#892 = CARTESIAN_POINT ( 'NONE',  ( -4.618802153517010289, -2.962395692965989813, 7.999999999999998224 ) ) ;
#893 = TOROIDAL_SURFACE ( 'NONE', #950, 8.000000000000001776, 1.237604307034010809 ) ;
#894 = VERTEX_POINT ( 'NONE', #23 ) ;
#895 = TOROIDAL_SURFACE ( 'NONE', #953, 8.000000000000001776, 1.237604307034010809 ) ;
#896 = DIRECTION ( 'NONE',  ( -0.000000000000000000, 1.000000000000000000, -0.000000000000000000 ) ) ;
#897 = CARTESIAN_POINT ( 'NONE',  ( 6.928203230275507885, 4.200000000000001066, -4.000000000000002665 ) ) ;
#898 = FACE_OUTER_BOUND ( 'NONE', #446, .T. ) ;
#899 = STYLED_ITEM ( 'NONE', ( #31 ), #156 ) ;
#900 = DIRECTION ( 'NONE',  ( -1.000000000000000000, -1.224646799147353454E-16, 0.000000000000000000 ) ) ;
#901 = B_SPLINE_CURVE_WITH_KNOTS ( 'NONE', 3,
 ( #1062, #1073, #613, #629, #978, #173, #519, #886, #83, #441, #728, #1007, #656, #647, #923, #462, #196, #465 ),
 .UNSPECIFIED., .F., .F.,
 ( 4, 2, 2, 2, 2, 2, 2, 2, 4 ),
 ( 0.000000000000000000, 0.001278035554776280969, 0.002556071109552561938, 0.003195088886940701881, 0.003834106664328842257, 0.004153615553022913312, 0.004473124441716984367, 0.004792633330411055423, 0.005112142219105127346 ),
 .UNSPECIFIED. ) ;
#902 = CARTESIAN_POINT ( 'NONE',  ( 4.683143404749864125, 3.366616993083763720, 7.888557683842138069 ) ) ;
#903 = DIRECTION ( 'NONE',  ( 0.000000000000000000, -0.7071067811865487940, -0.7071067811865463515 ) ) ;
#904 = CIRCLE ( 'NONE', #389, 5.000000000000007994 ) ;
#905 = CARTESIAN_POINT ( 'NONE',  ( -9.222933140265622498, 3.176609285919679948, 0.02541120624916516635 ) ) ;
#906 = CARTESIAN_POINT ( 'NONE',  ( 0.000000000000000000, 3.449999999999996625, 0.000000000000000000 ) ) ;
#907 = CARTESIAN_POINT ( 'NONE',  ( 0.000000000000000000, -4.200000000000000178, 0.000000000000000000 ) ) ;
#908 = ORIENTED_EDGE ( 'NONE', *, *, #497, .T. ) ;
#909 = CARTESIAN_POINT ( 'NONE',  ( 4.618802153517008513, -2.962395692965988037, 7.999999999999998224 ) ) ;
#910 = CARTESIAN_POINT ( 'NONE',  ( -6.928203230275510549, 4.200000000000000178, -4.000000000000001776 ) ) ;
#911 = CARTESIAN_POINT ( 'NONE',  ( 4.718681643239091450, -3.453155172322071920, 7.827003649167298960 ) ) ;
#912 = CARTESIAN_POINT ( 'NONE',  ( -4.797077129101452009, 3.599266832974234109, 7.691218684569636643 ) ) ;
#913 = PRESENTATION_LAYER_ASSIGNMENT (  '', '', ( #851 ) ) ;
#914 = EDGE_LOOP ( 'NONE', ( #963, #533, #1130 ) ) ;
#915 = CARTESIAN_POINT ( 'NONE',  ( -4.618802153517005848, 2.962395692965989813, -8.000000000000001776 ) ) ;
#916 = CARTESIAN_POINT ( 'NONE',  ( 4.933646212451368918, 3.771467729896438303, -7.454674093464471518 ) ) ;
#917 = LINE ( 'NONE', #283, #1163 ) ;
#918 = CARTESIAN_POINT ( 'NONE',  ( 2.977936071689164521, 4.082315466463526832, -7.999999999999998224 ) ) ;
#919 = ORIENTED_EDGE ( 'NONE', *, *, #975, .F. ) ;
#920 = CARTESIAN_POINT ( 'NONE',  ( -5.861963994375901876, 4.177987353017136307, -5.846780529601537602 ) ) ;
#921 = AXIS2_PLACEMENT_3D ( 'NONE', #907, #994, #666 ) ;
#922 = AXIS2_PLACEMENT_3D ( 'NONE', #104, #250, #456 ) ;
#923 = CARTESIAN_POINT ( 'NONE',  ( -4.490625275939022387, 3.365714075070526778, 8.000000000000001776 ) ) ;
#924 = ORIENTED_EDGE ( 'NONE', *, *, #806, .F. ) ;
#925 = FILL_AREA_STYLE_COLOUR ( '', #842 ) ;
#926 = EDGE_CURVE ( 'NONE', #781, #117, #743, .T. ) ;
#927 = DIRECTION ( 'NONE',  ( -1.000000000000000000, -1.224646799147353454E-16, 0.000000000000000000 ) ) ;
#928 = CARTESIAN_POINT ( 'NONE',  ( -4.490006071337595550, -3.366854961236419364, -8.000000000000003553 ) ) ;
#929 = CARTESIAN_POINT ( 'NONE',  ( 9.014891954710963162, 3.662627326601620492, 0.3857491096967023969 ) ) ;
#930 = CARTESIAN_POINT ( 'NONE',  ( 0.000000000000000000, -2.962395692965990701, 0.000000000000000000 ) ) ;
#931 = CARTESIAN_POINT ( 'NONE',  ( 6.928203230275507885, -4.200000000000001066, -4.000000000000002665 ) ) ;
#932 = EDGE_CURVE ( 'NONE', #63, #969, #548, .T. ) ;
#933 = ORIENTED_EDGE ( 'NONE', *, *, #826, .T. ) ;
#934 = SURFACE_SIDE_STYLE ('',( #328 ) ) ;
#935 = SURFACE_SIDE_STYLE ('',( #749 ) ) ;
#936 = EDGE_CURVE ( 'NONE', #63, #359, #584, .T. ) ;
#937 = CONICAL_SURFACE ( 'NONE', #333, 4.250000000000000000, 0.7853981633974506105 ) ;
#938 = CARTESIAN_POINT ( 'NONE',  ( 7.781136745382919884, 4.190266715128402097, -2.522675816355651079 ) ) ;
#939 = EDGE_CURVE ( 'NONE', #635, #628, #1010, .T. ) ;
#940 = CLOSED_SHELL ( 'NONE', ( #470, #69, #268, #271, #977, #468, #568, #731, #776, #323, #48, #680, #162, #273, #191, #957, #435, #1105, #224, #344, #510, #818, #694, #1004, #1136, #658, #304, #850 ) ) ;
#941 = AXIS2_PLACEMENT_3D ( 'NONE', #823, #1017, #469 ) ;
#942 = VECTOR ( 'NONE', #179, 1000.000000000000000 ) ;
#943 = CARTESIAN_POINT ( 'NONE',  ( 8.926782031433635467, -3.774582393226857402, 0.5383599734640268641 ) ) ;
#944 = B_SPLINE_CURVE_WITH_KNOTS ( 'NONE', 3,
 ( #431, #791, #251, #612, #848, #207, #398, #288, #538, #267, #634, #297, #902, #567, #1111, #758 ),
 .UNSPECIFIED., .F., .F.,
 ( 4, 2, 2, 2, 2, 2, 2, 4 ),
 ( 0.005153329514818599105, 0.006443520579360251938, 0.007733711643901903902, 0.008378807176172731186, 0.009023902708443555867, 0.009668998240714382283, 0.009991546006849793757, 0.01031409377298520523 ),
 .UNSPECIFIED. ) ;
#945 = CARTESIAN_POINT ( 'NONE',  ( -4.183515340382192527, -3.672815147077421738, 8.000000000000000000 ) ) ;
#946 = CARTESIAN_POINT ( 'NONE',  ( 9.059329331449561096, -3.599266832974234998, -0.3087813154303699070 ) ) ;
#947 = ORIENTED_EDGE ( 'NONE', *, *, #383, .T. ) ;
#948 = ORIENTED_EDGE ( 'NONE', *, *, #926, .F. ) ;
#949 = DIRECTION ( 'NONE',  ( -1.000000000000000000, 1.224646799147353454E-16, 0.000000000000000000 ) ) ;
#950 = AXIS2_PLACEMENT_3D ( 'NONE', #136, #394, #44 ) ;
#951 = CARTESIAN_POINT ( 'NONE',  ( 5.438174208807375898, -4.081962322906827367, -6.580805969934946376 ) ) ;
#952 = CARTESIAN_POINT ( 'NONE',  ( 8.625915685185155724, 3.994539901920538316, -1.059475771454003290 ) ) ;
#953 = AXIS2_PLACEMENT_3D ( 'NONE', #501, #889, #84 ) ;
#954 = MECHANICAL_DESIGN_GEOMETRIC_PRESENTATION_REPRESENTATION (  '', ( #899 ), #381 ) ;
#955 = VERTEX_POINT ( 'NONE', #852 ) ;
#956 = CARTESIAN_POINT ( 'NONE',  ( 7.994442466175114781, -4.177987353017136307, 2.153219470398465507 ) ) ;
#957 = ADVANCED_FACE ( 'NONE', ( #402 ), #475, .T. ) ;
#958 = AXIS2_PLACEMENT_3D ( 'NONE', #206, #126, #558 ) ;
#959 = ORIENTED_EDGE ( 'NONE', *, *, #316, .T. ) ;
#960 = PLANE ( 'NONE',  #362 ) ;
#961 = CARTESIAN_POINT ( 'NONE',  ( -4.488999949758518682, -3.368388373009551628, 8.000000000000000000 ) ) ;
#962 =( LENGTH_UNIT ( ) NAMED_UNIT ( * ) SI_UNIT ( .MILLI., .METRE. ) );
#963 = ORIENTED_EDGE ( 'NONE', *, *, #992, .F. ) ;
#964 = ORIENTED_EDGE ( 'NONE', *, *, #377, .T. ) ;
#965 = VECTOR ( 'NONE', #903, 999.9999999999998863 ) ;
#966 = DIRECTION ( 'NONE',  ( 1.224646799147353454E-16, -1.000000000000000000, 0.000000000000000000 ) ) ;
#967 = FACE_BOUND ( 'NONE', #838, .T. ) ;
#968 = ORIENTED_EDGE ( 'NONE', *, *, #1142, .F. ) ;
#969 = VERTEX_POINT ( 'NONE', #660 ) ;
#970 = CARTESIAN_POINT ( 'NONE',  ( 0.000000000000000000, -2.962395692965990701, 0.000000000000000000 ) ) ;
#971 = B_SPLINE_CURVE_WITH_KNOTS ( 'NONE', 3,
 ( #1110, #403, #315, #1051, #1121, #237, #951, #685, #59, #226, #417, #1129, #1036, #1041, #220, #762 ),
 .UNSPECIFIED., .F., .F.,
 ( 4, 2, 2, 2, 2, 2, 2, 4 ),
 ( 0.005153329514818602575, 0.006443520579360253672, 0.007733711643901904770, 0.008378807176172731186, 0.009023902708443557602, 0.009668998240714384018, 0.009991546006849797226, 0.01031409377298521043 ),
 .UNSPECIFIED. ) ;
#972 = CARTESIAN_POINT ( 'NONE',  ( -4.171280868098049766, 3.664085859130945533, -8.000000000000000000 ) ) ;
#973 = DIRECTION ( 'NONE',  ( -1.224646799147353454E-16, -1.000000000000000000, 0.000000000000000000 ) ) ;
#974 = CARTESIAN_POINT ( 'NONE',  ( 4.488999949758512464, -3.368388373009550740, -7.999999999999998224 ) ) ;
#975 = EDGE_CURVE ( 'NONE', #509, #400, #1097, .T. ) ;
#976 = VERTEX_POINT ( 'NONE', #51 ) ;
#977 = ADVANCED_FACE ( 'NONE', ( #292 ), #529, .T. ) ;
#978 = CARTESIAN_POINT ( 'NONE',  ( -2.130777158276489391, 4.178079402155152167, 7.999999999999998224 ) ) ;
#979 = AXIS2_PLACEMENT_3D ( 'NONE', #906, #1064, #357 ) ;
#980 = CARTESIAN_POINT ( 'NONE',  ( -8.625915685185161053, 3.994539901920538316, 1.059475771453999737 ) ) ;
#981 = CARTESIAN_POINT ( 'NONE',  ( 5.204748896376250699E-16, 3.449999999999996625, -4.250000000000000000 ) ) ;
#982 = CARTESIAN_POINT ( 'NONE',  ( -4.633473320285389718, -3.176609285919684833, 7.974588793750839066 ) ) ;
#983 = VERTEX_POINT ( 'NONE', #408 ) ;
#984 = VERTEX_POINT ( 'NONE', #27 ) ;
#985 = CARTESIAN_POINT ( 'NONE',  ( -6.928203230275510549, 4.200000000000000178, -4.000000000000001776 ) ) ;
#986 = CARTESIAN_POINT ( 'NONE',  ( -9.237604307034013473, 4.200000000000000178, 5.418385350720734506E-17 ) ) ;
#987 = CARTESIAN_POINT ( 'NONE',  ( -6.928203230275509661, 4.200000000000000178, 4.000000000000002665 ) ) ;
#988 = CARTESIAN_POINT ( 'NONE',  ( 0.000000000000000000, 2.962395692965990701, 0.000000000000000000 ) ) ;
#989 = ORIENTED_EDGE ( 'NONE', *, *, #308, .F. ) ;
#990 = CARTESIAN_POINT ( 'NONE',  ( 3.851859888774471706E-31, 4.200000000000000178, -8.000000000000000000 ) ) ;
#991 = CARTESIAN_POINT ( 'NONE',  ( -9.173263055801156085, 3.366616993083761056, 0.1114423161578611682 ) ) ;
#992 = EDGE_CURVE ( 'NONE', #313, #635, #363, .T. ) ;
#993 = CARTESIAN_POINT ( 'NONE',  ( -5.546791222504972474, 4.112824853656751323, 6.392675783644299337 ) ) ;
#994 = DIRECTION ( 'NONE',  ( 1.224646799147353454E-16, 1.000000000000000000, -0.000000000000000000 ) ) ;
#995 = FACE_OUTER_BOUND ( 'NONE', #673, .T. ) ;
#996 = CARTESIAN_POINT ( 'NONE',  ( 3.381589133234278677, 3.998115155113008523, 7.999999999999996447 ) ) ;
#997 = UNCERTAINTY_MEASURE_WITH_UNIT (LENGTH_MEASURE( 1.000000000000000082E-05 ), #261, 'distance_accuracy_value', 'NONE');
#998 = CARTESIAN_POINT ( 'NONE',  ( 4.841514505840055271, -3.662627326601618716, 7.614250890303301489 ) ) ;
#999 = VECTOR ( 'NONE', #337, 999.9999999999998863 ) ;
#1000 = CARTESIAN_POINT ( 'NONE',  ( -4.717749776183810972, -3.450989042010864871, 7.828617690252936079 ) ) ;
#1001 = ORIENTED_EDGE ( 'NONE', *, *, #1122, .F. ) ;
#1002 = CARTESIAN_POINT ( 'NONE',  ( 4.264630730809310322, 3.597418570320586539, -7.999999999999998224 ) ) ;
#1003 = CARTESIAN_POINT ( 'NONE',  ( -4.834298031608271096, 3.669476118239524798, -7.626750190324265155 ) ) ;
#1004 = ADVANCED_FACE ( 'NONE', ( #236 ), #895, .T. ) ;
#1005 = SURFACE_STYLE_USAGE ( .BOTH. , #935 ) ;
#1006 = MECHANICAL_DESIGN_GEOMETRIC_PRESENTATION_REPRESENTATION (  '', ( #851 ), #524 ) ;
#1007 = CARTESIAN_POINT ( 'NONE',  ( -4.176228695849559358, 3.660675066028559854, 7.999999999999998224 ) ) ;
#1008 = CARTESIAN_POINT ( 'NONE',  ( -6.714959405891510080, 4.199999999999999289, -4.369349138233378227 ) ) ;
#1009 = DIRECTION ( 'NONE',  ( -1.224646799147353454E-16, 1.000000000000000000, -0.000000000000000000 ) ) ;
#1010 = B_SPLINE_CURVE_WITH_KNOTS ( 'NONE', 3,
 ( #909, #199, #278, #726, #911, #365, #998, #557, #460, #847, #39, #395, #45, #231, #664, #858, #137, #487 ),
 .UNSPECIFIED., .F., .F.,
 ( 4, 2, 2, 2, 2, 2, 2, 2, 4 ),
 ( 1.969447730896739667E-07, 0.0003222677304009336874, 0.0006443385160287777016, 0.0009664093016566216617, 0.001288480087284465730, 0.001932621658540151048, 0.002576763229795836583, 0.003865046372307210688, 0.005153329514818584360 ),
 .UNSPECIFIED. ) ;
#1011 = CARTESIAN_POINT ( 'NONE',  ( 8.414451280066572281, 4.083189860389691006, 1.425742865111718327 ) ) ;
#1012 = SURFACE_SIDE_STYLE ('',( #530 ) ) ;
#1013 = FACE_OUTER_BOUND ( 'NONE', #594, .T. ) ;
#1014 = DIRECTION ( 'NONE',  ( -0.000000000000000000, -1.000000000000000000, -0.000000000000000000 ) ) ;
#1015 = AXIS2_PLACEMENT_3D ( 'NONE', #1060, #542, #169 ) ;
#1016 = DIRECTION ( 'NONE',  ( -0.000000000000000000, -1.000000000000000000, -0.000000000000000000 ) ) ;
#1017 = DIRECTION ( 'NONE',  ( 1.224646799147353454E-16, -1.000000000000000000, 0.000000000000000000 ) ) ;
#1018 = DIRECTION ( 'NONE',  ( -1.000000000000000000, -1.224646799147353454E-16, 0.000000000000000000 ) ) ;
#1019 = CARTESIAN_POINT ( 'NONE',  ( -8.874633149953551126, -3.817694045706337747, 0.6286844857454197966 ) ) ;
#1020 = FACE_BOUND ( 'NONE', #151, .T. ) ;
#1021 = VECTOR ( 'NONE', #896, 1000.000000000000000 ) ;
#1022 = EDGE_CURVE ( 'NONE', #845, #781, #729, .T. ) ;
#1023 = SURFACE_STYLE_USAGE ( .BOTH. , #108 ) ;
#1024 = CARTESIAN_POINT ( 'NONE',  ( 0.000000000000000000, -4.200000000000000178, 0.000000000000000000 ) ) ;
#1025 = CARTESIAN_POINT ( 'NONE',  ( -9.172669927476841067, -3.368404857904535810, 0.1124696445509813930 ) ) ;
#1026 = EDGE_CURVE ( 'NONE', #976, #499, #380, .T. ) ;
#1027 = CARTESIAN_POINT ( 'NONE',  ( 7.354066466992793316, -4.201360097834865748, -3.262383236929934593 ) ) ;
#1028 = CARTESIAN_POINT ( 'NONE',  ( 8.418232251743640759, -4.081962322906828255, 1.419194030065059620 ) ) ;
#1029 = EDGE_CURVE ( 'NONE', #984, #693, #624, .T. ) ;
#1030 = CARTESIAN_POINT ( 'NONE',  ( -6.928203230275509661, -4.200000000000000178, 4.000000000000002665 ) ) ;
#1031 =( GEOMETRIC_REPRESENTATION_CONTEXT ( 3 ) GLOBAL_UNCERTAINTY_ASSIGNED_CONTEXT ( ( #135 ) ) GLOBAL_UNIT_ASSIGNED_CONTEXT ( ( #833, #564, #752 ) ) REPRESENTATION_CONTEXT ( 'NONE', 'WORKASPACE' ) );
#1032 = CARTESIAN_POINT ( 'NONE',  ( 8.728625686203528744, 3.937467461392999191, -0.8815768312447380683 ) ) ;
#1033 = TOROIDAL_SURFACE ( 'NONE', #275, 8.000000000000001776, 1.237604307034010809 ) ;
#1034 = VERTEX_POINT ( 'NONE', #527 ) ;
#1035 = CARTESIAN_POINT ( 'NONE',  ( 8.312645670114360286, -4.112072104884780366, 1.602075354044492972 ) ) ;
#1036 = CARTESIAN_POINT ( 'NONE',  ( 4.683143404749861460, -3.366616993083764164, -7.888557683842141621 ) ) ;
#1037 = DIRECTION ( 'NONE',  ( 0.000000000000000000, 1.000000000000000000, 0.000000000000000000 ) ) ;
#1038 = EDGE_LOOP ( 'NONE', ( #421, #1118, #10, #334 ) ) ;
#1039 = EDGE_LOOP ( 'NONE', ( #141, #388, #43, #61 ) ) ;
#1040 = CARTESIAN_POINT ( 'NONE',  ( 7.141447054659509242, -4.200000000000003730, 3.630650861766623549 ) ) ;
#1041 = CARTESIAN_POINT ( 'NONE',  ( 4.633473320285393271, -3.176609285919683945, -7.974588793750839066 ) ) ;
#1042 = CARTESIAN_POINT ( 'NONE',  ( -4.187017291416400333, -3.670262848421349755, -8.000000000000000000 ) ) ;
#1043 = ORIENTED_EDGE ( 'NONE', *, *, #269, .T. ) ;
#1044 = ORIENTED_EDGE ( 'NONE', *, *, #452, .T. ) ;
#1045 = CARTESIAN_POINT ( 'NONE',  ( 2.766119333037710515, -4.112440398173810685, 7.999999999999998224 ) ) ;
#1046 = CARTESIAN_POINT ( 'NONE',  ( 0.000000000000000000, 4.200000000000000178, 0.000000000000000000 ) ) ;
#1047 = CARTESIAN_POINT ( 'NONE',  ( 0.000000000000000000, -4.200000000000000178, 0.000000000000000000 ) ) ;
#1048 = ORIENTED_EDGE ( 'NONE', *, *, #15, .T. ) ;
#1049 = ORIENTED_EDGE ( 'NONE', *, *, #13, .T. ) ;
#1050 = CARTESIAN_POINT ( 'NONE',  ( -4.841514505840052607, -3.662627326601616939, -7.614250890303302377 ) ) ;
#1051 = CARTESIAN_POINT ( 'NONE',  ( 6.075269715168096774, -4.190266715128402097, -5.477324183644356026 ) ) ;
#1052 = FILL_AREA_STYLE_COLOUR ( '', #804 ) ;
#1053 = EDGE_LOOP ( 'NONE', ( #747, #183, #89 ) ) ;
#1054 = ORIENTED_EDGE ( 'NONE', *, *, #926, .T. ) ;
#1055 = LINE ( 'NONE', #184, #965 ) ;
#1056 = CARTESIAN_POINT ( 'NONE',  ( 4.490006071337599991, -3.366854961236418031, 7.999999999999998224 ) ) ;
#1057 = CARTESIAN_POINT ( 'NONE',  ( 4.488118582537206969, 3.369550792430279884, 7.999999999999998224 ) ) ;
#1058 = CARTESIAN_POINT ( 'NONE',  ( -8.926782031433637243, -3.774582393226856070, -0.5383599734640259760 ) ) ;
#1059 = EDGE_CURVE ( 'NONE', #192, #63, #1103, .T. ) ;
#1060 = CARTESIAN_POINT ( 'NONE',  ( 0.000000000000000000, 2.962395692965990701, 0.000000000000000000 ) ) ;
#1061 = EDGE_LOOP ( 'NONE', ( #718, #56, #157 ) ) ;
#1062 = CARTESIAN_POINT ( 'NONE',  ( 1.925929944387235853E-31, 4.200000000000000178, 8.000000000000000000 ) ) ;
#1063 = CARTESIAN_POINT ( 'NONE',  ( 3.888884801146936798, 3.819506527844124033, 7.999999999999998224 ) ) ;
#1064 = DIRECTION ( 'NONE',  ( 0.000000000000000000, 1.000000000000000000, 0.000000000000000000 ) ) ;
#1065 = ORIENTED_EDGE ( 'NONE', *, *, #1059, .T. ) ;
#1066 = CARTESIAN_POINT ( 'NONE',  ( -4.797077129101452897, -3.599266832974233665, -7.691218684569638420 ) ) ;
#1067 = CARTESIAN_POINT ( 'NONE',  ( -3.591189876504912171, 3.940524947700298597, -8.000000000000001776 ) ) ;
#1068 = TOROIDAL_SURFACE ( 'NONE', #1015, 8.000000000000001776, 1.237604307034010809 ) ;
#1069 = FACE_OUTER_BOUND ( 'NONE', #159, .T. ) ;
#1070 = DIRECTION ( 'NONE',  ( 0.000000000000000000, -0.000000000000000000, -1.000000000000000000 ) ) ;
#1071 = ORIENTED_EDGE ( 'NONE', *, *, #888, .F. ) ;
#1072 = EDGE_CURVE ( 'NONE', #969, #976, #419, .T. ) ;
#1073 = CARTESIAN_POINT ( 'NONE',  ( -0.4261284541126367786, 4.200000000000122746, 8.000000000000000000 ) ) ;
#1074 = CARTESIAN_POINT ( 'NONE',  ( 0.000000000000000000, -4.200000000000000178, 0.000000000000000000 ) ) ;
#1075 = CARTESIAN_POINT ( 'NONE',  ( -7.994442466175113005, 4.177987353017137195, 2.153219470398465063 ) ) ;
#1076 = VECTOR ( 'NONE', #217, 1000.000000000000000 ) ;
#1077 = CARTESIAN_POINT ( 'NONE',  ( -4.633621797112182250, 3.177651271041057601, 7.974331624343088620 ) ) ;
#1078 = UNCERTAINTY_MEASURE_WITH_UNIT (LENGTH_MEASURE( 1.000000000000000082E-05 ), #846, 'distance_accuracy_value', 'NONE');
#1079 = ORIENTED_EDGE ( 'NONE', *, *, #312, .F. ) ;
#1080 = CARTESIAN_POINT ( 'NONE',  ( 0.4261284541126377223, 4.200000000000120970, -8.000000000000000000 ) ) ;
#1081 = CARTESIAN_POINT ( 'NONE',  ( -9.237604307034013473, 2.962395692965988925, 0.000000000000000000 ) ) ;
#1082 = FACE_OUTER_BOUND ( 'NONE', #1053, .T. ) ;
#1083 = DIRECTION ( 'NONE',  ( 1.224646799147353454E-16, -1.000000000000000000, 0.000000000000000000 ) ) ;
#1084 = AXIS2_PLACEMENT_3D ( 'NONE', #287, #1009, #927 ) ;
#1085 = CARTESIAN_POINT ( 'NONE',  ( 4.618802153517008513, -2.962395692965988037, 7.999999999999998224 ) ) ;
#1086 = AXIS2_PLACEMENT_3D ( 'NONE', #95, #190, #531 ) ;
#1087 = AXIS2_PLACEMENT_3D ( 'NONE', #840, #282, #541 ) ;
#1088 = CARTESIAN_POINT ( 'NONE',  ( 1.925929944387235853E-31, -4.200000000000000178, 8.000000000000000000 ) ) ;
#1089 = AXIS2_PLACEMENT_3D ( 'NONE', #1074, #721, #1165 ) ;
#1090 = CARTESIAN_POINT ( 'NONE',  ( 9.237604307034011697, 3.071414949476184209, 1.673313587300869728E-15 ) ) ;
#1091 = CARTESIAN_POINT ( 'NONE',  ( 5.441955180484441712, 4.083189860389689230, -6.574257134888283893 ) ) ;
#1092 = DIRECTION ( 'NONE',  ( 0.000000000000000000, 0.000000000000000000, 1.000000000000000000 ) ) ;
#1093 = EDGE_CURVE ( 'NONE', #306, #553, #432, .T. ) ;
#1094 = PRODUCT_DEFINITION ( 'UNKNOWN', '', #485, #813 ) ;
#1095 = ORIENTED_EDGE ( 'NONE', *, *, #1029, .T. ) ;
#1096 = CARTESIAN_POINT ( 'NONE',  ( 9.237604307034013473, 2.962395692965991589, -2.602085213965210642E-15 ) ) ;
#1097 = CIRCLE ( 'NONE', #835, 5.000000000000007994 ) ;
#1098 = CARTESIAN_POINT ( 'NONE',  ( -4.683143404749863237, 3.366616993083762832, -7.888557683842141621 ) ) ;
#1099 = DIRECTION ( 'NONE',  ( 0.000000000000000000, 1.000000000000000000, 0.000000000000000000 ) ) ;
#1100 = CARTESIAN_POINT ( 'NONE',  ( 5.204748896376250699E-16, -3.450000000000002398, -4.250000000000000000 ) ) ;
#1101 = AXIS2_PLACEMENT_3D ( 'NONE', #161, #676, #502 ) ;
#1102 =( NAMED_UNIT ( * ) PLANE_ANGLE_UNIT ( ) SI_UNIT ( $, .RADIAN. ) );
#1103 = B_SPLINE_CURVE_WITH_KNOTS ( 'NONE', 3,
 ( #897, #91, #387, #938, #412, #305, #672, #952, #1032, #581, #662, #860, #1108, #222, #1104, #35 ),
 .UNSPECIFIED., .F., .F.,
 ( 4, 2, 2, 2, 2, 2, 2, 4 ),
 ( 0.005153329514818578289, 0.006443520579360225917, 0.007733711643901873545, 0.008378807176172696491, 0.009023902708443519438, 0.009668998240714344120, 0.009991546006849753858, 0.01031409377298516533 ),
 .UNSPECIFIED. ) ;
#1104 = CARTESIAN_POINT ( 'NONE',  ( 9.237604307034047224, 3.070694209302875954, 5.301579216864667715E-14 ) ) ;
#1105 = ADVANCED_FACE ( 'NONE', ( #1020, #392 ), #836, .T. ) ;
#1106 = EDGE_CURVE ( 'NONE', #894, #400, #569, .T. ) ;
#1107 = DIRECTION ( 'NONE',  ( 1.224646799147353454E-16, 1.000000000000000000, -0.000000000000000000 ) ) ;
#1108 = CARTESIAN_POINT ( 'NONE',  ( 9.173263055801157861, 3.366616993083765497, -0.1114423161578661781 ) ) ;
#1109 = CARTESIAN_POINT ( 'NONE',  ( 7.781136745382923436, -4.190266715128402097, 2.522675816355649303 ) ) ;
#1110 = CARTESIAN_POINT ( 'NONE',  ( 6.928203230275507885, -4.200000000000001066, -4.000000000000002665 ) ) ;
#1111 = CARTESIAN_POINT ( 'NONE',  ( 4.618802153516975650, 3.070694209302875510, 8.000000000000055067 ) ) ;
#1112 = CARTESIAN_POINT ( 'NONE',  ( -0.8510704468916262533, -4.201357333921363235, -8.000000000000000000 ) ) ;
#1113 = ORIENTED_EDGE ( 'NONE', *, *, #1134, .F. ) ;
#1114 = CARTESIAN_POINT ( 'NONE',  ( 9.173263055801157861, -3.366616993083763720, 0.1114423161578622506 ) ) ;
#1115 = CARTESIAN_POINT ( 'NONE',  ( 0.000000000000000000, 2.962395692965990701, 0.000000000000000000 ) ) ;
#1116 = LINE ( 'NONE', #143, #638 ) ;
#1117 = CARTESIAN_POINT ( 'NONE',  ( -2.128683319877549884, -4.178214913799119579, -7.999999999999998224 ) ) ;
#1118 = ORIENTED_EDGE ( 'NONE', *, *, #863, .F. ) ;
#1119 = VERTEX_POINT ( 'NONE', #298 ) ;
#1120 = FACE_OUTER_BOUND ( 'NONE', #68, .T. ) ;
#1121 = CARTESIAN_POINT ( 'NONE',  ( 5.861963994375901876, -4.177987353017137195, -5.846780529601540266 ) ) ;
#1122 = EDGE_CURVE ( 'NONE', #693, #134, #133, .T. ) ;
#1123 = DIRECTION ( 'NONE',  ( -1.000000000000000000, -1.084202172485504434E-16, 0.000000000000000000 ) ) ;
#1124 = EDGE_CURVE ( 'NONE', #499, #405, #855, .T. ) ;
#1125 = ORIENTED_EDGE ( 'NONE', *, *, #1106, .F. ) ;
#1126 = ORIENTED_EDGE ( 'NONE', *, *, #377, .F. ) ;
#1127 = PRESENTATION_STYLE_ASSIGNMENT (( #486 ) ) ;
#1128 = CARTESIAN_POINT ( 'NONE',  ( -4.588717034107448356, 3.178899504127040476, -8.000000000000000000 ) ) ;
#1129 = CARTESIAN_POINT ( 'NONE',  ( 4.717749776183812749, -3.450989042010865315, -7.828617690252934302 ) ) ;
#1130 = ORIENTED_EDGE ( 'NONE', *, *, #939, .F. ) ;
#1131 = ORIENTED_EDGE ( 'NONE', *, *, #140, .F. ) ;
#1132 = CARTESIAN_POINT ( 'NONE',  ( 7.354697526780044292, -4.201368122346466727, 3.261290209315801381 ) ) ;
#1133 = CARTESIAN_POINT ( 'NONE',  ( 3.600868488216870666, -3.937318964335604132, 7.999999999999998224 ) ) ;
#1134 = EDGE_CURVE ( 'NONE', #164, #509, #602, .T. ) ;
#1135 = CARTESIAN_POINT ( 'NONE',  ( 6.928203230275508773, 4.200000000000001066, 4.000000000000000000 ) ) ;
#1136 = ADVANCED_FACE ( 'NONE', ( #967, #338 ), #325, .F. ) ;
#1137 = VERTEX_POINT ( 'NONE', #67 ) ;
#1138 = AXIS2_PLACEMENT_3D ( 'NONE', #272, #428, #260 ) ;
#1139 = ORIENTED_EDGE ( 'NONE', *, *, #1160, .T. ) ;
#1140 = DIRECTION ( 'NONE',  ( 0.8660254037844385966, -0.000000000000000000, 0.5000000000000001110 ) ) ;
#1141 = PRODUCT_DEFINITION_SHAPE ( 'NONE', 'NONE',  #1094 ) ;
#1142 = EDGE_CURVE ( 'NONE', #1034, #693, #617, .T. ) ;
#1143 = CARTESIAN_POINT ( 'NONE',  ( 3.591189876504918388, 3.940524947700295044, 7.999999999999998224 ) ) ;
#1144 = DIRECTION ( 'NONE',  ( 8.659560562354955045E-17, 0.7071067811865459074, -0.7071067811865491270 ) ) ;
#1145 = ORIENTED_EDGE ( 'NONE', *, *, #13, .F. ) ;
#1146 = FACE_OUTER_BOUND ( 'NONE', #171, .T. ) ;
#1147 = CIRCLE ( 'NONE', #800, 4.250000000000000000 ) ;
#1148 = CARTESIAN_POINT ( 'NONE',  ( 4.618802153517716391, -3.069749245481964373, 7.999999999999998224 ) ) ;
#1149 = AXIS2_PLACEMENT_3D ( 'NONE', #407, #301, #583 ) ;
#1150 = CARTESIAN_POINT ( 'NONE',  ( -8.926782031433637243, 3.774582393226855181, 0.5383599734640245327 ) ) ;
#1151 = CARTESIAN_POINT ( 'NONE',  ( 0.000000000000000000, -4.200000000000000178, 0.000000000000000000 ) ) ;
#1152 = CARTESIAN_POINT ( 'NONE',  ( -4.841514505840051719, 3.662627326601619160, 7.614250890303304153 ) ) ;
#1153 = VECTOR ( 'NONE', #276, 1000.000000000000000 ) ;
#1154 = ORIENTED_EDGE ( 'NONE', *, *, #115, .T. ) ;
#1155 = CARTESIAN_POINT ( 'NONE',  ( -5.441955180484443488, -4.083189860389690118, -6.574257134888284781 ) ) ;
#1156 = CARTESIAN_POINT ( 'NONE',  ( 1.062220067573347748, 4.198612662185452038, 8.000000000000000000 ) ) ;
#1157 = CARTESIAN_POINT ( 'NONE',  ( -7.354697526780044292, -4.201368122346464951, -3.261290209315800048 ) ) ;
#1158 = CARTESIAN_POINT ( 'NONE',  ( -5.863113352446645443, 4.177971114334129155, 5.844789783026921093 ) ) ;
#1159 = EDGE_CURVE ( 'NONE', #319, #499, #1, .T. ) ;
#1160 = EDGE_CURVE ( 'NONE', #134, #327, #677, .T. ) ;
#1161 = ORIENTED_EDGE ( 'NONE', *, *, #603, .T. ) ;
#1162 = B_SPLINE_CURVE_WITH_KNOTS ( 'NONE', 3,
 ( #187, #303, #453, #1025, #34, #96, #573, #100, #1019, #814, #471, #386, #41, #750, #671, #559, #293, #127 ),
 .UNSPECIFIED., .F., .F.,
 ( 4, 2, 2, 2, 2, 2, 2, 2, 4 ),
 ( 1.969447730878066826E-07, 0.0003222677304009320611, 0.0006443385160287762922, 0.0009664093016566205775, 0.001288480087284464646, 0.001932621658540153217, 0.002576763229795841787, 0.003865046372307220229, 0.005153329514818598238 ),
 .UNSPECIFIED. ) ;
#1163 = VECTOR ( 'NONE', #1014, 1000.000000000000000 ) ;
#1164 = CARTESIAN_POINT ( 'NONE',  ( -6.076533937124928286, -4.190323970480658744, -5.475134486983074034 ) ) ;
#1165 = DIRECTION ( 'NONE',  ( 1.000000000000000000, -1.084202172485504187E-16, 0.000000000000000000 ) ) ;
#1166 = AXIS2_PLACEMENT_3D ( 'NONE', #109, #130, #841 ) ;
#1167 = CARTESIAN_POINT ( 'NONE',  ( 0.5310997011128067991, 4.199913222680514480, 7.999999999999996447 ) ) ;
#1168 = B_SPLINE_CURVE_WITH_KNOTS ( 'NONE', 3,
 ( #987, #92, #98, #449, #1075, #795, #725, #980, #630, #1150, #175, #520, #991, #905, #455, #1081 ),
 .UNSPECIFIED., .F., .F.,
 ( 4, 2, 2, 2, 2, 2, 2, 4 ),
 ( 0.005153329514818590432, 0.006443520579360239794, 0.007733711643901889157, 0.008378807176172713839, 0.009023902708443540255, 0.009668998240714366671, 0.009991546006849778144, 0.01031409377298518962 ),
 .UNSPECIFIED. ) ;
ENDSEC;
END-ISO-10303-21;
