t_s,Px_mm,Py_mm,Pz_mm,b1_mm,b2_mm,b3_mm,b1_mm_s,b2_mm_s,b3_mm_s,b1_mm_s2,b2_mm_s2,b3_mm_s2,thetaC1_deg,thetaD1_deg,thetaC2_deg,thetaD2_deg,thetaC3_deg,thetaD3_deg
0.0,60.0,0.0,-0.0,160.0,100.0,100.0,0.0,10.0,-1.0,-1.6666666666666665,0.0,0.0,59.99999999999999,-59.99999999999999,51.31781254651055,-51.31781254651055,51.31781254651055,-51.31781254651055
0.09424777960769379,59.992597948899636,0.9424390387092403,-0.09424777960769379,159.99259794889963,100.94243903870924,99.9057522203923,-0.15707317311820673,9.998766324816605,-1.0,-1.666461054136101,-0.026178862186367783,0.0,59.84760175871648,-59.89242574029589,51.300941686187585,-51.3369425732712,51.49871448137924,-51.13872158757507
0.18849555921538758,59.9703936219439,1.884645544687697,-0.18849555921538758,159.9703936219439,101.8846455446877,99.81150444078462,-0.31410759078128286,9.995065603657316,-1.0,-1.6658442672762193,-0.052351265130213806,0.0,59.69523382682236,-59.78453257325159,51.28632694411937,-51.35833404087378,51.68140588771112,-50.96146273921347
0.28274333882308134,59.9333924977182,2.826387042578559,-0.28274333882308134,159.93339249771822,102.82638704257856,99.71725666117692,-0.4710645070964265,9.9888987496197,-1.0,-1.6648164582699498,-0.07851075118273775,0.0,59.54292503348713,-59.67635363551043,51.2739644984087,-51.38198845043578,51.86586488643742,-50.786056771146775
0.37699111843077515,59.88160370569629,3.7674311717588016,-0.37699111843077515,159.8816037056963,103.7674311717588,99.62300888156922,-0.6279051952931336,9.980267284282716,-1.0,-1.6633778807137858,-0.10465086588218893,0.0,59.39070430327587,-59.56792225791231,51.2638497540654,-51.40790653083552,52.05206921926031,-50.61252409322675
0.47123889803846897,59.81504002398768,4.707545743670696,-0.47123889803846897,159.81504002398768,104.70754574367069,99.52876110196154,-0.7845909572784494,9.969173337331279,-1.0,-1.6615288895552132,-0.13076515954640822,0.0,59.23860065367195,-59.45927195779824,51.25597734418267,-51.43608824031287,52.239996244160615,-50.4408847606275
0.5654866776461627,59.7337178761848,5.646498799110858,-0.5654866776461627,159.7337178761848,105.64649879911086,99.43451332235384,-0.941083133185143,9.9556196460308,-1.0,-1.6592699410051333,-0.15684718886419047,0.0,59.08664319240604,-59.35043643127135,51.25034113166735,-51.466532768620475,52.4296229310422,-50.27115847917852
0.6597344572538565,59.637657327310784,6.584058665462715,-0.6597344572538565,159.6376573273108,106.58405866546272,99.34026554274614,-1.0973431109104526,9.939609554551797,-1.0,-1.6566015924252995,-0.1828905184850754,0.0,58.93486111458699,-59.24144954541016,51.246934211520006,-51.49923853972056,52.62092585751122,-50.103364610838874
0.7539822368615503,59.526882078868674,7.519994013858254,-0.7539822368615503,159.52688207886868,107.51999401385825,99.24601776313845,-1.2533323356430424,9.921147013144779,-1.0,-1.6535245021907963,-0.2088887226071737,0.0,58.7832836996303,-59.132345330429935,51.245748913661515,-51.534203215022856,52.81388120478829,-49.93752217931246
0.8482300164692441,59.40141946299345,8.45407391625496,-0.8482300164692441,159.40141946299346,108.45407391625496,99.15176998353076,-1.4090123193758264,9.900236577165575,-1.0,-1.6500394295275957,-0.23483538656263772,0.0,58.63194030798054,-59.02315797178759,51.24677680630028,-51.57142369715661,53.008464753751824,-49.773649875803414
0.9424777960769379,59.261300435708264,9.386067902413853,-0.9424777960769379,159.26130043570828,109.38606790241386,99.05752220392306,-1.5643446504023086,9.876883405951379,-1.0,-1.6461472343252295,-0.26072410840038474,0.0,58.48086037762323,-58.91392180222611,51.25000869983443,-51.6108961342701,53.20465188110944,-49.61176606491093
1.0367255756846316,59.10655956928644,10.31574601676457,-1.0367255756846316,159.10655956928645,110.31574601676456,98.96327442431537,-1.7192910027940949,9.85109326154774,-1.0,-1.6418488769246231,-0.2865485004656825,0.0,58.330073420383016,-58.80467129375339,51.25543465128164,-51.65261592484887,53.40241755569557,-49.45188879066241
1.1309733552923253,58.93723504372132,11.242878875143475,-1.1309733552923253,158.93723504372133,111.24287887514348,98.86902664470767,-1.8738131458572458,9.822872507286887,-1.0,-1.6371454178811478,-0.3123021909762076,0.0,58.17960901800413,-58.695441049551086,51.263043969228555,-51.69657772304397,53.60173633489193,-49.294035782683444
1.2252211349000193,58.75336863730595,12.167237721390748,-1.2252211349000193,158.75336863730595,112.16723772139075,98.77477886509998,-2.0278729535651245,9.792228106217657,-1.0,-1.6320380177029428,-0.3379788255941874,0.0,58.029496818009974,-58.58626579580877,51.272825219290894,-51.742775444499756,53.802582361168156,-49.13822446250306
1.319468914507713,58.55500571632484,13.088594483792551,-1.319468914507713,158.55500571632484,113.08859448379255,98.68053108549229,-2.181432413965425,9.759167619387474,-1.0,-1.6265279365645788,-0.3635720689942375,0.0,57.879766529338156,-58.4771803734783,51.2847662300745,-51.79120227267041,54.00492935873912,-48.9844719499922
1.413716694115407,58.34219522386059,14.006721831354323,-1.413716694115407,158.34219522386059,114.00672183135433,98.58628330588459,-2.334453638559054,9.723699203976766,-1.0,-1.6206165339961274,-0.38907560642650896,0.0,57.73044791774801,-58.368219729944045,51.29885409962644,-51.84185066561354,54.20875063033574,-48.832795069933596
1.5079644737231006,58.114989667717865,14.921393229891285,-1.5079644737231006,158.11498966771785,114.92139322989128,98.4920355262769,-2.486898871648547,9.68583161128631,-1.0,-1.6143052685477184,-0.4144831452747579,0.0,57.5815708009977,-58.25941891060365,51.31507520236499,-51.8947123632479,54.41401905408542,-48.683210358720295
1.6022122533307943,57.87344510746789,15.832382997922368,-1.6022122533307943,157.8734451074679,115.83238299792237,98.39778774666921,-2.638730499653728,9.645574184577981,-1.0,-1.6075956974296632,-0.4397884166089546,0.0,57.433165043787675,-58.15081305035486,51.333415196476096,-51.949778395061955,54.62070708049866,-48.53573407118047
1.6964600329384882,57.617621140616585,16.739466362353753,-1.6964600329384882,157.6176211406166,116.73946636235375,98.30353996706151,-2.789911060392292,9.60293685676943,-1.0,-1.6004894761282382,-0.46498517673204864,0.0,57.2852605524682,-58.04243736498349,51.35385903176372,-52.0070390882595,54.828786729557564,-48.39038218752562
1.790707812546182,57.34758088789981,17.642419513938236,-1.790707812546182,157.34758088789982,117.64241951393824,98.20929218745381,-2.9404032523230397,9.557930147983301,-1.0,-1.5929883579972168,-0.4900672087205065,0.0,57.13788726950799,-57.93432714244776,51.37639095793999,-52.06648407632692,55.038229587902435,-48.24717042041893
1.8849555921538759,57.06339097770921,18.541019662496844,-1.8849555921538759,157.06339097770922,118.54101966249684,98.11504440784613,-3.090169943749474,9.510565162951535,-1.0,-1.5850941938252558,-0.5150283239582456,0.0,56.99107516772216,-57.826517734054526,51.40099453334162,-52.128102308007165,55.24900680611204,-48.106114222160826
1.9792033717615696,56.76512152965272,19.435045091888963,-1.9792033717615696,156.76512152965273,119.43504509188897,98.02079662823843,-3.239174181981494,9.460853588275453,-1.0,-1.576808931379242,-0.5398623636635823,0.0,56.844854244256766,-57.71904454552259,51.42765263405736,-52.19188205666418,55.461089096073316,-47.967228791987715
2.0734511513692633,56.45284613725353,20.324275214717478,-2.0734511513692633,156.45284613725352,120.32427521471747,97.92654884863073,-3.3873792024529132,9.408807689542254,-1.0,-1.568134614923709,-0.5645632004088188,0.0,56.69925451432838,-57.6119430279289,51.45634746345158,-52.257810930021364,55.67444672843592,-47.83052908348075
2.167698930976957,56.126641849792044,21.208490626755424,-2.167698930976957,156.12664184979204,121.20849062675542,97.83230106902305,-3.5347484377925706,9.354440308298674,-1.0,-1.5590733847164455,-0.5891247396320951,0.0,56.55430600471682,-57.50524866853318,51.48706056206802,-52.325875880256824,55.88904953014721,-47.696029812080084
2.2619467105846507,55.78658915329509,22.087473161080673,-2.2619467105846507,155.7865891532951,122.08747316108068,97.73805328941535,-3.6812455268467787,9.297764858882514,-1.0,-1.549627476480419,-0.6135409211411297,0.0,56.41003874700954,-57.39899698147685,51.51977281789788,-52.39606321443818,56.104866882062765,-47.563745462701085
2.356194490192345,55.43277195067721,22.961005941905388,-2.356194490192345,155.4327719506772,122.96100594190538,97.64380550980765,-3.826834323650898,9.238795325112868,-1.0,-1.5397992208521445,-0.637805720608483,0.0,56.26648277059641,-57.293223498352546,51.55446447699556,-52.46835860527889,56.32186771662805,-47.43369029744761
2.4504422698000385,55.06527754103887,23.828873438086834,-2.4504422698000385,155.06527754103888,123.82887343808683,97.54955773019996,-3.9714789063478055,9.177546256839811,-1.0,-1.529591042806635,-0.6619131510579676,0.0,56.12366809541378,-57.18796375863986,51.5911151544254,-52.54274710219792,56.54002051562597,-47.30587836341821
2.5446900494077322,54.68419659812672,24.690861516306523,-2.5446900494077322,154.68419659812673,124.69086151630653,97.45530995059227,-4.115143586051087,9.114032766354454,-1.0,-1.5190054610590753,-0.6858572643418478,0.0,55.98162472443724,-57.08325330000466,51.62970384552246,-52.619213142664414,56.75929330798593,-47.18032350060038
2.638937829015426,54.28962314796117,25.546757493904355,-2.638937829015426,154.28962314796118,125.54675749390435,97.36106217098457,-4.257792915650726,9.048270524660197,-1.0,-1.5080450874433657,-0.7096321526084542,0.0,55.840382635922296,-56.9791276484578,51.67020893744996,-52.697740563808516,56.97965366764917,-47.05703934984796
2.7331856086231197,53.88165454563694,26.396350191354905,-2.7331856086231197,153.88165454563693,126.39635019135491,97.26681439137688,-4.399391698559151,8.980275757606156,-1.0,-1.4967126262676926,-0.7332319497598584,0.0,55.699971775392996,-56.87562230837097,51.71260822103627,-52.77831261427955,57.20106871148575,-46.936039360936775
2.827433388230814,53.46039145130207,27.239429984372805,-2.827433388230814,153.4603914513021,127.2394299843728,97.17256661176918,-4.5399049973954675,8.910065241883679,-1.0,-1.4850108736472798,-0.7566508328992445,0.0,55.56042204737848,-56.772772752346405,51.75687890287389,-52.86091196633242,57.42350509725797,-46.817336800693035
2.9216811678385075,53.02593780532161,28.0757888556344,-2.9216811678385075,153.0259378053216,128.0757888556344,97.07831883216149,-4.679298142605734,8.837656300886934,-1.0,-1.472942716814489,-0.7798830237676222,0.0,55.42176330689789,-56.670614410938235,51.80299761766291,-52.94552072812348,57.646929021625745,-46.70094476118934
3.015928947446201,52.57840080263181,28.905220446102913,-3.015928947446201,152.57840080263182,128.9052204461029,96.9840710525538,-4.817536741017152,8.763066800438637,-1.0,-1.4605111334064391,-0.8029227901695253,0.0,55.28402535069419,-56.56918266222368,51.850940440781564,-53.03212045619626,57.871306218188685,-46.586876168002576
3.110176727053895,52.117890866291475,29.72752010594445,-3.110176727053895,152.11789086629148,129.72752010594445,96.8898232729461,-4.954586684324075,8.686315144381913,-1.0,-1.4477191907303186,-0.8257644473873458,0.0,55.1472379082185,-56.468512821221765,51.900682901066475,-53.120692168138504,58.09660195556039,-46.47514378852812
3.2044245066615886,51.644521620236624,30.542484945022274,-3.2044245066615886,151.64452162023662,130.54248494502227,96.79557549333842,-5.090414157503712,8.607420270039437,-1.0,-1.4345700450065728,-0.8484023595839519,0.0,55.01143063236548,-56.368640129158685,51.95219999378523,-53.21121635539099,58.322781035470015,-46.36576024034442
3.2986722862692828,51.15840986124553,31.349913882956926,-3.2986722862692828,151.15840986124553,131.3499138829569,96.70132771373072,-5.224985647159488,8.526401643540922,-1.0,-1.4210669405901535,-0.8708309411932479,0.0,54.87663308996271,-56.26959974257865,52.005466193784265,-53.30367299618972,58.5498077908865,-46.25873799962195
3.3929200658769765,50.659675530120914,32.14960769873979,-3.3929200658769765,150.65967553012092,132.1496076987398,96.60707993412302,-5.3582679497899655,8.443279255020151,-1.0,-1.4072132091700251,-0.8930446582983275,0.0,54.74287475201514,-56.17142672229973,52.06045546879494,-53.39804156862222,58.7776460841609,-46.15408940957045
3.48716784548467,50.14844168209622,32.9413690798879,-3.48716784548467,150.14844168209623,132.9413690798879,96.51283215451534,-5.490228179981317,8.358073613682702,-1.0,-1.393012268947117,-0.9150380299968861,0.0,54.61018498370815,-56.074156022214446,52.11714129288123,-53.4943010637798,59.00625930518254,-46.05182668891814
3.581415625092364,49.62483445647371,33.72500267112783,-3.581415625092364,149.6248344564737,133.72500267112784,96.41858437490764,-5.620833778521305,8.270805742745619,-1.0,-1.3784676237909363,-0.9368056297535509,0.0,54.478593034171645,-55.97782247793556,52.175496660012485,-53.59242999898725,59.235610369544105,-45.95196194041646
3.6756634047000576,49.08898304550141,34.50031512259671,-3.6756634047000576,149.0889830455014,134.5003151225967,96.32433659529994,-5.750052520432785,8.181497174250236,-1.0,-1.363582862375039,-0.9583420867387974,0.0,54.34812802600895,-55.88246079528789,52.23549409774534,-53.69240643109187,59.46566171671227,-45.85450715936389
3.7699111843077517,48.54101966249685,35.26711513754839,-3.7699111843077517,148.54101966249686,135.2671151375484,96.23008881569226,-5.877852522924732,8.090169943749475,-1.0,-1.3483616572915789,-0.9796420871541218,0.0,54.21881894459442,-55.7881055386472,52.29710568099875,-53.794207969794215,59.69637530819931,-45.75947424214204
3.8641589639154454,47.98107950922544,36.025213519553034,-3.8641589639154454,147.98107950922542,136.02521351955303,96.13584103608456,-6.004202253258839,7.996846584870906,-1.0,-1.3328077641451508,-1.0007003755431398,0.0,54.090694627143854,-55.69479111912819,52.36030304590687,-53.89781179100312,59.92771262573186,-45.666874994757265
3.958406743523139,47.409300742541426,36.77442321917858,-3.958406743523139,147.40930074254143,136.77442321917857,96.04159325647686,-6.129070536529763,7.901550123756904,-1.0,-1.3169250206261505,-1.0215117560882938,0.0,53.963783751563156,-55.602551782623834,52.425057403734996,-54.00319465019784,60.15963466941365,-45.57672114138078
4.052654523130833,46.82582444029979,37.5145593801423,-4.052654523130833,146.82582444029978,137.51455938014232,95.94734547686917,-6.252426563357051,7.804304073383298,-1.0,-1.300717345563883,-1.0420710938928417,0.0,53.838114825079984,-55.511421597698785,52.491339554843705,-54.110332895780836,60.392101955878225,-45.489024332880405
4.146902302738527,46.23079456654736,38.245439384921376,-4.146902302738527,146.23079456654736,138.24543938492138,95.85309769726148,-6.374239897486897,7.705132427757894,-1.0,-1.2841887379596488,-1.062373316247816,0.0,53.713716172664654,-55.42143444334023,52.55911990268742,-54.21920248240483,60.62507451642894,-45.40379615533639
4.241150082346221,45.62435793600186,38.96688289981102,-4.241150082346221,145.62435793600184,138.96688289981103,95.75884991765378,-6.494480483301837,7.6040596560003095,-1.0,-1.2673432760000514,-1.0824134138836394,0.0,53.59061592524653,-55.33262399657035,52.62836846783365,-54.329778984258525,60.85851189516298,-45.32104813853425
4.335397861953914,45.006664177827574,39.67871191941911,-4.335397861953914,145.0066641778276,139.6787119194191,95.66460213804609,-6.613118653236518,7.501110696304596,-1.0,-1.2501851160507658,-1.1021864422060863,0.0,53.468842007732825,-55.245023719924625,52.6990549019901,-54.44203760829543,61.092373147077055,-45.24079176442701
4.429645641561608,44.37786569871659,40.3807508105864,-4.429645641561608,144.3778656987166,140.3807508105864,95.5703543584384,-6.730125135097733,7.396310949786098,-1.0,-1.2327184916310163,-1.1216875225162888,0.0,53.34842212683723,-55.15866684880111,52.77114850202681,-54.55595320739144,61.326616836152155,-45.16303847555913
4.523893421169301,43.7381176452847,41.07282635572131,-4.523893421169301,143.73811764528472,141.0728263557213,95.4761065788307,-6.845471059286885,7.289686274214117,-1.0,-1.2149477123690193,-1.1409118432144807,0.0,53.22938375872636,-55.07358637868656,52.84461822398172,-54.67150029341623,61.56120103341552,-45.08779968344458
4.6181412007769955,43.08757786579134,41.754767795538854,-4.6181412007769955,143.08757786579133,141.75476779553884,95.38185879922301,-6.959127965923142,7.1812629776318895,-1.0,-1.196877162938648,-1.1598546609871903,0.0,53.11175413649264,-54.989815052265456,52.91943269703803,-54.78865305020526,61.796083314977984,-45.01508677689084
4.71238898038469,42.42640687119285,42.426406871192846,-4.71238898038469,142.42640687119285,142.42640687119285,95.28761101961531,-7.071067811865475,7.0710678118654755,-1.0,-1.1785113019775793,-1.178511301977579,0.0,52.995560237462605,-54.90738534641884,52.9955602374626,-54.90738534641885,62.03122076004551,-44.94491113026096
4.806636759992383,41.75476779553887,43.087577865791324,-4.806636759992383,141.75476779553887,143.08757786579133,95.19336324000761,-7.181262977631887,6.959127965923145,-1.0,-1.1598546609871907,-1.1968771629386477,0.0,52.880828770350064,-54.8263294591205,53.072968862495216,-55.027670748275604,62.26656994890374,-44.87728411166524
4.900884539600077,41.072826355721325,43.73811764528469,-4.900884539600077,141.07282635572133,143.7381176452847,95.09911546039993,-7.289686274214114,6.845471059286887,-1.0,-1.1409118432144811,-1.2149477123690189,0.0,52.767586162264934,-54.74667929623864,53.15162630417911,-55.1494825321482,62.5020869608751,-44.812217091074295
4.99513231920777,40.380750810586406,44.377865698716576,-4.99513231920777,140.3807508105864,144.37786569871656,95.00486768079223,-7.396310949786096,6.730125135097734,-1.0,-1.121687522516289,-1.2327184916310159,0.0,52.655858545587726,-54.66846645825143,53.231500023123516,-55.27279369700978,62.737727372248266,-44.749721448344715
5.0893800988154645,39.67871191941912,45.00666417782757,-5.0893800988154645,139.67871191941913,145.00666417782756,94.91061990118453,-7.501110696304595,6.613118653236521,-1.0,-1.1021864422060867,-1.2501851160507658,0.0,52.545671744721695,-54.59172222688627,53.31255722219014,-55.39757697671996,62.97344625418029,-44.68980858114862
5.183627878423159,38.96688289981102,45.62435793600186,-5.183627878423159,138.96688289981103,145.62435793600184,94.81637212157685,-7.6040596560003095,6.494480483301837,-1.0,-1.0824134138836394,-1.2673432760000514,0.0,52.437051262733966,-54.51647755169203,53.39476486009538,-55.52380485214008,63.209198170571895,-44.63248991279807
5.277875658030852,38.24543938492139,46.230794566547345,-5.277875658030852,138.24543938492138,146.23079456654733,94.72212434196915,-7.705132427757891,6.374239897486898,-1.0,-1.0623733162478164,-1.2841887379596484,0.0,52.33002226789845,-54.442763036555306,53.478089664921356,-55.651449563067665,63.444937175917524,-44.57777689995513
5.372123437638546,37.514559380142316,46.82582444029978,-5.372123437638546,137.51455938014232,146.82582444029978,94.62787656236145,-7.804304073383297,6.252426563357053,-1.0,-1.0420710938928421,-1.3007173455638827,0.0,52.2246095801534,-54.37060892617146,53.562498147529006,-55.78048311998072,63.68061681313142,-44.5256810402181
5.466371217246239,36.774423219178594,47.40930074254142,-5.466371217246239,136.7744232191786,147.4093007425414,94.53362878275377,-7.901550123756903,6.129070536529766,-1.0,-1.0215117560882943,-1.3169250206261505,0.0,52.12083765748696,-54.300045092482236,53.647956614867034,-55.910877315583456,63.91619011135226,-44.4762138795743
5.5606189968539335,36.025213519553056,47.98107950922543,-5.5606189968539335,136.02521351955306,147.98107950922542,94.43938100314607,-7.996846584870905,6.004202253258843,-1.0,-1.0007003755431403,-1.3328077641451506,0.0,52.018730582264965,-54.23110102109217,53.73443118317175,-56.04260373614455,64.15160958372893,-44.42938701970947
5.654866776461628,35.26711513754839,48.54101966249685,-5.654866776461628,135.2671151375484,148.54101966249686,94.34513322353837,-8.090169943749475,5.877852522924732,-1.0,-0.9796420871541218,-1.3483616572915789,0.0,51.91831204751534,-54.163805797676616,53.8218877910523,-56.17563377262105,64.38682722519098,-44.38521212516349
5.749114556069321,34.50031512259672,49.08898304550141,-5.749114556069321,134.5003151225967,149.0889830455014,94.25088544393068,-8.181497174250234,5.750052520432787,-1.0,-0.9583420867387977,-1.3635828623750388,0.0,51.81960534318425,-54.09818809439449,53.91029221245748,-56.309938631560144,64.62179451020734,-44.34370093032196
5.843362335677015,33.72500267112784,49.62483445647371,-5.843362335677015,133.72500267112784,149.6248344564737,94.15663766432299,-8.270805742745617,5.620833778521307,-1.0,-0.9368056297535511,-1.3784676237909361,0.0,51.722633342379304,-54.03427615632003,53.999610069520315,-56.445489345772735,64.8564623905383,-44.30486524623302
5.937610115284708,32.94136907988791,50.14844168209621,-5.937610115284708,132.94136907988792,150.1484416820962,94.06238988471529,-8.358073613682702,5.490228179981319,-1.0,-0.9150380299968864,-1.3930122689471167,0.0,51.62741848761602,-53.972097787907366,54.089806845276804,-56.58225678477233,65.09078129298561,-44.268716967238014
6.031857894892402,32.14960769873981,50.6596755301209,-6.031857894892402,132.1496076987398,150.6596755301209,93.9681421051076,-8.44327925502015,5.358267949789967,-1.0,-0.8930446582983279,-1.407213209170025,0.0,51.53398277708373,-53.911680339503064,54.18084789625674,-56.7202116649741,65.3247011171467,-44.235268077404776
6.126105674500097,31.349913882956933,51.15840986124553,-6.126105674500097,131.34991388295694,151.15840986124553,93.8738943254999,-8.526401643540922,5.224985647159489,-1.0,-0.8708309411932481,-1.4210669405901535,0.0,51.44234775094775,-53.85305069392182,54.27269846494411,-56.85932455964886,65.55817123317969,-44.20453065675166
6.22035345410779,30.542484945022284,51.64452162023661,-6.22035345410779,130.5424849450223,151.64452162023662,93.7796465458922,-8.607420270039436,5.090414157503714,-1.0,-0.8484023595839523,-1.4345700450065724,0.0,51.35253447770493,-53.79623525310083,54.3653236921053,-56.99956590862751,65.79114047958625,-44.17651688725005
6.314601233715484,29.727520105944464,52.11789086629147,-6.314601233715484,129.72752010594445,152.11789086629148,93.68539876628452,-8.686315144381911,4.954586684324077,-1.0,-0.8257644473873461,-1.4477191907303184,0.0,51.26456354061031,-53.74125992484903,54.45868862898437,-57.140906027751946,66.02355716102055,-44.15123905859287
6.408849013323177,28.905220446102934,52.578400802631805,-6.408849013323177,128.90522044610293,152.5784008026318,93.59115098667682,-8.763066800438635,4.817536741017156,-1.0,-0.8029227901695258,-1.460511133406439,0.0,51.17845502419224,-53.688150109707465,54.55275824936422,-57.28331511806891,66.25536904613334,-44.12870957371603
6.503096792930871,28.07578885563441,53.025937805321604,-6.503096792930871,128.0757888556344,153.0259378053216,93.49690320706912,-8.837656300886934,4.679298142605735,-1.0,-0.7798830237676224,-1.4729427168144889,0.0,51.09422850087461,-53.63693068793763,54.647497461493664,-57.426763274763516,66.48652336546027,-44.10894095405933
6.5973445725385655,27.23942998437281,53.460391451302065,-6.5973445725385655,127.2394299843728,153.46039145130206,93.40265542746144,-8.910065241883679,4.539904997395468,-1.0,-0.7566508328992446,-1.4850108736472796,0.0,51.01190301772398,-53.58762600665471,54.74287111988045,-57.571220495830126,66.71696680936563,-44.091945844552924
6.691592352146259,26.396350191354916,53.881654545636934,-6.691592352146259,126.39635019135491,153.88165454563693,93.30840764785374,-8.980275757606154,4.399391698559152,-1.0,-0.7332319497598587,-1.4967126262676924,0.0,50.93149708334063,-53.540259867122714,54.83884403695075,-57.71665669047803,66.94664552605228,-44.07773701831493
6.785840131753953,25.54675749390437,54.289623147961166,-6.785840131753953,125.54675749390437,154.28962314796115,93.21415986824604,-9.048270524660195,4.257792915650728,-1.0,-0.7096321526084547,-1.5080450874433657,0.0,50.85302865491183,-53.49485551222938,54.935380994576185,-57.8630416872705,67.1755051196507,-44.06632738104505
6.880087911361646,24.690861516306544,54.684196598126704,-6.880087911361646,124.69086151630654,154.6841965981267,93.11991208863836,-9.11403276635445,4.11514358605109,-1.0,-0.6858572643418483,-1.519005461059075,0.0,50.776515125446345,-53.451435614157894,55.03244675546953,-58.01034524199552,67.4034906483998,-44.05772997509905
6.97433569096934,23.82887343808685,55.06527754103886,-6.97433569096934,123.82887343808684,155.06527754103885,93.02566430903066,-9.177546256839811,3.9714789063478078,-1.0,-0.6619131510579679,-1.5295910428066348,0.0,50.70197331120917,-53.410022262273394,55.13000607445076,-58.15853704526744,67.63054662293446,-44.051957983227624
7.0685834705770345,22.96100594190539,55.43277195067721,-7.0685834705770345,122.9610059419054,155.4327719506772,92.93141652942296,-9.238795325112868,3.8268343236508984,-1.0,-0.637805720608483,-1.5397992208521445,0.0,50.629419439375084,-53.370636951241934,55.22802370958548,-58.307586729859004,67.85661700469417,-44.04902473196322
7.162831250184728,22.087473161080684,55.78658915329508,-7.162831250184728,122.08747316108068,155.7865891532951,92.83716874981528,-9.297764858882513,3.681245526846781,-1.0,-0.6135409211411301,-1.5496274764804188,0.0,50.55886913592016,-53.333300569399434,55.326464433197785,-58.457463877763374,68.08164520447002,-44.048943694637465
7.257079029792422,21.208490626755438,56.12664184979204,-7.257079029792422,121.20849062675543,156.12664184979204,92.74292097020758,-9.354440308298672,3.5347484377925733,-1.0,-0.5891247396320954,-1.5590733847164453,0.0,50.49033741377016,-53.29803338738858,55.42529304276029,-58.60813802698638,68.30557408110667,-44.05172849401102
7.351326809400115,20.324275214717503,56.45284613725352,-7.351326809400115,120.3242752147175,156.45284613725352,92.64867319059988,-9.408807689542254,3.387379202452917,-1.0,-0.5645632004088195,-1.5681346149237088,0.0,50.42383866122422,-53.26485504708093,55.52447437166375,-58.75957867806966,68.52834594037847,-44.05739290449762
7.445574589007809,19.435045091888973,56.76512152965272,-7.445574589007809,119.43504509188898,156.76512152965273,92.5544254109922,-9.460853588275453,3.239174181981496,-1.0,-0.5398623636635825,-1.576808931379242,0.0,50.35938663067261,-53.23378455080207,55.62397329986953,-58.91175530034511,68.74990253405886,-44.06595085396229
7.5398223686155035,18.541019662496847,57.06339097770921,-7.5398223686155035,118.54101966249685,157.06339097770922,92.4601776313845,-9.510565162951535,3.0901699437494745,-1.0,-0.5150283239582457,-1.5850941938252558,0.0,50.29699442762686,-53.2048402508765,55.723754764447904,-59.06463733792246,68.9701850592047,-44.077416425074254
7.634070148223197,17.642419513938247,57.34758088789981,-7.634070148223197,117.64241951393825,157.34758088789982,92.3659298517768,-9.557930147983301,2.940403252323041,-1.0,-0.4900672087205068,-1.5929883579972168,0.0,50.23667450008031,-53.17803983950986,55.82378377000551,-59.218194215410726,69.18913415767673,-44.091803856193145
7.728317927830891,16.73946636235377,57.61762114061658,-7.728317927830891,116.73946636235377,157.61762114061656,92.27168207216911,-9.60293685676943,2.7899110603922948,-1.0,-0.46498517673204914,-1.6004894761282382,0.0,50.178438628216654,-53.15340033902453,55.92402539900552,-59.3723953433758,69.40668991592062,-44.10912754176704
7.822565707438584,15.832382997922391,57.87344510746788,-7.822565707438584,115.8323829979224,157.8734451074679,92.17743429256141,-9.64557418457798,2.638730499653732,-1.0,-0.4397884166089553,-1.6075956974296632,0.0,50.12229791448418,-53.130938092465584,56.02444482198402,-59.52721012353633,69.62279186503285,-44.1294020322197
7.916813487046278,14.921393229891297,58.114989667717865,-7.916813487046278,114.9213932298913,158.11498966771785,92.08318651295372,-9.68583161128631,2.48689887164855,-1.0,-0.4144831452747582,-1.6143052685477184,0.0,50.068262774052336,-53.11066875459234,56.12500730766617,-59.68260795369974,69.83737898113746,-44.15264203330351
8.011061266653972,14.00672183135434,58.34219522386059,-8.011061266653972,114.00672183135434,158.34219522386059,91.98893873334603,-9.723699203976766,2.3344536385590566,-1.0,-0.3890756064265094,-1.6206165339961274,0.0,50.01634292566733,-53.092607283271526,56.2256782329863,-59.83855823244153,70.05038968610184,-44.17886240489401
8.105309046261667,13.088594483792562,58.55500571632484,-8.105309046261667,113.08859448379256,158.55500571632484,91.89469095373833,-9.759167619387473,2.181432413965427,-1.0,-0.36357206899423783,-1.6265279365645788,0.0,49.9665473829224,-53.07676793128649,56.326423093015215,-59.99503036353066,70.26176184861997,-44.20807815920059
8.19955682586936,12.167237721390762,58.75336863730595,-8.19955682586936,112.16723772139076,158.75336863730595,91.80044317413063,-9.792228106217657,2.027872953565127,-1.0,-0.33797882559418785,-1.6320380177029428,0.0,49.91888444595853,-53.06316423857735,56.42720751079884,-60.151993760103984,70.47143278569406,-44.240304458367355
8.293804605477053,11.242878875143496,58.937235043721316,-8.293804605477053,111.2428788751435,158.93723504372133,91.70619539452295,-9.822872507286887,1.8738131458572493,-1.0,-0.3123021909762082,-1.6371454178811475,0.0,49.87336169360988,-53.05180902492513,56.52799724711205,-60.30941784859351,70.67933926454647,-44.27555661143679
8.388052385084746,10.315746016764596,59.10655956928643,-8.388052385084746,110.31574601676459,159.10655956928645,91.61194761491525,-9.851093261547739,1.7192910027940993,-1.0,-0.2865485004656832,-1.641848876924623,0.0,49.82998597600846,-53.04271438309374,56.62875821013118,-60.46727207240988,70.88541750499564,-44.31385007064837
8.482300164692441,9.386067902413856,59.261300435708264,-8.482300164692441,109.38606790241386,159.26130043570828,91.51769983530755,-9.876883405951379,1.5643446504023093,-1.0,-0.26072410840038485,-1.6461472343252295,0.0,49.78876340766107,-53.035891672441494,56.72945646502941,-60.625525895386176,71.08960318233122,-44.35520042704284
8.576547944300135,8.454073916254968,59.40141946299345,-8.576547944300135,108.45407391625497,159.40141946299346,91.42345205569987,-9.900236577165575,1.4090123193758282,-1.0,-0.234835386562638,-1.6500394295275957,0.0,49.749699361011146,-53.03135151301422,56.830058243498044,-60.78414880498625,71.29183143072544,-44.39962340534189
8.670795723907828,7.519994013858269,59.52688207886867,-8.670795723907828,107.51999401385827,159.52688207886865,91.32920427609217,-9.921147013144777,1.2533323356430448,-1.0,-0.20888872260717412,-1.653524502190796,0.0,49.712798460497574,-53.02910378013047,56.93052995319798,-60.943110315281956,71.49203684721928,-44.44713485807225
8.765043503515523,6.584058665462722,59.637657327310784,-8.765043503515523,106.58405866546272,159.6376573273108,91.23495649648447,-9.939609554551797,1.0973431109104537,-1.0,-0.1828905184850756,-1.6566015924252995,0.0,49.67806457712104,-53.02915759946907,57.03083818714426,-61.102379969703996,71.69015349632382,-44.497750758901766
8.859291283123216,5.64649879911087,59.7337178761848,-8.859291283123216,105.64649879911087,159.7337178761848,91.14070871687679,-9.9556196460308,0.941083133185145,-1.0,-0.15684718886419083,-1.6592699410051333,0.0,49.64550082352826,-53.03152134266793,57.13094973302716,-61.261927343571166,71.88611491527875,-44.55148719515407
8.95353906273091,4.707545743670713,59.81504002398768,-8.95353906273091,104.7075457436707,159.81504002398768,91.04646093726909,-9.969173337331279,0.7845909572784522,-1.0,-0.1307651595464087,-1.6615288895552132,0.0,49.61510954962322,-53.03620262344228,57.23083158247291,-61.42172204640345,72.07985412001227,-44.60836035946761
9.047786842338603,3.767431171758825,59.88160370569629,-9.047786842338603,103.76743117175883,159.8816037056963,90.95221315766139,-9.980267284282716,0.6279051952931375,-1.0,-0.10465086588218957,-1.6633778807137858,0.0,49.58689233871359,-53.04320829422978,57.33045094024718,-61.58173372402407,72.27130361184771,-44.668386540563354
9.142034621946298,2.826387042578574,59.9333924977182,-9.142034621946298,102.82638704257857,159.93339249771822,90.8579653780537,-9.9888987496197,0.471064507096429,-1.0,-0.07851075118273816,-1.6648164582699498,0.0,49.56085000419977,-53.052544443368554,57.429775233403674,-61.74193206045619,72.46039538500477,-44.73158211308466
9.236282401553991,1.884645544687717,59.9703936219439,-9.236282401553991,101.88464554468771,159.9703936219439,90.76371759844601,-9.995065603657316,0.3141075907812862,-1.0,-0.05235126513021436,-1.6658442672762193,0.0,49.536982586812556,-53.064216392813584,57.52877212038048,-61.90228677962031,72.64706093494473,-44.79796352647164
9.330530181161684,0.9424390387092655,59.992597948899636,-9.330530181161684,100.94243903870927,159.99259794889963,90.66946981883831,-9.998766324816605,0.15707317311821092,-1.0,-0.026178862186368484,-1.666461054136101,0.0,49.515289352405055,-53.07822869639565,57.62740950004662,-62.06276764683828,72.83123126761079,-44.867547292831375
9.42477796076938,3.67394039744206e-15,60.0,-9.42477796076938,100.0,160.0,90.57522203923062,-10.0,6.123233995736766e-16,-1.0,-1.0205389992894609e-16,-1.6666666666666665,0.0,49.49576879030284,-53.094585138626115,57.72565552070017,-62.22334447015033,73.01283690961704,-44.940349973764086
9.519025740377073,-0.9424390387092316,59.992597948899636,-9.519025740377073,99.05756096129076,159.99259794889963,90.48097425962293,-9.998766324816605,-0.15707317311820526,-1.0,0.02617886218636754,-1.666461054136101,0.0,49.47841861221582,-53.11328873404974,57.823478589020155,-62.383987101451936,73.19180791944105,-45.01638816610458
9.613273519984766,-1.8846455446876833,59.9703936219439,-9.613273519984766,98.11535445531231,159.9703936219439,90.38672648001523,-9.995065603657316,-0.3141075907812806,-1.0,0.052351265130213424,-1.6658442672762193,0.0,49.4632357517137,-53.134341727146506,57.92084737897313,-62.54466543745701,73.36807389967699,-45.09567848653737
9.707521299592461,-2.826387042578553,59.9333924977182,-9.707521299592461,97.17361295742144,159.93339249771822,90.29247870040754,-9.9888987496197,-0.47106450709642556,-1.0,0.07851075118273758,-1.6648164582699498,0.0,49.45021636426646,-53.15774559278285,58.01773084067551,-62.705349420495054,73.54156401040835,-45.178237555042415
9.801769079200154,-3.767431171758791,59.88160370569629,-9.801769079200154,96.23256882824121,159.8816037056963,90.19823092079984,-9.980267284282716,-0.6279051952931318,-1.0,0.10465086588218862,-1.6633778807137858,0.0,49.43935582784983,-53.183501037210924,58.114098209212315,-62.86600903914903,73.71220698376091,-45.264081977128285
9.896016858807847,-4.70754574367068,59.81504002398768,-9.896016858807847,95.29245425632932,159.81504002398768,90.10398314119215,-9.969173337331279,-0.7845909572784466,-1.0,0.13076515954640777,-1.6615288895552132,0.0,49.430648744114684,-53.21160799961401,58.20991901341242,-63.02661432874229,73.87993113969868,-45.35322832480811
9.99026463841554,-5.646498799110837,59.7337178761848,-9.99026463841554,94.35350120088916,159.7337178761848,90.00973536158446,-9.9556196460308,-0.9410831331851395,-1.0,0.1568471888641899,-1.6592699410051333,0.0,49.424088940118494,-53.242065654195045,58.305163084580116,-63.18713537168198,74.044664403127,-45.44569311627326
10.084512418023236,-6.584058665462702,59.637657327310784,-10.084512418023236,93.4159413345373,159.6376573273108,89.91548758197676,-9.939609554551797,-1.0973431109104501,-1.0,0.182890518485075,-1.6566015924252995,0.0,49.419669470615716,-53.27487241280388,58.39980056518248,-63.34754229766734,74.20633432236927,-45.54149279421895
10.178760197630929,-7.519994013858236,59.526882078868674,-10.178760197630929,92.48000598614176,159.52688207886868,89.82123980236906,-9.921147013144779,-1.2533323356430393,-1.0,0.2088887226071732,-1.6535245021907963,0.0,49.41738262090314,-53.31002592809809,58.49380191749135,-63.507805283771305,74.3648680890849,-45.6406437027751
10.273007977238622,-8.454073916254934,59.40141946299346,-10.273007977238622,91.54592608374506,159.40141946299346,89.72699202276138,-9.900236577165577,-1.4090123193758224,-1.0,0.23483538656263706,-1.650039429527596,0.0,49.417219910214975,-53.34752309723128,58.587137932178386,-63.66789455440437,74.52019255969806,-45.743162062995985
10.367255756846317,-9.38606790241385,59.261300435708264,-10.367255756846317,90.61393209758614,159.26130043570828,89.63274424315368,-9.876883405951379,-1.5643446504023082,-1.0,0.2607241084003847,-1.6461472343252295,0.0,49.419172095661814,-53.387360066061376,58.67977973686142,-63.82778038116955,74.67223427840828,-45.849063946861094
10.46150353645401,-10.315746016764564,59.10655956928644,-10.46150353645401,89.68425398323544,159.10655956928645,89.53849646354598,-9.85109326154774,-1.719291002794094,-1.0,0.2865485004656823,-1.6418488769246231,0.0,49.42322917670637,-53.42953223387073,58.77169880459945,-63.98743308261784,74.82091950185517,-45.958365249739835
10.555751316061704,-11.242878875143463,58.93723504372132,-10.555751316061704,88.75712112485654,158.93723504372133,89.4442486839383,-9.822872507286887,-1.8738131458572438,-1.0,0.31230219097620726,-1.6371454178811478,0.0,49.42938040016803,-53.47403425858904,58.862866962333264,-64.14682302391402,74.96617422551127,-46.071081661272665
10.649999095669399,-12.167237721390743,58.75336863730595,-10.649999095669399,87.83276227860925,158.75336863730595,89.3500009043306,-9.792228106217657,-2.0278729535651236,-1.0,0.3379788255941873,-1.6320380177029428,0.0,49.4376142657476,-53.520860062508724,58.953256399268525,-64.30592061642261,75.10792421187753,-46.18722863462116
10.744246875277092,-13.08859448379254,58.55500571632484,-10.744246875277092,86.91140551620745,158.55500571632484,89.2557531247229,-9.759167619387474,-2.1814324139654233,-1.0,0.3635720689942372,-1.6265279365645788,0.0,49.44791853206218,-53.570002838481884,59.04283967519692,-64.4646963172242,75.24609502055777,-46.30682135403993
10.838494654884785,-14.006721831354307,58.3421952238606,-10.838494654884785,85.99327816864569,158.34219522386059,89.16150534511522,-9.723699203976766,-2.3344536385590513,-1.0,0.3890756064265085,-1.6206165339961276,0.0,49.46028022318012,-53.62145505658681,59.1315897287512,-64.62312062857298,75.3806120402884,-46.42987470072394
10.932742434492479,-14.921393229891265,58.11498966771787,-10.932742434492479,85.07860677010873,158.11498966771788,89.06725756550752,-9.685831611286313,-2.486898871648544,-1.0,0.4144831452747573,-1.6143052685477186,0.0,49.47468563564443,-53.67520847125173,59.21947988558879,-64.7811640973061,75.51140052300107,-46.556403216885094
11.026990214100174,-15.832382997922359,57.873445107467894,-11.026990214100174,84.16761700207763,157.8734451074679,88.97300978589982,-9.645574184577981,-2.638730499653726,-1.0,0.43978841660895435,-1.6075956974296635,0.0,49.49112034597261,-53.73125412882184,59.30648386649856,-64.93879731421636,75.63838561999583,-46.6864210680136
11.121237993707867,-16.73946636235374,57.61762114061659,-11.121237993707867,83.26053363764626,157.6176211406166,88.87876200629213,-9.602936856769432,-2.7899110603922894,-1.0,0.4649851767320482,-1.6004894761282384,0.0,49.50956921862047,-53.78958237555583,59.392575795424484,-65.0959909133993,75.7614924203026,-46.819942003280325
11.21548577331556,-17.642419513938215,57.34758088789982,-11.21548577331556,82.35758048606178,157.34758088789982,88.78451422668444,-9.557930147983303,-2.9404032523230357,-1.0,0.4900672087205059,-1.5929883579972168,0.0,49.53001641439608,-53.85018286603668,59.477730207399524,-65.2527155715872,75.88064599130875,-46.95697931403815
11.309733552923255,-18.54101966249684,57.06339097770922,-11.309733552923255,81.45898033750316,157.06339097770922,88.69026644707674,-9.510565162951536,-3.0901699437494736,-1.0,0.5150283239582455,-1.5850941938252558,0.0,49.55244539931029,-53.913044571981594,59.56192205638247,-65.40894200748149,75.99577142173018,-47.09754579038227
11.403981332530948,-19.435045091888956,56.765121529652724,-11.403981332530948,80.56495490811105,156.76512152965273,88.59601866746905,-9.460853588275453,-3.2391741819814928,-1.0,0.5398623636635821,-1.5768089313792422,0.0,49.576838953848885,-53.97815579143435,59.645126722990035,-65.56464098109635,76.10679386700185,-47.24165367573153
11.498229112138642,-20.324275214717467,56.45284613725353,-11.498229112138642,79.67572478528254,156.45284613725352,88.50177088786135,-9.408807689542256,-3.3873792024529115,-1.0,0.5645632004088186,-1.5681346149237092,0.0,49.60317918265166,-54.04550415832407,59.72732002211553,-65.71978329312626,76.21363859716365,-47.38931461939554
11.592476891746337,-21.20849062675542,56.126641849792044,-11.592476891746337,78.79150937324458,156.12664184979204,88.40752310825366,-9.354440308298674,-3.53474843779257,-1.0,0.589124739632095,-1.5590733847164455,0.0,49.63144752458252,-54.115076652372785,59.80847821042572,-65.87433978435058,76.31623104731491,-47.54053962709523
11.68672467135403,-22.087473161080666,55.78658915329509,-11.68672467135403,77.91252683891933,155.7865891532951,88.31327532864597,-9.297764858882514,-3.6812455268467774,-1.0,0.6135409211411296,-1.549627476480419,0.0,49.66162476317511,-54.18685960933415,59.8885779937259,-66.02828133508805,76.41449687070934,-47.69533900940826
11.780972450961723,-22.96100594190537,55.432771950677214,-11.780972450961723,77.03899405809463,155.43277195067722,88.21902754903827,-9.238795325112868,-3.8268343236508953,-1.0,0.6378057206084824,-1.5397992208521447,0.0,49.69369103743727,-54.26083873154563,59.967596534183585,-66.18157886471555,76.50836199455955,-47.853722328114166
11.875220230569417,-23.828873438086813,55.065277541038874,-11.875220230569417,76.17112656191318,155.06527754103888,88.12477976943059,-9.177546256839813,-3.9714789063478024,-1.0,0.661913151057967,-1.5295910428066353,0.0,49.727625852998,-54.336999098775514,60.04551145740023,-66.33420333126428,76.59775267861744,-48.01569834041879
11.969468010177112,-24.690861516306512,54.684196598126725,-11.969468010177112,75.30913848369349,154.68419659812673,88.03053198982289,-9.114032766354454,-4.115143586051086,-1.0,0.6858572643418475,-1.5190054610590755,0.0,49.76340809358019,-54.415325179346155,60.12230085931989,-66.48612573110809,76.68259557659297,-48.18127494104242
12.063715789784805,-25.54675749390434,54.28962314796118,-12.063715789784805,74.45324250609566,154.28962314796118,87.93628421021519,-9.048270524660197,-4.2577929156507235,-1.0,0.7096321526084538,-1.508045087443366,0.0,49.8010160327818,-54.495800841514665,60.197943312963595,-66.63731709875758,76.76281780046973,-48.35045910216152
12.157963569392498,-26.396350191354884,53.881654545636955,-12.157963569392498,73.60364980864512,153.88165454563696,87.84203643060751,-8.980275757606158,-4.399391698559148,-1.0,0.7332319497598578,-1.496712626267693,0.0,49.840427346148715,-54.578409365091986,60.27241787497719,-66.78774850677524,76.83834698777117,-48.52325681119984
12.252211349000193,-27.2394299843728,53.46039145130207,-12.252211349000193,72.7605700156272,153.4603914513021,87.74778865099981,-8.910065241883679,-4.539904997395467,-1.0,0.7566508328992444,-1.4850108736472798,0.0,49.881619123521716,-54.66313345328088,60.34570409198075,-66.9373910658258,76.90911137182579,-48.69967300647134
12.346459128607886,-28.075788855634393,53.02593780532161,-12.346459128607886,71.92421114436561,153.0259378053216,87.65354087139211,-8.837656300886934,-4.679298142605733,-1.0,0.779883023767622,-1.472942716814489,0.0,49.92456788164059,-54.74995524471391,60.417782006706254,-67.08621592487701,76.9750398550731,-48.87971151068472
12.44070690821558,-28.905220446102902,52.57840080263182,-12.44070690821558,71.0947795538971,152.57840080263182,87.55929309178443,-8.763066800438637,-4.81753674101715,-1.0,0.8029227901695251,-1.4605111334064393,0.0,49.969249576987934,-54.838856325671905,60.48863216391088,-67.23419427156563,77.03606208544608,-49.06337496232727
12.534954687823273,-29.727520105944432,52.11789086629148,-12.534954687823273,70.27247989405556,152.11789086629148,87.46504531217673,-8.686315144381915,-4.954586684324072,-1.0,0.8257644473873453,-1.4477191907303189,0.0,50.0156396188555,-54.92981774246349,60.55823561605204,-67.38129733274381,77.09210853585745,-49.25066474495389
12.629202467430968,-30.542484945022252,51.64452162023663,-12.629202467430968,69.45751505497775,151.64452162023662,87.37079753256903,-8.607420270039439,-5.090414157503709,-1.0,0.8484023595839514,-1.434570045006573,0.0,50.063712882616166,-55.02282001394674,60.62657392871063,-67.52749637522132,77.14311058680879,-49.44158091441708
12.723450247038661,-31.34991388295691,51.15840986124555,-12.723450247038661,68.65008611704309,151.15840986124556,87.27654975296134,-8.526401643540925,-5.224985647159484,-1.0,0.8708309411932473,-1.4210669405901541,0.0,50.113443723184254,-55.11784314417344,60.69362918574825,-67.67276270671815,77.18900061213277,-49.636122124083066
12.817698026646354,-32.149607698739764,50.65967553012092,-12.817698026646354,67.85039230126023,150.65967553012092,87.18230197335365,-8.443279255020155,-5.358267949789961,-1.0,0.8930446582983268,-1.4072132091700256,0.0,50.16480598864803,-55.21486663513722,60.75938399418425,-67.81706767704358,77.22971206786761,-49.83428554809011
12.91194580625405,-32.94136907988789,50.14844168209622,-12.91194580625405,67.05863092011211,150.14844168209623,87.08805419374595,-8.358073613682704,-5.490228179981315,-1.0,0.9150380299968859,-1.3930122689471172,0.0,50.2177730340572,-55.31386949960663,60.82382148877784,-67.96038267951603,77.2651795842526,-50.0360668027167
13.006193585861743,-33.725002671127825,49.62483445647372,-13.006193585861743,66.27499732887217,149.6248344564737,86.99380641413826,-8.27080574274562,-5.620833778521304,-1.0,0.9368056297535505,-1.3784676237909366,0.0,50.27231773534984,-55.41483027402456,60.88692533630103,-68.10267915263944,77.29533906082126,-50.241459865939085
13.100441365469436,-34.500315122596696,49.08898304550142,-13.100441365469436,65.4996848774033,149.08898304550144,86.89955863453056,-8.181497174250238,-5.750052520432782,-1.0,0.958342086738797,-1.3635828623750395,0.0,50.32841250340263,-55.51772703145584,60.9486797394875,-68.24392858205039,77.32012776455524,-50.450456995270955
13.194689145077131,-35.26711513754838,48.54101966249685,-13.194689145077131,64.73288486245161,148.54101966249686,86.80531085492287,-8.090169943749475,-5.87785252292473,-1.0,0.9796420871541216,-1.3483616572915789,0.0,50.386029298188646,-55.62253739456475,61.00906944064252,-68.38410250275159,77.339484431049,-50.66304864399115
13.288936924684824,-36.025213519553034,47.98107950922544,-13.288936924684824,63.974786480446966,147.98107950922542,86.71106307531518,-7.996846584870907,-6.004202253258839,-1.0,1.0007003755431398,-1.332807764145151,0.0,50.445139643027915,-55.72923854860491,61.06807972489966,-68.52317250164518,77.35334936861972,-50.87922337588041
13.383184704292518,-36.77442321917857,47.40930074254143,-13.383184704292518,63.22557678082143,147.40930074254143,86.61681529570748,-7.9015501237569055,-6.129070536529762,-1.0,1.0215117560882936,-1.3169250206261507,0.0,50.50571463891588,-55.83780725440437,61.125696423109325,-68.66111022038089,77.36166456528105,-51.09896777860241
13.47743248390021,-37.514559380142295,46.8258244402998,-13.47743248390021,62.485440619857705,146.8258244402998,86.52256751609978,-7.8043040733833,-6.252426563357049,-1.0,1.0420710938928412,-1.300717345563883,0.0,50.567724978915464,-55.948219861328546,61.18190591434488,-68.79788735853242,77.3643737984829,-51.32226637588091
13.571680263507906,-38.24543938492136,46.23079456654737,-13.571680263507906,61.75456061507863,146.23079456654736,86.4283197364921,-7.705132427757895,-6.374239897486894,-1.0,1.0623733162478155,-1.284188737959649,0.0,50.63114096259889,-56.06045232020515,61.23669512801208,-68.93347567711548,77.36142274750105,-51.54910153864052
13.6659280431156,-38.96688289981099,45.62435793600188,-13.6659280431156,61.03311710018901,145.62435793600187,86.3340719568844,-7.604059656000313,-6.494480483301832,-1.0,1.0824134138836385,-1.267343276000052,0.0,50.69593251052613,-56.17448019619436,61.290051545548,-69.0678470024606,77.35275910834197,-51.77945339529613
13.760175822723292,-39.67871191941909,45.006664177827595,-13.760175822723292,60.32128808058092,145.0066641778276,86.2398241772767,-7.5011106963045995,-6.613118653236514,-1.0,1.1021864422060856,-1.2501851160507664,0.0,50.762069178746984,-56.29027868158923,61.34196320169592,-69.20097323045285,77.33833271100852,-52.01329974139329
13.854423602330987,-40.380750810586385,44.3778656987166,-13.854423602330987,59.61924918941362,144.3778656987166,86.14557639766902,-7.396310949786099,-6.730125135097731,-1.0,1.1216875225162883,-1.2327184916310163,0.0,50.82952017331462,-56.40782260853088,61.39241868534299,-69.33282633115053,77.31809563895153,-52.25061594882011
13.94867138193868,-41.072826355721304,43.7381176452847,-13.94867138193868,58.927173644278696,143.73811764528472,86.05132861806132,-7.289686274214118,-6.845471059286884,-1.0,1.1409118432144805,-1.2149477123690196,0.0,50.89825436479895,-56.52708646162419,61.44140713990811,-69.46337835379354,77.29200235051117,-52.49137487482934
14.042919161546374,-41.75476779553884,43.087577865791346,-14.042919161546374,58.24523220446116,143.08757786579133,85.95708083845362,-7.181262977631891,-6.959127965923139,-1.0,1.1598546609871898,-1.1968771629386485,0.0,50.96824030278854,-56.6480443904395,61.488918263268395,-69.59260143221216,77.26000980212959,-52.735546771128575
14.137166941154069,-42.426406871192846,42.42640687119285,-14.137166941154069,57.573593128807154,142.42640687119285,85.86283305884594,-7.0710678118654755,-7.071067811865475,-1.0,1.178511301977579,-1.1785113019775793,0.0,51.03944623037063,-56.770670221887386,61.534942307212326,-69.72046779064543,77.22207757309418,-52.98309919331493
14.231414720761762,-43.087577865791324,41.75476779553887,-14.231414720761762,56.91242213420868,141.75476779553887,85.76858527923824,-6.959127965923145,-7.181262977631887,-1.0,1.1968771629386477,-1.1598546609871907,0.0,51.11184009857913,-56.89493747245287,61.5794700764096,-69.84694974997801,77.17816799154713,-53.23399691094993
14.325662500369456,-43.73811764528468,41.07282635572133,-14.325662500369456,56.26188235471532,141.07282635572133,85.67433749963054,-6.845471059286888,-7.289686274214113,-1.0,1.2149477123690189,-1.1409118432144814,0.0,51.18538958080148,-57.02081936027731,61.62249292688778,-69.97201973440323,77.12824626147294,-53.48820181858975
14.419910279977149,-44.37786569871657,40.38075081058642,-14.419910279977149,55.622134301283424,140.38075081058642,85.58008972002285,-6.730125135097737,-7.396310949786095,-1.0,1.2327184916310157,-1.1216875225162892,0.0,51.260062087135175,-57.14828881707556,61.664002764006746,-70.09565027851869,77.07228059035275,-53.745672848103865
14.514158059584844,-45.00666417782755,39.67871191941913,-14.514158059584844,54.99333582217245,139.67871191941913,85.48584194041516,-6.613118653236522,-7.501110696304592,-1.0,1.2501851160507653,-1.1021864422060867,0.0,51.33582477868624,-57.27731849987744,61.703992039923456,-70.21781403486047,77.01024231714857,-54.00636588263494
14.608405839192537,-45.624357936001836,38.96688289981105,-14.608405839192537,54.37564206399817,138.96688289981105,85.39159416080746,-6.494480483301841,-7.604059656000306,-1.0,1.267343276000051,-1.08241341388364,0.0,51.41264458180142,-57.4078808025827,61.7424537505402,-70.33848378187983,76.94210604025795,-54.27023367256987
14.70265361880023,-46.23079456654733,38.24543938492141,-14.70265361880023,53.76920543345267,138.2454393849214,85.29734638119977,-6.374239897486902,-7.7051324277578885,-1.0,1.284188737959648,-1.0623733162478168,0.0,51.49048820222801,-57.53994786731935,61.77938143193055,-70.45763243236607,76.867849745054,-54.53722575391016
14.796901398407925,-46.825824440299776,37.51455938014232,-14.796901398407925,53.174175559700224,137.51455938014232,85.20309860159207,-6.252426563357054,-7.804304073383296,-1.0,1.3007173455638825,-1.0420710938928424,0.0,51.56932213919378,-57.673491595595756,61.81476915623891,-70.57523304231724,76.7874549306036,-54.807288369445615
14.891149178015619,-47.40930074254141,36.77442321917861,-14.891149178015619,52.59069925745858,136.7744232191786,85.10885082198438,-6.129070536529769,-7.901550123756902,-1.0,1.3169250206261502,-1.0215117560882947,0.0,51.64911269940214,-57.80848365923756,61.848611527050316,-70.69125882025925,76.70090673513236,-55.08036439315165
14.985396957623312,-47.98107950922542,36.02521351955307,-14.985396957623312,52.01892049077458,136.02521351955306,85.01460304237669,-6.004202253258844,-7.9968465848709025,-1.0,1.3328077641451503,-1.0007003755431407,0.0,51.72982601093678,-57.944895511101,61.880903674228996,-70.80568313701258,76.60819405978303,-55.356393258244246
15.079644737231007,-48.54101966249684,35.267115137548394,-15.079644737231007,51.45898033750315,135.2671151375484,84.920355262769,-5.877852522924733,-8.090169943749473,-1.0,1.3483616572915789,-0.979642087154122,0.0,51.81142803707115,-58.082698395554814,61.9116412482252,-70.9184795359044,76.50930969019326,-55.63531088933943
15.1738925168387,-49.0889830455014,34.50031512259672,-15.1738925168387,50.9110169544986,134.5003151225967,84.8261074831613,-5.750052520432787,-8.181497174250232,-1.0,1.3635828623750388,-0.9583420867387977,0.0,51.893884589978796,-58.22186335872329,61.94082041385142,-71.0296217434221,76.40425041539758,-55.91704963917559
15.268140296446393,-49.62483445647371,33.72500267112785,-15.268140296446393,50.3751655435263,133.72500267112784,84.73185970355361,-5.620833778521308,-8.270805742745617,-1.0,1.3784676237909361,-0.9368056297535513,0.0,51.97716134434089,-58.36236125848393,61.96843784353099,-71.13908368030303,76.29301714354125,-56.20153823036557
15.362388076054087,-50.148441682096205,32.94136907988792,-15.362388076054087,49.8515583179038,132.94136907988792,84.63761192394591,-5.490228179981321,-8.3580736136827,-1.0,1.3930122689471167,-0.9150380299968867,0.0,52.0612238508478,-58.50416277421338,61.99449071002304,-71.24683947305343,76.17561501387553,-56.48870170265287
15.456635855661782,-50.65967553012089,32.14960769873982,-15.456635855661782,49.340324469879114,132.14960769873983,84.54336414433821,-5.35826794978997,-8.443279255020148,-1.0,1.4072132091700247,-0.8930446582983282,0.0,52.14603754959233,-58.647238416276146,62.01897667862972,-71.35286346588818,76.05205350449096,-56.778461366150495
15.550883635269475,-51.15840986124552,31.34991388295696,-15.550883635269475,48.84159013875449,131.34991388295697,84.44911636473053,-5.224985647159493,-8.52640164354092,-1.0,1.421066940590153,-0.8708309411932489,0.0,52.23156778335244,-58.79155853525077,62.04189389889367,-71.45713023308069,75.92234653523138,-57.07073476104307
15.645131414877168,-51.644521620236596,30.542484945022313,-15.645131414877168,48.3554783797634,130.54248494502232,84.35486858512283,-5.0904141575037185,-8.607420270039434,-1.0,1.4345700450065721,-0.848402359583953,0.0,52.317779810761834,-58.93709333088913,62.0632409957945,-71.5596145917116,75.78651256522308,-57.365435624231715
15.739379194484863,-52.11789086629147,29.727520105944468,-15.739379194484863,47.88210913370853,129.72752010594448,84.26062080551513,-4.954586684324077,-8.686315144381911,-1.0,1.4477191907303184,-0.8257644473873462,0.0,52.40463881936754,-59.08381286080453,62.08301706045562,-71.66029161480236,75.64457468444573,-57.662473863397096
15.833626974092557,-52.578400802631805,28.905220446102938,-15.833626974092557,47.4215991973682,128.90522044610293,84.16637302590745,-4.817536741017156,-8.763066800438633,-1.0,1.460511133406439,-0.802922790169526,0.0,52.49210993857347,-59.2316870488853,62.10122164037411,-71.75913664481854,75.4965606987689,-57.961755538949035
15.92787475370025,-53.0259378053216,28.07578885563443,-15.92787475370025,46.97406219467841,128.0757888556344,84.07212524629975,-4.679298142605738,-8.837656300886932,-1.0,1.4729427168144886,-0.7798830237676229,0.0,52.58015825246996,-59.38068569343046,62.11785472918805,-71.85612530752579,75.34250320787731,-58.26318285431927
16.022122533307943,-53.46039145130205,27.239429984372837,-16.022122533307943,46.53960854869795,127.23942998437283,83.97787746669206,-4.539904997395473,-8.910065241883675,-1.0,1.4850108736472791,-0.7566508328992454,0.0,52.66874881254917,-59.530778475005306,62.13291675599761,-71.95123352618006,75.18243967551167,-58.56665415504067
16.116370312915638,-53.881654545636934,26.39635019135492,-16.116370312915638,46.11834545436307,126.39635019135491,83.88362968708437,-4.399391698559153,-8.980275757606154,-1.0,1.4967126262676924,-0.7332319497598587,0.0,52.75784665030722,-59.68193496401433,62.146408574257705,-72.04443753603167,75.01641249145953,-58.872063937036756
16.210618092523333,-54.28962314796116,25.546757493904373,-16.210618092523333,45.710376852038834,125.54675749390438,83.78938190747667,-4.257792915650729,-9.048270524660193,-1.0,1.5080450874433655,-0.7096321526084547,0.0,52.847416789733366,-59.83412462799014,62.158331450262445,-72.13571389912099,74.84446902474117,-59.17930286452376
16.304865872131025,-54.684196598126704,24.690861516306548,-16.304865872131025,45.315803401873296,124.69086151630654,83.69513412786898,-4.115143586051091,-9.11403276635445,-1.0,1.519005461059075,-0.6858572643418485,0.0,52.93742425968794,-59.987316838597,62.16868705124202,-72.22503951934273,74.66666166745284,-59.48825779790106
16.39911365173872,-55.06527754103885,23.828873438086863,-16.39911365173872,44.93472245896115,123.82887343808686,83.60088634826128,-3.9714789063478104,-9.17754625683981,-1.0,1.5295910428066348,-0.6619131510579683,0.0,53.027834106170005,-60.14148087834829,62.177477433095504,-72.31239165775361,74.48304786874789,-59.79881183197545
16.49336143134641,-55.43277195067719,22.961005941905416,-16.49336143134641,44.56722804932281,122.96100594190541,83.50663856865359,-3.826834323650903,-9.238795325112864,-1.0,1.539799220852144,-0.6378057206084837,0.0,53.11861140447697,-60.29658594703739,62.18470502778434,-72.39774794809624,74.29369015846233,-60.110844344830376
16.587609210954106,-55.78658915329507,22.087473161080712,-16.587609210954106,44.21341084670493,122.08747316108071,83.4123907890459,-3.6812455268467854,-9.29776485888251,-1.0,1.5496274764804183,-0.6135409211411308,0.0,53.209721271257656,-60.45260116788231,62.19037263041232,-72.48108641251223,74.09865615992028,-60.42423105761296
16.6818569905618,-56.12664184979204,21.208490626755445,-16.6818569905618,43.87335815020796,121.20849062675545,83.3181430094382,-3.534748437792574,-9.354440308298672,-1.0,1.5590733847164453,-0.5891247396320957,0.0,53.3011288764614,-60.60949559338425,62.19448338601997,-72.5623854774143,73.89801859148771,-60.738844105469354
16.776104770169493,-56.452846137253516,20.324275214717527,-16.776104770169493,43.547153862746484,120.32427521471753,83.2238952298305,-3.3873792024529212,-9.408807689542252,-1.0,1.5681346149237085,-0.5645632004088202,0.0,53.392799455185184,-60.76723821090115,62.19704077612248,-72.64162398948707,73.69185525648219,-61.05455211981267
16.870352549777188,-56.76512152965271,19.43504509188899,-16.870352549777188,43.23487847034729,119.435045091889,83.12964745022282,-3.2391741819814985,-9.460853588275452,-1.0,1.576808931379242,-0.539862363663583,0.0,53.48469831942197,-60.92579794793736,62.19804860502131,-72.71878123178486,73.48024902108853,-61.37122032205849
16.964600329384883,-57.06339097770921,18.54101966249685,-16.964600329384883,42.936609022290796,118.54101966249685,83.03539967061512,-3.090169943749475,-9.510565162951535,-1.0,1.5850941938252558,-0.5150283239582458,0.0,53.57679086971213,-61.085143677151244,62.19751098592153,-72.79383693989303,73.26328777997765,-61.68871062890889
17.058848108992574,-57.347580887899795,17.642419513938272,-17.058848108992574,42.652419112100205,117.64241951393828,82.94115189100742,-2.9404032523230454,-9.5579301479833,-1.0,1.5929883579972164,-0.4900672087205076,0.0,53.66904260670147,-61.2452442210825,62.195432326887136,-72.86677131811956,73.0410644093766,-62.006881769210935
17.15309588860027,-57.61762114061658,16.739466362353774,-17.15309588860027,42.38237885938342,116.73946636235377,82.84690411139974,-2.7899110603922956,-9.60293685676943,-1.0,1.6004894761282382,-0.4649851767320492,0.0,53.76141914260836,-61.40606835660164,62.191817316668576,-72.93756505568183,72.8136767073936,-62.32558941235582
17.247343668207964,-57.87344510746788,15.832382997922394,-17.247343668207964,42.12655489253212,115.8323829979224,82.75265633179204,-2.6387304996537324,-9.64557418457798,-1.0,1.6075956974296632,-0.4397884166089554,0.0,53.85388621260298,-61.56758481908459,62.186670910436945,-73.00619934285271,72.58122732146013,-62.64468630812309
17.341591447815656,-58.11498966771786,14.921393229891315,-17.341591447815656,41.885010332282135,114.92139322989132,82.65840855218434,-2.4868988716485525,-9.685831611286309,-1.0,1.6143052685477182,-0.4144831452747587,0.0,53.94640968610176,-61.72976230631501,62.17999831546006,-73.07265588703055,72.34382366281427,-62.96402243781245
17.43583922742335,-58.342195223860585,14.006721831354357,-17.43583922742335,41.657804776139415,114.00672183135435,82.56416077257666,-2.3344536385590593,-9.723699203976764,-1.0,1.6206165339961274,-0.3890756064265099,0.0,54.03895557797982,-61.8925694821184,62.171804976757116,-73.13691692869573,72.10157780801379,-63.283445176439265
17.530087007031046,-58.55500571632484,13.088594483792566,-17.530087007031046,41.44499428367516,113.08859448379256,82.46991299296896,-2.1814324139654278,-9.759167619387473,-1.0,1.6265279365645788,-0.3635720689942379,0.0,54.13149005970454,-62.055974979731,62.162096562767594,-73.19896525721728,71.8546063875357,-63.60279946570495
17.624334786638737,-58.75336863730594,12.167237721390793,-17.624334786638737,41.24663136269406,112.16723772139079,82.37566521336126,-2.027872953565132,-9.792228106217657,-1.0,1.6320380177029425,-0.3379788255941887,0.0,54.22397947039287,-62.21994740490829,62.15087895107216,-73.258784226472,71.60303046158617,-63.92192799738745
17.718582566246432,-58.937235043721316,11.242878875143502,-17.718582566246432,41.062764956278684,111.2428788751435,82.28141743375357,-1.8738131458572502,-9.822872507286887,-1.0,1.6371454178811475,-0.3123021909762083,0.0,54.31639032779558,-62.38445533877719,62.138158214202186,-73.31635777023924,71.3469753833169,-64.24067140673046
17.812830345854128,-59.10655956928643,10.315746016764574,-17.812830345854128,40.89344043071357,110.31574601676458,82.18716965414588,-1.7192910027940957,-9.851093261547739,-1.0,1.641848876924623,-0.2865485004656826,0.0,54.40868933921065,-62.54946734043666,62.12394060557513,-73.37167041733383,71.08657064971327,-64.55886847534472
17.90707812546182,-59.26130043570826,9.386067902413885,-17.90707812546182,40.73869956429174,109.38606790241388,82.09292187453818,-1.5643446504023142,-9.876883405951377,-1.0,1.6461472343252292,-0.2607241084003857,0.0,54.50084341232885,-62.71495194931204,62.10823254559292,-73.42470730644047,70.82194974049179,-64.87635634307225
18.001325905069514,-59.40141946299345,8.454073916254972,-18.001325905069514,40.598580537006555,108.45407391625497,81.9986740949305,-1.4090123193758286,-9.900236577165575,-1.0,1.6500394295275957,-0.23483538656263808,0.0,54.59281966601336,-62.880877687268494,62.09104060794015,-73.47545420061316,70.5532499454139,-65.1929707282006
18.095573684677206,-59.52688207886867,7.519994013858299,-18.095573684677206,40.47311792113133,107.5199940138583,81.9044263153228,-1.2533323356430497,-9.921147013144777,-1.0,1.653524502190796,-0.20888872260717495,0.0,54.684585441016274,-63.047213060489014,62.072371506118316,-73.52389750140345,70.28061218049334,-65.50854615535702
18.1898214642849,-59.63765732731078,6.584058665462739,-18.1898214642849,40.36234267268922,106.58405866546273,81.8101785357151,-1.0973431109104563,-9.939609554551796,-1.0,1.6566015924252993,-0.18289051848507606,0.0,54.776108310633184,-63.21392656112378,62.05223208025204,-73.57002426258266,70.00418079364034,-65.82291619035541
18.284069243892596,-59.7337178761848,5.646498799110888,-18.284069243892596,40.2662821238152,105.64649879911089,81.71593075610741,-0.9410831331851479,-9.9556196460308,-1.0,1.6592699410051333,-0.1568471888641913,0.0,54.86735609129828,-63.3809866687164,62.0306292842023,-73.6138222034234,69.72410336035227,-66.13591368121764
18.378317023500287,-59.81504002398768,4.707545743670731,-18.378317023500287,40.18495997601232,104.70754574367074,81.62168297649971,-0.7845909572784551,-9.969173337331279,-1.0,1.6615288895552132,-0.1307651595464092,0.0,54.95829685312088,-63.54836185141469,62.00757017302086,-73.65527972150721,69.44053047012004,-66.44737100454333
18.472564803107982,-59.88160370569629,3.7674311717588416,-18.472564803107982,40.11839629430371,103.76743117175884,81.52743519689201,-0.6279051952931403,-9.980267284282716,-1.0,1.6633778807137858,-0.10465086588219004,0.0,55.04889893036487,-63.71602056697234,61.9830618907791,-73.69438590502608,69.1536155042792,-66.75712031635945
18.566812582715677,-59.933392497718195,2.8263870425785775,-18.566812582715677,40.066607502281805,102.82638704257857,81.43318741728433,-0.47106450709642955,-9.988898749619699,-1.0,1.6648164582699496,-0.07851075118273826,0.0,55.13913093187173,-63.883931263549314,61.957111658803065,-73.731130544547,68.86351440608647,-67.06499380654469
18.66106036232337,-59.97039362194389,1.8846455446877475,-18.66106036232337,40.0296063780561,101.88464554468774,81.33893963767663,-0.31410759078129125,-9.995065603657315,-1.0,1.665844267276219,-0.0523512651302152,0.0,55.22896175142754,-64.05206238031883,61.92972676434579,-73.76550414420983,68.57038544385175,-67.37082395589216
18.755308141931064,-59.992597948899636,0.9424390387092693,-18.755308141931064,40.007402051100364,100.94243903870927,81.24469185806893,-0.15707317311821153,-9.998766324816605,-1.0,1.666461054136101,-0.026178862186368588,0.0,55.31836057807432,-64.22038234788862,61.900914549725435,-73.79749793233101,68.27438896799787,-67.67444379484958
18.84955592153876,-60.0,7.34788079488412e-15,-18.84955592153876,39.99999999999999,100.00000000000001,81.15044407846125,-1.2246467991473533e-15,-10.0,-1.0,1.6666666666666665,-2.0410779985789218e-16,0.0,55.40729690636509,-64.3888595885454,61.87068240195778,-73.82710387138638,67.97568716295783,-67.97568716295784
18.94380370114645,-59.992597948899636,-0.9424390387092012,-18.94380370114645,40.00740205110036,99.0575609612908,81.05619629885355,0.15707317311820018,-9.998766324816605,-1.0,1.666461054136101,0.026178862186366697,0.0,55.4957405465622,-64.55746251633109,61.83903774290804,-73.85431466734906,67.67444379484962,-68.27438896799784
19.038051480754145,-59.9703936219439,-1.8846455446876795,-19.038051480754145,40.0296063780561,98.11535445531231,80.96194851924585,0.3141075907812799,-9.995065603657316,-1.0,1.6658442672762193,0.05235126513021332,0.0,55.58366163477755,-64.72615953696014,61.80598801998695,-73.8791237783595,67.37082395589219,-68.57038544385173
19.13229926036184,-59.9333924977182,-2.8263870425785362,-19.13229926036184,40.0666075022818,97.17361295742147,80.86770073963817,0.47106450709642267,-9.9888987496197,-1.0,1.6648164582699498,0.0785107511827371,0.0,55.67103064305313,-64.89491904758738,61.7715406974128,-73.90152542270746,67.0649938065447,-68.86351440608647
19.22654703996953,-59.88160370569629,-3.767431171758774,-19.22654703996953,40.11839629430371,96.23256882824123,80.77345296003047,0.627905195293129,-9.980267284282716,-1.0,1.6633778807137858,0.10465086588218817,0.0,55.757818389379906,-65.06370943643635,61.73570324805993,-73.92151458610704,66.75712031635948,-69.15361550427919
19.320794819577227,-59.815040023987684,-4.7075457436706625,-19.320794819577227,40.184959976012316,95.29245425632934,80.67920518042277,0.7845909572784437,-9.96917333733128,-1.0,1.6615288895552134,0.13076515954640727,0.0,55.84399604765217,-65.23249908229857,61.69848314591166,-73.93908702824874,66.44737100454336,-69.44053047012002
19.415042599184922,-59.7337178761848,-5.646498799110846,-19.415042599184922,40.266282123815195,94.35350120088916,80.58495740081509,0.941083133185141,-9.9556196460308,-1.0,1.6592699410051333,0.15684718886419016,0.0,55.92953515755442,-65.40125635391418,61.659887859133825,-73.9542392886142,66.13591368121767,-69.72410336035226
19.509290378792613,-59.63765732731079,-6.584058665462671,-19.509290378792613,40.362342672689216,93.41594133453732,80.49070962120739,1.0973431109104452,-9.939609554551797,-1.0,1.6566015924252995,0.18289051848507418,0.0,56.01440763437687,-65.56994960924504,61.61992484378247,-73.96696869154184,65.82291619035544,-70.00418079364032
19.60353815840031,-59.526882078868674,-7.519994013858231,-19.60353815840031,40.47311792113133,92.48000598614178,80.39646184159969,1.2533323356430384,-9.921147013144779,-1.0,1.6535245021907963,0.20888872260717306,0.0,56.09858577875565,-65.73854719465209,61.5786015381575,-73.97727335053345,65.50854615535704,-70.28061218049332
19.697785938008003,-59.40141946299345,-8.454073916254957,-19.697785938008003,40.59858053700655,91.54592608374504,80.302214061992,1.4090123193758262,-9.900236577165575,-1.0,1.6500394295275957,0.23483538656263767,0.0,56.18204228633243,-65.90701744398821,61.53592535781122,-73.98515217179525,65.19297072820062,-70.5532499454139
19.792033717615695,-59.261300435708264,-9.386067902413819,-19.792033717615695,40.73869956429174,90.61393209758619,80.2079662823843,1.564344650402303,-9.876883405951379,-1.0,1.6461472343252295,0.26072410840038385,0.0,56.264750257328416,-66.07532867761937,61.49190369121912,-73.99060485700745,64.87635634307226,-70.82194974049177
19.88628149722339,-59.10655956928644,-10.31574601676456,-19.88628149722339,40.89344043071357,89.68425398323544,80.1137185027766,1.7192910027940933,-9.85109326154774,-1.0,1.6418488769246231,0.2865485004656822,0.0,56.34668320602669,-66.24344920138624,61.446543896117,-73.9936319053206,64.55886847534472,-71.08657064971327
19.98052927683108,-58.93723504372133,-11.242878875143433,-19.98052927683108,41.06276495627867,88.75712112485657,80.01947072316892,1.873813145857239,-9.822872507286888,-1.0,1.637145417881148,0.31230219097620643,0.0,56.42781507015586,-66.41134730551977,61.39985329650729,-73.9942346145778,64.24067140673048,-71.34697538331687
20.074777056438776,-58.753368637305954,-12.167237721390727,-20.074777056438776,41.246631362694046,87.83276227860927,79.92522294356122,2.027872953565121,-9.792228106217658,-1.0,1.632038017702943,0.3379788255941868,0.0,56.50812022016831,-66.5789912635236,61.35183918033411,-73.99241508176543,63.92192799738748,-71.60303046158616
20.16902483604647,-58.55500571632485,-13.088594483792523,-20.16902483604647,41.44499428367515,86.91140551620748,79.83097516395352,2.1814324139654206,-9.759167619387476,-1.0,1.626527936564579,0.3635720689942367,0.0,56.58757346840487,-66.74634933103752,61.30250879782512,-73.98817620269617,63.60279946570497,-71.85460638753568
20.263272615654163,-58.34219522386061,-14.006721831354291,-20.263272615654163,41.6578047761394,85.9932781686457,79.73672738434584,2.3344536385590486,-9.723699203976768,-1.0,1.6206165339961278,0.38907560642650807,0.0,56.666150078137406,-66.91338974469618,61.251869360495384,-73.9815216709313,63.28344517643929,-72.10157780801379
20.357520395261858,-58.11498966771788,-14.92139322989125,-20.357520395261858,41.88501033228212,85.07860677010875,79.64247960473814,2.4868988716485414,-9.685831611286313,-1.0,1.6143052685477186,0.4144831452747569,0.0,56.74382577248028,-67.08008072099734,61.19992804080676,-73.97245597595087,62.964022437812474,-72.34382366281424
20.451768174869553,-57.873445107467894,-15.832382997922355,-20.451768174869553,42.126554892532106,84.16761700207765,79.54823182513044,2.6387304996537257,-9.645574184577981,-1.0,1.6075956974296635,0.4397884166089543,0.0,56.82057674316098,-67.24639045519493,61.14669197247399,-73.96098440058245,62.64468630812309,-72.58122732146013
20.546015954477244,-57.6176211406166,-16.739466362353706,-20.546015954477244,42.382378859383394,83.26053363764629,79.45398404552276,2.7899110603922845,-9.602936856769432,-1.0,1.6004894761282387,0.46498517673204737,0.0,56.89637965913927,-67.41228712023216,61.09216825140627,-73.9471130177019,62.325589412355825,-72.81367670739358
20.64026373408494,-57.34758088789982,-17.64241951393821,-20.64026373408494,42.65241911210018,82.35758048606179,79.35973626591506,2.9404032523230352,-9.557930147983303,-1.0,1.5929883579972168,0.4900672087205058,0.0,56.9712116750641,-67.57773886573061,61.0363639372719,-73.93084868622056,62.00688176921095,-73.04106440937659
20.734511513692635,-57.06339097770922,-18.541019662496836,-20.734511513692635,42.93660902229079,81.45898033750316,79.26548848630736,3.0901699437494727,-9.510565162951536,-1.0,1.5850941938252558,0.5150283239582454,0.0,57.04505043955646,-67.74271381705083,60.979286055670904,-73.91219904637582,61.68871062890889,-73.26328777997765
20.828759293300326,-56.76512152965273,-19.435045091888927,-20.828759293300326,43.234878470347276,80.56495490811108,79.17124070669968,3.239174181981488,-9.460853588275455,-1.0,1.5768089313792424,0.5398623636635813,0.0,57.117874103306065,-67.90718007444163,60.92094160089911,-73.89117251434371,61.37122032205853,-73.48024902108851
20.92300707290802,-56.45284613725353,-20.324275214717467,-20.92300707290802,43.54715386274648,79.67572478528254,79.07699292709198,3.387379202452911,-9.408807689542256,-1.0,1.5681346149237092,0.5645632004088185,0.0,57.18966132696884,-68.0711057122943,60.861337539285515,-73.86777827619362,61.054552119812705,-73.69185525648216
21.017254852515716,-56.12664184979205,-21.208490626755406,-21.017254852515716,43.87335815020794,78.7915093732446,78.98274514748428,3.5347484377925675,-9.354440308298674,-1.0,1.5590733847164457,0.5891247396320946,0.0,57.26039128885191,-68.23445877851896,60.80048081308299,-73.84202628120711,60.738844105469376,-73.89801859148768
21.111502632123408,-55.7865891532951,-22.08747316108065,-21.111502632123408,44.21341084670491,77.91252683891935,78.8884973678766,3.6812455268467748,-9.297764858882516,-1.0,1.5496274764804192,0.6135409211411291,0.0,57.33004369237223,-68.39720729406037,60.738378344890876,-73.81392723458377,60.42423105761299,-74.09865615992027
21.205750411731103,-55.43277195067722,-22.961005941905352,-21.205750411731103,44.567228049322786,77.03899405809464,78.7942495882689,3.826834323650892,-9.23879532511287,-1.0,1.5397992208521447,0.637805720608482,0.0,57.3985987732739,-68.55931925257097,60.675037042587064,-73.78349258955913,60.1108443448304,-74.29369015846231
21.299998191338798,-55.065277541038874,-23.828873438086823,-21.299998191338798,44.93472245896113,76.17112656191318,78.7000018086612,3.971478906347804,-9.177546256839813,-1.0,1.5295910428066353,0.6619131510579672,0.0,57.46603730658975,-68.72076262025892,60.61046380474527,-73.75073453895986,59.79881183197546,-74.48304786874787
21.39424597094649,-54.68419659812673,-24.690861516306487,-21.39424597094649,45.31580340187327,75.30913848369352,78.60575402905351,4.115143586051081,-9.114032766354455,-1.0,1.5190054610590757,0.6858572643418468,0.0,57.532340613331115,-68.88150533592894,60.544665526512645,-73.71566600622364,59.48825779790108,-74.66666166745284
21.488493750554184,-54.28962314796118,-25.546757493904337,-21.488493750554184,45.71037685203882,74.45324250609566,78.51150624944582,4.257792915650723,-9.048270524660197,-1.0,1.508045087443366,0.7096321526084537,0.0,57.597490566890265,-69.04151531123475,60.477649105921635,-73.67830063591117,59.17930286452376,-74.84446902474117
21.582741530161876,-53.88165454563696,-26.39635019135486,-21.582741530161876,46.11834545436304,73.60364980864514,78.41725846983812,4.399391698559143,-8.980275757606162,-1.0,1.4967126262676933,0.7332319497598571,0.0,57.661469599138826,-69.20076043116097,60.409421450609315,-73.63865278373888,58.87206393703678,-75.0164124914595
21.67698930976957,-53.46039145130209,-27.239429984372777,-21.67698930976957,46.53960854869791,72.76057001562722,78.32301069023043,4.539904997395462,-8.91006524188368,-1.0,1.48501087364728,0.7566508328992437,0.0,57.72426070620579,-69.35920855475342,60.339989484916345,-73.59673750616194,58.5666541550407,-75.18243967551167
21.771237089377266,-53.02593780532162,-28.07578885563439,-21.771237089377266,46.97406219467838,71.92421114436561,78.22876291062273,4.679298142605732,-8.837656300886936,-1.0,1.472942716814489,0.7798830237676219,0.0,57.785847453917704,-69.51682751611585,60.26936015733735,-73.55257054953722,58.263182854319275,-75.34250320787731
21.865484868984957,-52.57840080263183,-28.905220446102877,-21.865484868984957,47.42159919736817,71.09477955389713,78.13451513101504,4.817536741017146,-8.76306680043864,-1.0,1.4605111334064398,0.8029227901695243,0.0,57.846213982884095,-69.67358512569211,60.197540448294504,-73.50616833889626,57.96175553894906,-75.49656069876889
21.959732648592652,-52.11789086629148,-29.72752010594443,-21.959732648592652,47.88210913370852,70.27247989405558,78.04026735140735,4.954586684324072,-8.686315144381915,-1.0,1.4477191907303189,0.8257644473873452,0.0,57.90534501321021,-69.82944917185236,60.12453737820459,-73.45754796635939,57.662473863397125,-75.64457468444571
22.053980428200347,-51.64452162023663,-30.542484945022252,-22.053980428200347,48.35547837976336,69.45751505497775,77.94601957179965,5.090414157503709,-8.607420270039439,-1.0,1.434570045006573,0.8484023595839514,0.0,57.96322584881992,-69.98438742280092,60.050358015810765,-73.40672717922106,57.36543562423173,-75.78651256522306
22.14822820780804,-51.15840986124555,-31.3499138829569,-22.14822820780804,48.841590138754455,68.6500861170431,77.85177179219195,5.2249856471594835,-8.526401643540925,-1.0,1.4210669405901541,0.8708309411932472,0.0,58.019842381370275,-70.13836762882546,59.97500948674958,-73.35372436773781,57.0707347610431,-75.92234653523136
22.242475987415734,-50.65967553012092,-32.149607698739764,-22.242475987415734,49.34032446987908,67.85039230126023,77.75752401258427,5.358267949789961,-8.443279255020155,-1.0,1.4072132091700256,0.8930446582983268,0.0,58.0751810937406,-70.29135752490417,59.8984989823239,-73.29855855264904,56.778461366150516,-76.05205350449094
22.33672376702343,-50.14844168209622,-32.941369079887885,-22.33672376702343,49.85155831790378,67.05863092011211,77.66327623297657,5.490228179981314,-8.358073613682704,-1.0,1.3930122689471172,0.9150380299968857,0.0,58.12922906307797,-70.44332483368987,59.82083376845255,-73.24124937246157,56.488701702652875,-76.17561501387553
22.43097154663112,-49.624834456473735,-33.7250026711278,-22.43097154663112,50.375165543526265,66.2749973288722,77.56902845336887,5.620833778521299,-8.270805742745623,-1.0,1.378467623790937,0.9368056297535498,0.0,58.18197396338127,-70.59423726888774,59.742021194767744,-73.18181707052793,56.20153823036558,-76.29301714354123
22.525219326238815,-49.08898304550142,-34.50031512259669,-22.525219326238815,50.91101695449858,65.49968487740331,77.47478067376119,5.7500525204327815,-8.181497174250238,-1.0,1.3635828623750395,0.9583420867387968,0.0,58.23340406760676,-70.74406253904462,59.66206870383162,-73.12028248194848,55.91704963917561,-76.40425041539758
22.61946710584651,-48.54101966249685,-35.26711513754838,-22.61946710584651,51.45898033750315,64.73288486245161,77.38053289415349,5.87785252292473,-8.090169943749476,-1.0,1.348361657291579,0.9796420871541216,0.0,58.28350824927762,-70.89276835176543,59.58098384044388,-73.05666702032663,55.635310889339436,-76.50930969019325
22.713714885454202,-47.98107950922545,-36.025213519553006,-22.713714885454202,52.01892049077455,63.974786480446994,77.28628511454579,6.004202253258835,-7.996846584870909,-1.0,1.3328077641451515,1.000700375543139,0.0,58.332275983580544,-71.04032241837403,59.49877426101268,-72.99099266440582,55.35639325824426,-76.60819405978302
22.807962665061897,-47.40930074254143,-36.77442321917857,-22.807962665061897,52.59069925745857,63.22557678082143,77.1920373349381,6.129070536529762,-7.9015501237569055,-1.0,1.3169250206261507,1.0215117560882936,0.0,58.37969734793313,-71.18669245903288,59.415447742961916,-72.92328194461665,55.08036439315167,-76.70090673513235
22.902210444669592,-46.825824440299805,-37.514559380142295,-22.902210444669592,53.174175559700195,62.485440619857705,77.09778955533041,6.252426563357049,-7.8043040733833005,-1.0,1.3007173455638832,1.0420710938928412,0.0,58.425763022006024,-71.33184620833721,59.33101219414852,-72.85355792956136,54.80728836944562,-76.78745493060362
22.996458224277283,-46.230794566547374,-38.245439384921355,-22.996458224277283,53.76920543345263,61.754560615078645,77.00354177572271,6.374239897486893,-7.705132427757896,-1.0,1.2841887379596493,1.0623733162478155,0.0,58.470464287184484,-71.47575142139674,59.24547566226413,-72.78184421246215,54.53722575391018,-76.867849745054
23.09070600388498,-45.624357936001886,-38.96688289981099,-23.09070600388498,54.37564206399811,61.03311710018901,76.90929399611503,6.494480483301832,-7.604059656000314,-1.0,1.2673432760000523,1.0824134138836385,0.0,58.51379302545474,-71.61837588041918,59.158846344196434,-72.70816489759919,54.270233672569894,-76.94210604025795
23.184953783492674,-45.00666417782758,-39.6787119194191,-23.184953783492674,54.993335822172426,60.3212880805809,76.81504621650733,6.613118653236517,-7.501110696304597,-1.0,1.250185116050766,1.102186442206086,0.0,58.55574171770144,-71.75968740180664,59.0711325953265,-72.63254458676292,54.00636588263493,-77.01024231714858
23.279201563100365,-44.37786569871661,-40.38075081058636,-23.279201563100365,55.62213430128339,59.61924918941364,76.72079843689963,6.730125135097728,-7.396310949786102,-1.0,1.232718491631017,1.121687522516288,0.0,58.59630344140302,-71.89965384377687,58.98234293873879,-72.55500836574434,53.74567284810388,-77.07228059035275
23.37344934270806,-43.7381176452847,-41.072826355721304,-23.37344934270806,56.261882354715304,58.927173644278696,76.62655065729194,6.845471059286884,-7.289686274214118,-1.0,1.2149477123690196,1.1409118432144805,0.0,58.63547186771334,-72.03824311451905,58.89248607432227,-72.47558179088591,53.48820181858976,-77.12824626147295
23.46769712231575,-43.08757786579137,-41.75476779553882,-23.46769712231575,56.912422134208626,58.24523220446118,76.53230287768424,6.959127965923137,-7.181262977631895,-1.0,1.196877162938649,1.1598546609871894,0.0,58.6732412579184,-72.17542318089285,58.80157088774168,-72.39429087571483,53.233996910949955,-77.17816799154713
23.561944901923447,-42.426406871192874,-42.426406871192825,-23.561944901923447,57.573593128807126,57.573593128807175,76.43805509807655,7.071067811865471,-7.071067811865479,-1.0,1.1785113019775797,1.1785113019775784,0.0,58.70960645925882,-72.31116207767882,58.709606459258836,-72.31116207767883,52.983099193314935,-77.2220775730942
23.65619268153114,-41.754767795538875,-43.087577865791324,-23.65619268153114,58.24523220446112,56.912422134208676,76.34380731846886,7.181262977631887,-6.9591279659231455,-1.0,1.1598546609871907,1.1968771629386477,0.0,58.744562900109386,-72.44542791738576,58.616602072385355,-72.22622228500411,52.7355467711286,-77.26000980212959
23.750440461138833,-41.072826355721354,-43.73811764528466,-23.750440461138833,58.927173644278646,56.26188235471534,76.24955953886116,7.28968627421411,-6.845471059286893,-1.0,1.140911843214482,1.2149477123690182,0.0,58.77810658450874,-72.57818890062,58.5225672223492,-72.13949880369331,52.49137487482936,-77.29200235051117
23.844688240746528,-40.38075081058642,-44.37786569871657,-23.844688240746528,59.61924918941359,55.62213430128343,76.15531175925346,7.396310949786095,-6.730125135097737,-1.0,1.1216875225162892,1.2327184916310157,0.0,58.81023408603379,-72.70941332702029,58.42751162435824,-72.05101934468038,52.250615948820105,-77.31809563895155
23.938936020354223,-39.678711919419136,-45.006664177827545,-23.938936020354223,60.32128808058086,54.993335822172455,76.06106397964578,7.5011106963045915,-6.613118653236523,-1.0,1.102186442206087,1.250185116050765,0.0,58.84094254101456,-72.83906960675887,58.33144522164544,-71.96081201115847,52.013299741393304,-77.33833271100852
24.033183799961915,-38.96688289981105,-45.624357936001836,-24.033183799961915,61.03311710018895,54.375642063998164,75.96681620003808,7.604059656000306,-6.494480483301841,-1.0,1.08241341388364,1.267343276000051,0.0,58.87022964108731,-72.9671262726099,58.2343781932813,-71.86890528609494,51.779453395296144,-77.35275910834196
24.12743157956961,-38.24543938492141,-46.23079456654733,-24.12743157956961,61.754560615078596,53.76920543345267,75.87256842043038,7.7051324277578885,-6.374239897486902,-1.0,1.0623733162478168,1.284188737959648,0.0,58.89809362508538,-73.09355199258248,58.136320961740424,-71.77532801994698,51.54910153864055,-77.36142274750104
24.221679359177305,-37.514559380142344,-46.825824440299755,-24.221679359177305,62.48544061985766,53.174175559700245,75.7783206408227,7.8043040733832925,-6.252426563357058,-1.0,1.0420710938928428,1.3007173455638819,0.0,58.92453327026852,-73.21831558311503,58.03728420020963,-71.68010941859016,51.32226637588094,-77.3643737984829
24.315927138784996,-36.77442321917863,-47.40930074254139,-24.315927138784996,63.22557678082138,52.59069925745861,75.684072861215,7.901550123756898,-6.129070536529771,-1.0,1.0215117560882951,1.3169250206261496,0.0,58.949547882894244,-73.34138602282573,57.93727883962707,-71.58327903147033,51.09896777860243,-77.36166456528105
24.41017491839269,-36.02521351955309,-47.981079509225395,-24.41017491839269,63.974786480446916,52.018920490774605,75.5898250816073,7.996846584870899,-6.004202253258848,-1.0,1.0007003755431412,1.3328077641451497,0.0,58.97313728813594,-73.46273246681116,57.836316075441985,-71.48486673998937,50.87922337588042,-77.35334936861973
24.504422698000386,-35.267115137548394,-48.54101966249684,-24.504422698000386,64.73288486245161,51.45898033750316,75.49557730199962,8.090169943749473,-5.877852522924733,-1.0,0.979642087154122,1.3483616572915789,0.0,58.99530181935464,-73.58232426148398,57.734407374086175,-71.38490274613272,50.66304864399116,-77.339484431049
24.598670477608078,-34.50031512259677,-49.088983045501365,-24.598670477608078,65.49968487740324,50.911016954498635,75.40132952239192,8.181497174250227,-5.750052520432795,-1.0,0.9583420867387991,1.3635828623750377,0.0,59.016042306733716,-73.70013095993833,57.63156447914928,-71.28341756134655,50.45045699527096,-77.32012776455525
24.692918257215773,-33.725002671127854,-49.6248344564737,-24.692918257215773,66.27499732887215,50.3751655435263,75.30708174278422,8.270805742745615,-5.620833778521309,-1.0,0.9368056297535514,1.378467623790936,0.0,59.03536006528773,-73.81612233782921,57.52779941725096,-71.18044199567066,50.241459865939085,-77.29533906082126
24.787166036823468,-32.94136907988793,-50.148441682096205,-24.787166036823468,67.05863092011208,49.851558317903795,75.21283396317654,8.3580736136827,-5.4902281799813215,-1.0,0.9150380299968868,1.3930122689471167,0.0,59.05325688225827,-73.93026840975055,57.4231245036038,-71.07600714713288,50.03606680271669,-77.2651795842526
24.88141381643116,-32.14960769873983,-50.65967553012089,-24.88141381643116,67.85039230126017,49.34032446987911,75.11858618356884,8.443279255020148,-5.358267949789971,-1.0,0.8930446582983285,1.4072132091700247,0.0,59.069735003912996,-74.04253944609411,57.31755234726211,-70.97014439140843,49.83428554809011,-77.22971206786761
24.975661596038854,-31.34991388295696,-51.15840986124552,-24.975661596038854,68.65008611704303,48.84159013875448,75.02433840396114,8.52640164354092,-5.224985647159493,-1.0,0.8708309411932489,1.421066940590153,0.0,59.08479712176485,-74.15290599036965,57.21109585605193,-70.86288537174809,49.63612212408307,-77.18900061213279
25.069909375646546,-30.542484945022313,-51.644521620236596,-25.069909375646546,69.45751505497769,48.355478379763404,74.93009062435345,8.607420270039434,-5.0904141575037185,-1.0,0.848402359583953,1.4345700450065721,0.0,59.09844635823202,-74.26133887696427,57.10376824117962,-70.7542619891772,49.4415809144171,-77.14311058680879
25.16415715525424,-29.727520105944492,-52.117890866291454,-25.16415715525424,70.27247989405551,47.882109133708546,74.83584284474576,8.686315144381908,-4.954586684324082,-1.0,0.825764447387347,1.447719190730318,0.0,59.11068625175992,-74.36780924931733,56.99558302151572,-70.64430639296647,49.25066474495391,-77.09210853585745
25.258404934861936,-28.905220446102962,-52.57840080263179,-25.258404934861936,71.09477955389704,47.42159919736821,74.74159506513806,8.763066800438631,-4.81753674101716,-1.0,0.8029227901695267,1.4605111334064385,0.0,59.121520741430494,-74.47228857848452,56.88655402755279,-70.53305097137537,49.06337496232729,-77.03606208544609
25.352652714469627,-28.075788855634453,-53.02593780532158,-25.352652714469627,71.92421114436554,46.97406219467842,74.64734728553037,8.83765630088693,-4.6792981426057425,-1.0,0.7798830237676236,1.4729427168144882,0.0,59.130954151084254,-74.57474868206334,56.77669540503599,-70.4205283426672,48.87971151068474,-76.9750398550731
25.446900494077322,-27.239429984372865,-53.460391451302044,-25.446900494077322,72.76057001562714,46.539608548697956,74.55309950592267,8.910065241883673,-4.539904997395477,-1.0,0.7566508328992462,1.4850108736472787,0.0,59.138991172984454,-74.67516174344983,56.66602161826587,-70.30677134639474,48.69967300647135,-76.90911137182579
25.541148273685018,-26.396350191354923,-53.881654545636934,-25.541148273685018,73.60364980864507,46.118345454363066,74.45885172631498,8.980275757606154,-4.399391698559153,-1.0,0.7332319497598588,1.4967126262676924,0.0,59.1456368510536,-74.77350033139452,56.55454745307393,-70.19181303495407,48.523256811199865,-76.83834698777117
25.63539605329271,-25.546757493904426,-54.289623147961144,-25.63539605329271,74.45324250609558,45.710376852038856,74.36460394670729,9.04827052466019,-4.257792915650738,-1.0,0.7096321526084562,1.5080450874433649,0.0,59.150896563715214,-74.86973741982374,56.44228801947147,-70.07568666540381,48.35045910216154,-76.76281780046975
25.729643832900404,-24.690861516306548,-54.684196598126704,-25.729643832900404,75.30913848369346,45.315803401873296,74.27035616709959,9.11403276635445,-4.115143586051092,-1.0,0.6858572643418486,1.519005461059075,0.0,59.15477600637548,-74.96384640789093,56.32925875397305,-69.958425691546,48.18127494104242,-76.68259557659299
25.8238916125081,-23.828873438086866,-55.06527754103885,-25.8238916125081,76.17112656191313,44.93472245896115,74.1761083874919,9.17754625683981,-3.9714789063478113,-1.0,0.6619131510579684,1.5295910428066348,0.0,59.15728117358105,-75.05580114021987,56.21547542159697,-69.8400637562643,48.0156983404188,-76.59775267861744
25.91813939211579,-22.96100594190542,-55.43277195067719,-25.91813939211579,77.03899405809457,44.56722804932281,74.08186060788421,9.238795325112864,-3.8268343236509033,-1.0,0.6378057206084838,1.539799220852144,0.0,59.158418340891764,-75.14557592730192,56.10095411754414,-69.72063468411477,47.85372232811417,-76.50836199455956
26.012387171723486,-22.087473161080716,-55.78658915329507,-26.012387171723486,77.91252683891929,44.21341084670493,73.98761282827651,9.29776485888251,-3.681245526846786,-1.0,0.6135409211411309,1.5496274764804183,0.0,59.15819404650807,-75.2331455660055,55.98571126855907,-69.60017247416316,47.695339009408265,-76.41449687070934
26.10663495133118,-21.20849062675547,-56.12664184979202,-26.10663495133118,78.79150937324454,43.87335815020798,73.89336504866881,9.35444030829867,-3.5347484377925786,-1.0,0.5891247396320964,1.5590733847164449,0.0,59.156615072694294,-75.31848536015734,55.86976363397525,-69.47871129306311,47.54053962709524,-76.31623104731493
26.200882730938872,-20.32427521471753,-56.45284613725351,-26.200882730938872,79.67572478528247,43.54715386274649,73.79911726906113,9.40880768954225,-3.387379202452922,-1.0,0.5645632004088202,1.5681346149237083,0.0,59.15368842704142,-75.40157114115118,55.75312830644891,-69.35628546836843,47.38931461939554,-76.21363859716365
26.295130510546567,-19.43504509188902,-56.765121529652696,-26.295130510546567,80.56495490811098,43.234878470347304,73.70486948945343,9.46085358827545,-3.2391741819815034,-1.0,0.5398623636635839,1.5768089313792415,0.0,59.149421323613076,-75.48237928854068,55.63582271238445,-69.23292948207211,47.24165367573155,-76.10679386700187
26.389378290154262,-18.541019662496854,-57.06339097770921,-26.389378290154262,81.45898033750315,42.93660902229079,73.61062170984573,9.510565162951535,-3.0901699437494754,-1.0,0.5150283239582459,1.5850941938252558,0.0,59.14382116402031,-75.56088675057062,55.5178646120558,-69.10867796436476,47.09754579038228,-75.9957714217302
26.483626069761954,-17.642419513938304,-57.34758088789979,-26.483626069761954,82.35758048606169,42.65241911210021,73.51637393023805,9.557930147983297,-2.9404032523230503,-1.0,0.4900672087205084,1.5929883579972162,0.0,59.13689551847134,-75.63707106460099,55.39927209942764,-68.98356568760454,46.95697931403815,-75.88064599130877
26.57787384936965,-16.739466362353777,-57.61762114061658,-26.57787384936965,83.26053363764622,42.38237885938342,73.42212615063035,9.60293685676943,-2.789911060392296,-1.0,0.4649851767320493,1.6004894761282382,0.0,59.128652106843774,-75.7109103773772,55.28006360168083,-68.85762756048977,46.819942003280325,-75.76149242030259
26.672121628977344,-15.832382997922398,-57.87344510746788,-26.672121628977344,84.1676170020776,42.12655489253212,73.32787837102265,9.64557418457798,-2.6387304996537333,-1.0,0.43978841660895546,1.6075956974296632,0.0,59.11909877982665,-75.7823834650992,55.16025787844677,-68.73089862242615,46.686421068013594,-75.63838561999584
26.766369408585035,-14.921393229891319,-58.11498966771786,-26.766369408585035,85.07860677010868,41.88501033228214,73.23363059141496,9.685831611286309,-2.486898871648553,-1.0,0.41448314527475877,1.6143052685477182,0.0,59.10824350018069,-75.85146975324241,55.03987402075477,-68.60341403807907,46.556403216885094,-75.51140052300109
26.86061718819273,-14.00672183135436,-58.342195223860585,-26.86061718819273,85.99327816864565,41.657804776139415,73.13938281180727,9.723699203976764,-2.33445363855906,-1.0,0.38907560642650996,1.6206165339961274,0.0,59.09609432416548,-75.91814933608305,54.91893144969753,-68.47520909210192,46.42987470072395,-75.38061204028841
26.95486496780042,-13.088594483792594,-58.555005716324835,-26.95486496780042,86.91140551620741,41.444994283675165,73.04513503219958,9.759167619387473,-2.181432413965432,-1.0,0.36357206899423866,1.6265279365645786,0.0,59.082659383181515,-75.98240299588026,54.79744991481908,-68.3463191840311,46.30682135403995,-75.24609502055779
27.049112747408117,-12.167237721390796,-58.75336863730594,-27.049112747408117,87.83276227860921,41.24663136269406,72.95088725259188,9.792228106217657,-2.0278729535651325,-1.0,0.33797882559418874,1.6320380177029425,0.0,59.06794686567627,-76.04421222166849,54.67544949223007,-68.21677982333728,46.18722863462116,-75.10792421187755
27.143360527015812,-11.242878875143528,-58.93723504372131,-27.143360527015812,88.75712112485647,41.06276495627869,72.85663947298418,9.822872507286885,-1.873813145857255,-1.0,0.31230219097620915,1.6371454178811473,0.0,59.05196499936159,-76.10355922761296,54.55295058245482,-68.08662662462392,46.07108166127267,-74.96617422551127
27.237608306623503,-10.31574601676463,-59.106559569286425,-27.237608306623503,89.68425398323537,40.893440430713575,72.7623916933765,9.851093261547737,-1.719291002794105,-1.0,0.28654850046568414,1.641848876924623,0.0,59.03472203379061,-76.16042697088285,54.42997390801515,-67.9558953029621,45.95836524973985,-74.82091950185517
27.3318560862312,-9.386067902413915,-59.26130043570825,-27.3318560862312,90.61393209758609,40.73869956429175,72.6681439137688,9.876883405951375,-1.5643446504023193,-1.0,0.2607241084003865,1.646147234325229,0.0,59.016226223340425,-76.21479916899693,54.30654051075501,-67.82462166935196,45.84906394686111,-74.67223427840828
27.426103865838893,-8.454073916254975,-59.40141946299345,-27.426103865838893,91.54592608374503,40.59858053700655,72.5738961341611,9.900236577165575,-1.409012319375829,-1.0,0.23483538656263817,1.6500394295275957,0.0,58.99648581064675,-76.26666031659761,54.182671748910956,-67.69284162630005,45.743162062995985,-74.52019255969807
27.520351645446585,-7.519994013858328,-59.52688207886866,-27.520351645446585,92.48000598614168,40.47311792113134,72.47964835455342,9.921147013144777,-1.2533323356430548,-1.0,0.20888872260717578,1.653524502190796,0.0,58.97550901053498,-76.31599570161094,54.058389293932336,-67.56059116350261,45.6406437027751,-74.36486808908491
27.61459942505428,-6.584058665462742,-59.63765732731078,-27.61459942505428,93.41594133453725,40.36234267268922,72.38540057494572,9.939609554551796,-1.0973431109104572,-1.0,0.18289051848507618,1.6566015924252993,0.0,58.95330399449115,-76.36279142075112,53.93371512705572,-67.4279063536234,45.541492794218954,-74.20633432236927
27.708847204661975,-5.6464987991108915,-59.7337178761848,-27.708847204661975,94.35350120088911,40.2662821238152,72.29115279533802,9.9556196460308,-0.9410831331851486,-1.0,0.1568471888641914,1.6592699410051333,0.0,58.929878875714664,-76.40703439432963,53.80867153563774,-67.29482334815667,45.445693116273276,-74.04466440312699
27.803094984269666,-4.707545743670734,-59.81504002398768,-27.803094984269666,95.29245425632926,40.18495997601232,72.19690501573034,9.969173337331279,-0.7845909572784557,-1.0,0.13076515954640927,1.6615288895552132,0.0,58.90524169479287,-76.44871238033151,53.68328110924986,-67.1613783733636,45.35322832480811,-73.87993113969868
27.89734276387736,-3.7674311717588456,-59.88160370569629,-27.89734276387736,96.23256882824116,40.11839629430371,72.10265723612264,9.980267284282716,-0.6279051952931409,-1.0,0.10465086588219015,1.6633778807137858,0.0,58.87940040603549,-76.4878139877226,53.55756673553937,-67.02760772627246,45.264081977128285,-73.71220698376092
27.991590543485056,-2.8263870425786077,-59.933392497718195,-27.991590543485056,97.1736129574214,40.066607502281805,72.00840945651494,9.988898749619699,-0.47106450709643466,-1.0,0.07851075118273909,1.6648164582699496,0.0,58.85236286450553,-76.52432868895387,53.431551595859936,-66.89354777073115,45.17823755504242,-73.54156401040835
28.085838323092748,-1.8846455446877513,-59.97039362194389,-28.085838323092748,98.11535445531224,40.02960637805611,71.91416167690726,9.995065603657315,-0.31410759078129186,-1.0,0.052351265130215305,1.665844267276219,0.0,58.82413681378024,-76.55824683163131,53.30525916067515,-66.7592349335021,45.09567848653738,-73.368073899677
28.180086102700443,-0.9424390387092995,-59.992597948899636,-28.180086102700443,99.0575609612907,40.007402051100364,71.81991389729956,9.998766324816605,-0.15707317311821656,-1.0,0.026178862186369427,1.666461054136101,0.0,58.794729874473944,-76.58955964932228,53.1787131847383,-66.6247057003889,45.0163881661046,-73.19180791944106
28.274333882308138,-1.1021821192326178e-14,-60.0,-28.274333882308138,99.99999999999999,40.0,71.72566611769186,10.0,-1.8369701987210296e-15,-1.0,3.0616169978683826e-16,1.6666666666666665,0.0,58.764149533551624,-76.61825927147149,53.0519377020514,-66.48999661238389,44.940349973764086,-73.01283690961704
28.36858166191583,0.9424390387091708,-59.992597948899636,-28.36858166191583,100.94243903870917,40.007402051100364,71.63141833808417,9.998766324816605,0.15707317311819513,-1.0,-0.026178862186365854,1.666461054136101,0.0,58.73240313446003,-76.64433873240267,52.924957020606456,-66.35514426182665,44.86754729283139,-72.83123126761079
28.462829441523525,1.8846455446876758,-59.9703936219439,-28.462829441523525,101.88464554468767,40.0296063780561,71.53717055847648,9.995065603657316,0.3141075907812793,-1.0,-0.052351265130213216,1.6658442672762193,0.0,58.69949786809971,-76.66779197938448,52.79779571691108,-66.2201852885628,44.79796352647165,-72.64706093494475
28.557077221131216,2.826387042578479,-59.9333924977182,-28.557077221131216,102.82638704257847,40.0666075022818,71.44292277886879,9.9888987496197,0.4710645070964132,-1.0,-0.07851075118273552,1.6648164582699498,0.0,58.66544076465919,-76.68861387974246,52.6704786303017,-66.08515637609324,44.73158211308466,-72.4603953850048
28.65132500073891,3.76743117175877,-59.88160370569629,-28.65132500073891,103.76743117175877,40.11839629430371,71.34867499926109,9.980267284282716,0.6279051952931283,-1.0,-0.10465086588218804,1.6633778807137858,0.0,58.63023868632901,-76.70680022700101,52.543030857045544,-65.95009424770316,44.66838654056336,-72.27130361184771
28.745572780346606,4.707545743670659,-59.815040023987684,-28.745572780346606,104.70754574367066,40.184959976012316,71.2544272196534,9.96917333733128,0.7845909572784432,-1.0,-0.1307651595464072,1.6615288895552134,0.0,58.59389832091087,-76.72234774604303,52.41547774423429,-65.8150356625615,44.60836035946761,-72.07985412001229
28.839820559954298,5.646498799110816,-59.733717876184805,-28.839820559954298,105.64649879911082,40.266282123815195,71.16017944004571,9.9556196460308,0.941083133185136,-1.0,-0.15684718886418933,1.6592699410051335,0.0,58.55642617633368,-76.73525409727739,52.28784488347057,-65.68001741178038,44.55148719515408,-71.88611491527875
28.934068339561993,6.584058665462668,-59.63765732731079,-28.934068339561993,106.58405866546266,40.36234267268921,71.06593166043801,9.939609554551797,1.0973431109104446,-1.0,-0.1828905184850741,1.6566015924252995,0.0,58.517828576085485,-76.74551787980784,52.16015810434922,-65.54507631442532,44.497750758901766,-71.69015349632383
29.028316119169688,7.5199940138582,-59.52688207886868,-29.028316119169688,107.5199940138582,40.47311792113132,70.97168388083031,9.921147013144779,1.2533323356430335,-1.0,-0.20888872260717223,1.6535245021907965,0.0,58.47811165556716,-76.75313863359914,52.0324434677345,-65.4102492134661,44.44713485807226,-71.4920368472193
29.12256389877738,8.454073916254902,-59.401419462993466,-29.12256389877738,108.4540739162549,40.598580537006534,70.87743610122263,9.900236577165577,1.409012319375817,-1.0,-0.23483538656263614,1.6500394295275962,0.0,58.43728135937056,-76.75811684064062,51.904727258834605,-65.27557297165961,44.39962340534189,-71.29183143072545
29.216811678385074,9.386067902413789,-59.26130043570827,-29.216811678385074,109.38606790241379,40.73869956429173,70.78318832161493,9.876883405951379,1.5643446504022982,-1.0,-0.260724108400383,1.6461472343252297,0.0,58.395343439480534,-76.76045392510895,51.77703598007446,-65.14108446735473,44.355200427042845,-71.08960318233123
29.31105945799277,10.315746016764557,-59.10655956928644,-29.31105945799277,110.31574601676456,40.89344043071356,70.68894054200723,9.85109326154774,1.7192910027940926,-1.0,-0.2865485004656821,1.6418488769246231,0.0,58.35230345439799,-76.76015225253563,51.6493963437675,-65.00682059021081,44.313850070648364,-70.88541750499566
29.40530723760046,11.242878875143404,-58.93723504372134,-29.40530723760046,111.2428788751434,41.06276495627866,70.59469276239955,9.82287250728689,1.873813145857234,-1.0,-0.31230219097620565,1.6371454178811482,0.0,58.30816676917687,-76.75721512798783,51.52183526458753,-64.87281823682049,44.27555661143679,-70.6793392645465
29.499555017208156,12.167237721390723,-58.753368637305954,-29.499555017208156,112.16723772139072,41.246631362694046,70.50044498279185,9.792228106217658,2.0278729535651205,-1.0,-0.33797882559418674,1.632038017702943,0.0,58.2629385563662,-76.75164679327342,51.39437985184062,-64.73911430622856,44.24030445836736,-70.47143278569406
29.59380279681585,13.088594483792521,-58.55500571632485,-29.59380279681585,113.08859448379252,41.44499428367515,70.40619720318415,9.759167619387476,2.18143241396542,-1.0,-0.36357206899423666,1.626527936564579,0.0,58.21662379784476,-76.74345242318415,51.26705740153801,-64.60574569533831,44.208078159200596,-70.26176184861997
29.688050576423542,14.006721831354287,-58.34219522386061,-29.688050576423542,114.00672183135428,41.65780477613939,70.31194942357646,9.723699203976768,2.3344536385590478,-1.0,-0.38907560642650796,1.6206165339961278,0.0,58.169227287533204,-76.7326381207941,51.13989538827008,-64.47274929419724,44.178862404894005,-70.05038968610184
29.782298356031237,14.921393229891244,-58.11498966771788,-29.782298356031237,114.92139322989124,41.88501033228212,70.21770164396877,9.685831611286313,2.486898871648541,-1.0,-0.41448314527475677,1.6143052685477186,0.0,58.12075363496619,-76.71921091183204,51.01292145688136,-64.3401619811541,44.1526420333035,-69.83737898113748
29.876546135638932,15.832382997922325,-57.8734451074679,-29.876546135638932,115.83238299792232,42.1265548925321,70.12345386436107,9.645574184577983,2.638730499653721,-1.0,-0.43978841660895346,1.6075956974296637,0.0,58.07120726970384,-76.7031787381501,50.886163413947116,-64.20802061787998,44.12940203221971,-69.62279186503288
29.970793915246624,16.739466362353703,-57.6176211406166,-29.970793915246624,116.73946636235371,42.3823788593834,70.02920608475338,9.602936856769432,2.789911060392284,-1.0,-0.46498517673204726,1.6004894761282387,0.0,58.02059244655991,-76.6845504503125,50.75964921905113,-64.07636204424537,44.109127541767045,-69.40668991592065
30.06504169485432,17.64241951393818,-57.347580887899824,-30.06504169485432,117.64241951393818,42.652419112100176,69.93495830514568,9.557930147983305,2.94040325232303,-1.0,-0.49006720872050497,1.5929883579972173,0.0,57.968913251621515,-76.66333579933081,50.633406975864844,-63.94522307304682,44.091803856193145,-69.18913415767675
30.159289474462014,18.541019662496833,-57.06339097770922,-30.159289474462014,118.54101966249684,42.93660902229078,69.84071052553799,9.510565162951536,3.0901699437494723,-1.0,-0.5150283239582454,1.5850941938252558,0.0,57.916173609032974,-76.63954542757449,50.50746492302765,-63.81464048457579,44.07741642507425,-68.97018505920471
30.253537254069705,19.4350450918889,-56.765121529652745,-30.253537254069705,119.4350450918889,43.234878470347255,69.7464627459303,9.460853588275457,3.239174181981483,-1.0,-0.5398623636635804,1.5768089313792428,0.0,57.862377288514345,-76.61319085888678,50.38185142482846,-63.684651021023356,44.06595085396229,-68.74990253405889
30.3477850336774,20.324275214717463,-56.45284613725353,-30.3477850336774,120.32427521471746,43.54715386274647,69.6522149663226,9.408807689542256,3.3873792024529106,-1.0,-0.5645632004088184,1.5681346149237092,0.0,57.807527913583655,-76.58428448793848,50.256594961687945,-63.555291380714564,44.05739290449762,-68.52834594037847
30.442032813285092,21.208490626755353,-56.12664184979207,-30.442032813285092,121.20849062675535,43.87335815020793,69.5579671867149,9.354440308298678,3.5347484377925587,-1.0,-0.5891247396320931,1.5590733847164462,0.0,57.75162897044929,-76.55283956885349,50.131724120441945,-63.4265982121666,44.05172849401102,-68.30557408110668
30.536280592892787,22.087473161080645,-55.7865891532951,-30.536280592892787,122.08747316108065,44.2134108467049,69.46371940710722,9.297764858882516,3.6812455268467743,-1.0,-0.613540921141129,1.5496274764804192,0.0,57.69468381753857,-76.51887020314119,50.007267584425584,-63.29860810796472,44.04894369463746,-68.08164520447004
30.630528372500482,22.96100594190535,-55.43277195067722,-30.630528372500482,122.96100594190534,44.56722804932278,69.36947162749952,9.23879532511287,3.8268343236508917,-1.0,-0.6378057206084818,1.5397992208521447,0.0,57.63669569562587,-76.48239132697306,49.88325412335816,-63.1713575984515,44.04902473196322,-67.85661700469419
30.724776152108173,23.8288734380868,-55.06527754103889,-30.724776152108173,123.8288734380868,44.93472245896111,69.27522384789182,9.177546256839815,3.9714789063477998,-1.0,-0.6619131510579666,1.5295910428066357,0.0,57.57766773852381,-76.44341869784019,49.75971258302893,-63.04488314522383,44.05195798322762,-67.63054662293447
30.81902393171587,24.690861516306484,-54.68419659812674,-30.81902393171587,124.69086151630648,45.31580340187326,69.18097606828414,9.114032766354455,4.11514358605108,-1.0,-0.6858572643418467,1.519005461059076,0.0,57.51760298429856,-76.40196888063184,49.63667187478398,-62.91922113443345,44.05772997509905,-67.40349064839982
30.913271711323564,25.54675749390431,-54.289623147961194,-30.913271711323564,125.54675749390431,45.710376852038806,69.08672828867644,9.048270524660198,4.257792915650718,-1.0,-0.709632152608453,1.5080450874433664,0.0,57.45650438697074,-76.35805923317355,49.51416096481438,-62.79440786988695,44.06632738104505,-67.1755051196507
31.007519490931255,26.396350191354855,-53.88165454563696,-31.007519490931255,126.39635019135486,46.11834545436304,68.99248050906874,8.980275757606162,4.399391698559143,-1.0,-0.7332319497598571,1.4967126262676933,0.0,57.39437482866169,-76.31170789126566,49.39220886324611,-62.67047956594149,44.07773701831492,-66.94664552605231
31.10176727053895,27.239429984372748,-53.4603914513021,-31.10176727053895,127.23942998437275,46.5396085486979,68.89823272946106,8.910065241883684,4.539904997395458,-1.0,-0.756650832899243,1.4850108736472805,0.0,57.33121713214502,-76.26293375326253,49.27084461303233,-62.54747234019277,44.09194584455293,-66.71696680936564
31.196015050146645,28.075788855634386,-53.02593780532162,-31.196015050146645,128.07578885563439,46.97406219467838,68.80398494985336,8.837656300886936,4.679298142605731,-1.0,-0.7798830237676218,1.472942716814489,0.0,57.26703407376272,-76.2117564642339,49.15009727864885,-62.42542220595266,44.108940954059314,-66.48652336546029
31.290262829754337,28.90522044610285,-52.578400802631855,-31.290262829754337,128.90522044610285,47.421599197368145,68.70973717024566,8.763066800438642,4.8175367410171415,-1.0,-0.8029227901695235,1.4605111334064402,0.0,57.20182839666487,-76.15819639974886,49.02999593459374,-62.30436506451386,44.12870957371603,-66.25536904613334
31.38451060936203,29.72752010594443,-52.11789086629149,-31.38451060936203,129.72752010594442,47.88210913370851,68.61548939063798,8.686315144381915,4.954586684324072,-1.0,-0.8257644473873452,1.447719190730319,0.0,57.135602824332175,-76.10227464932404,48.91056965369228,-62.184336697199704,44.15123905859287,-66.02355716102055
31.478758388969727,30.542484945022252,-51.64452162023664,-31.478758388969727,130.54248494502224,48.35547837976336,68.52124161103028,8.607420270039439,5.090414157503709,-1.0,-0.8484023595839514,1.4345700450065733,0.0,57.06836007434051,-76.04401299957685,48.791847495208735,-62.06537275719756,44.17651688725005,-65.79114047958625
31.573006168577418,31.3499138829569,-51.15840986124555,-31.573006168577418,131.3499138829569,48.84159013875445,68.42699383142258,8.526401643540925,5.2249856471594835,-1.0,-0.8708309411932472,1.4210669405901541,0.0,57.000102872327055,-75.98343391712388,48.67385849276695,-61.94750876117481,44.204530656751665,-65.5581712331797
31.667253948185113,32.14960769873976,-50.65967553012093,-31.667253948185113,132.14960769873977,49.34032446987907,68.3327460518149,8.443279255020155,5.35826794978996,-1.0,-0.8930446582983266,1.4072132091700258,0.0,56.93083396611793,-75.92056053126535,48.556631642081484,-61.83078008067688,44.23526807740478,-65.32470111714672
31.76150172779281,32.94136907988786,-50.14844168209624,-31.76150172779281,132.94136907988786,49.85155831790376,68.2384982722072,8.358073613682707,5.49022817998131,-1.0,-0.915038029996885,1.3930122689471178,0.0,56.86055613997798,-75.85541661649424,48.44019588850187,-61.71522193330749,44.26871696723801,-65.09078129298561
31.8557495074005,33.72500267112779,-49.62483445647374,-31.8557495074005,133.72500267112778,50.37516554352626,68.1442504925995,8.270805742745624,5.620833778521298,-1.0,-0.9368056297535496,1.3784676237909372,0.0,56.78927222894385,-75.78802657486959,48.324580114372814,-61.60086937369122,44.304865246233014,-64.8564623905383
31.949997287008195,34.50031512259667,-49.088983045501436,-31.949997287008195,134.50031512259667,50.911016954498564,68.05000271299181,8.18149717425024,5.750052520432778,-1.0,-0.9583420867387963,1.36358286237504,0.0,56.716985133202385,-75.71841541829144,48.20981312621328,-61.4877572842198,44.34370093032197,-64.62179451020735
32.044245066615886,35.26711513754834,-48.541019662496886,-32.044245066615886,135.26711513754833,51.458980337503114,67.95575493338411,8.090169943749482,5.877852522924723,-1.0,-0.9796420871541204,1.34836165729158,0.0,56.64369783247755,-75.6466087507146,48.095923641718,-61.37592036558368,44.38521212516349,-64.386827225191
32.138492846223585,36.02521351955303,-47.98107950922544,-32.138492846223585,136.02521351955303,52.01892049077456,67.86150715377642,7.996846584870907,6.004202253258838,-1.0,-1.0007003755431396,1.332807764145151,0.0,56.56941340038958,-75.57263275033702,47.982940276585346,-61.26539312709084,44.42938701970948,-64.15160958372894
32.232740625831276,36.77442321917857,-47.40930074254144,-32.232740625831276,136.77442321917857,52.59069925745856,67.76725937416873,7.901550123756906,6.1290705365297615,-1.0,-1.0215117560882936,1.316925020626151,0.0,56.49413501875193,-75.49651415179757,47.87089153117593,-61.15620987677575,44.4762138795743,-63.91619011135226
32.32698840543897,37.514559380142245,-46.82582444029983,-32.32698840543897,137.51455938014226,53.17417555970017,67.67301159456103,7.804304073383306,6.252426563357041,-1.0,-1.0420710938928401,1.300717345563884,0.0,56.417865991772125,-75.41828022841668,47.75980577700659,-61.048404711301686,44.525681040218096,-63.68061681313145
32.421236185046666,38.245439384921355,-46.230794566547374,-32.421236185046666,138.24543938492135,53.769205433452626,67.57876381495333,7.705132427757896,6.374239897486893,-1.0,-1.0623733162478155,1.2841887379596493,0.0,56.34060976012411,-75.33795877451227,47.64971124308493,-60.942011505660425,44.57777689995513,-63.44493717591754
32.51548396465436,38.96688289981098,-45.624357936001886,-32.51548396465436,138.96688289981097,54.375642063998114,67.48451603534565,7.604059656000314,6.494480483301831,-1.0,-1.0824134138836383,1.2673432760000523,0.0,56.26236991486174,-75.2555780878212,47.54063600209058,-60.837063902673655,44.63248991279807,-63.20919817057191
32.60973174426205,39.67871191941908,-45.0066641778276,-32.60973174426205,139.67871191941907,54.9933358221724,67.39026825573795,7.5011106963046,6.613118653236513,-1.0,-1.1021864422060854,1.2501851160507667,0.0,56.183150211143186,-75.17116695205627,47.43260795640867,-60.73359530230132,44.68980858114862,-62.9734462541803
32.70397952386975,40.380750810586406,-44.37786569871658,-32.70397952386975,140.3807508105864,55.62213430128342,67.29602047613025,7.396310949786097,6.730125135097734,-1.0,-1.121687522516289,1.232718491631016,0.0,56.10295458173853,-75.08475461962624,47.32565482402277,-60.63163885076268,44.749721448344715,-62.737727372248266
32.79822730347744,41.072826355721276,-43.738117645284724,-32.79822730347744,141.07282635572128,56.261882354715276,67.20177269652257,7.289686274214121,6.845471059286879,-1.0,-1.1409118432144798,1.21494771236902,0.0,56.0217871502943,-74.9963707945453,47.21980412427439,-60.531227429476345,44.812217091074295,-62.502086960875104
32.89247508308513,41.75476779553882,-43.08757786579137,-32.89247508308513,141.7547677955388,56.91242213420863,67.10752491691487,7.181262977631895,6.959127965923137,-1.0,-1.1598546609871894,1.196877162938649,0.0,55.939652244329366,-74.90604561555665,47.11508316349661,-60.4323936438262,44.87728411166524,-62.266569948903744
32.98672286269282,42.42640687119281,-42.4264068711929,-32.98672286269282,142.4264068711928,57.5735931288071,67.01327713730717,7.0710678118654835,7.071067811865468,-1.0,-1.178511301977578,1.1785113019775806,0.0,55.856554407939356,-74.8138096394937,47.01151902053045,-60.335169811760984,44.944911130260955,-62.031220760045535
33.08097064230052,43.08757786579132,-41.754767795538875,-33.08097064230052,143.08757786579133,58.245232204461125,66.91902935769949,6.9591279659231455,7.181262977631886,-1.0,-1.1968771629386477,1.1598546609871907,0.0,55.77249841418735,-74.71969382489996,46.909138532132495,-60.23958795223584,45.01508677689085,-61.79608331497799
33.17521842190821,43.73811764528464,-41.072826355721375,-33.17521842190821,143.73811764528463,58.927173644278625,66.82478157809179,6.845471059286896,7.289686274214107,-1.0,-1.2149477123690178,1.1409118432144827,0.0,55.68748927716103,-74.62372951592805,46.80796827828347,-60.14567977350424,45.087799683444565,-61.56120103341555
33.269466201515904,44.377865698716526,-40.380750810586456,-33.269466201515904,144.37786569871653,59.619249189413544,66.73053379848409,6.730125135097743,7.396310949786088,-1.0,-1.2327184916310145,1.1216875225162903,0.0,55.60153226367703,-74.52594842653576,46.70803456740735,-60.053476661270416,45.16303847555913,-61.32661683615218
33.3637139811236,45.006664177827545,-39.678711919419136,-33.3637139811236,145.00666417782753,60.321288080580864,66.6362860188764,6.613118653236523,7.5011106963045915,-1.0,-1.250185116050765,1.102186442206087,0.0,55.5146329046163,-74.42638262499618,46.609363421512086,-59.96300966671188,45.240791764427,-61.092373147077076
33.457961760731294,45.62435793600183,-38.966882899811054,-33.457961760731294,145.62435793600184,61.033117100188946,66.5420382392687,6.494480483301842,7.604059656000305,-1.0,-1.2673432760000507,1.0824134138836403,0.0,55.426797005873944,-74.32506451873684,46.511980561262284,-59.8743094943831,45.32104813853425,-60.85851189516299
33.552209540338986,46.23079456654729,-38.24543938492146,-33.552209540338986,146.23079456654727,61.75456061507854,66.44779045966101,6.37423989748691,7.705132427757881,-1.0,-1.2841887379596468,1.0623733162478182,0.0,55.33803065891069,-74.22202683952119,46.41591139099605,-59.78740649001172,45.40379615533637,-60.62507451642896
33.646457319946684,46.825824440299755,-37.51455938014235,-33.646457319946684,146.82582444029975,62.48544061985765,66.35354268005332,6.252426563357059,7.8043040733832925,-1.0,-1.3007173455638819,1.042071093892843,0.0,55.2483402508924,-74.11730262898502,46.32118098369789,-59.70233062819883,45.48902433288039,-60.39210195587824
33.740705099554376,47.40930074254138,-36.77442321917864,-33.740705099554376,147.40930074254138,63.22557678082136,66.25929490044562,6.129070536529772,7.9015501237568975,-1.0,-1.3169250206261494,1.0215117560882954,0.0,55.15773247440787,-74.0109252245373,46.22781406594052,-59.61911150003648,45.57672114138077,-60.15963466941366
33.83495287916207,47.981079509225395,-36.02521351955309,-33.83495287916207,147.9810795092254,63.97478648044691,66.16504712083793,6.004202253258849,7.996846584870899,-1.0,-1.3328077641451497,1.0007003755431414,0.0,55.0662143367544,-73.90292824563498,46.13583500280857,-59.53777830065505,45.66687499475726,-59.92771262573188
33.929200658769766,48.54101966249684,-35.2671151375484,-33.929200658769766,148.54101966249684,64.7328848624516,66.07079934123024,5.877852522924734,8.090169943749473,-1.0,-1.3483616572915789,0.9796420871541222,0.0,54.97379316878364,-73.79334558043921,46.04526778281838,-59.45835981671446,45.75947424214205,-59.69637530819931
34.02344843837746,49.088983045501365,-34.500315122596774,-34.02344843837746,149.08898304550138,65.49968487740323,65.97655156162254,5.750052520432796,8.181497174250227,-1.0,-1.3635828623750377,0.9583420867387992,0.0,54.8804766333008,-73.68221137285839,45.95613600284782,-59.38088441385326,45.85450715936389,-59.4656617167123
34.11769621798515,49.624834456473664,-33.7250026711279,-34.11769621798515,149.62483445647365,66.2749973288721,65.88230378201484,5.620833778521317,8.27080574274561,-1.0,-1.378467623790935,0.9368056297535527,0.0,54.78627273301188,-73.56956000998328,45.868462853090946,-59.30538002411046,45.95196194041645,-59.23561036954412
34.21194399759285,50.1484416820962,-32.94136907988793,-34.21194399759285,150.1484416820962,67.05863092011208,65.78805600240716,5.4902281799813215,8.358073613682699,-1.0,-1.3930122689471165,0.9150380299968868,0.0,54.69118981801454,-73.45542610991701,45.78227110205303,-59.23187413333547,46.05182668891814,-59.00625930518255
34.30619177720054,50.659675530120886,-32.14960769873983,-34.30619177720054,150.6596755301209,67.85039230126017,65.69380822279946,5.358267949789971,8.443279255020148,-1.0,-1.4072132091700245,0.8930446582983285,0.0,54.59523659283011,-73.33984451000228,45.697583081601316,-59.16039376860151,46.15408940957045,-58.77764608416093
34.40043955680823,51.15840986124548,-31.349913882957015,-34.40043955680823,151.15840986124547,68.65008611704299,65.59956044319176,5.224985647159502,8.526401643540915,-1.0,-1.4210669405901522,0.8708309411932503,0.0,54.498422122974304,-73.222850255446,45.614420672087704,-59.09096548563909,46.25873799962194,-58.54980779088652
34.49468733641593,51.64452162023659,-30.54248494502232,-34.49468733641593,151.6445216202366,69.45751505497768,65.50531266358408,5.090414157503719,8.607420270039432,-1.0,-1.434570045006572,0.8484023595839533,0.0,54.40075584106648,-73.10447858834146,45.532805287560194,-59.02361535630584,46.365760240344414,-58.32278103547003
34.58893511602362,52.117890866291454,-29.727520105944496,-34.58893511602362,152.11789086629145,70.27247989405551,65.41106488397638,4.954586684324083,8.686315144381908,-1.0,-1.447719190730318,0.825764447387347,0.0,54.30224755247749,-72.98476493708604,45.45275786107958,-58.958368956109794,46.47514378852811,-58.096601955560395
34.68318289563131,52.57840080263179,-28.905220446102966,-34.68318289563131,152.5784008026318,71.09477955389704,65.31681710436868,4.817536741017161,8.763066800438631,-1.0,-1.4605111334064385,0.8029227901695267,0.0,54.202907440517265,-72.86374490619183,45.374298830158835,-58.89525135180353,46.58687616800257,-57.8713062181887
34.77743067523901,53.025937805321604,-28.07578885563441,-34.77743067523901,153.0259378053216,71.92421114436559,65.222569324761,4.679298142605735,8.837656300886934,-1.0,-1.4729427168144889,0.7798830237676224,0.0,54.102746071164695,-72.74145426648548,45.29744812234283,-58.834287089066585,46.70094476118935,-57.646929021625745
34.8716784548467,53.460391451302044,-27.23942998437287,-34.8716784548467,153.46039145130203,72.76057001562714,65.1283215451533,4.539904997395478,8.910065241883673,-1.0,-1.4850108736472787,0.7566508328992463,0.0,54.00177439734227,-72.61792894569277,45.22222514094604,-58.77550018029416,46.81733680069304,-57.42350509725799
34.96592623445439,53.881654545636906,-26.396350191354976,-34.96592623445439,153.8816545456369,73.60364980864503,65.0340737655456,4.399391698559162,8.980275757606151,-1.0,-1.4967126262676917,0.7332319497598604,0.0,53.90000376273973,-72.49320501940188,45.148648750966366,-58.71891409251042,46.936039360936775,-57.201068711485775
35.06017401406209,54.28962314796116,-25.54675749390438,-35.06017401406209,154.28962314796115,74.45324250609562,64.93982598593792,4.25779291565073,9.048270524660193,-1.0,-1.5080450874433655,0.7096321526084549,0.0,53.797445905190905,-72.36731870239942,45.07673726519339,-58.664551735424475,47.05703934984796,-56.97965366764918
35.15442179366978,54.684196598126704,-24.69086151630655,-35.15442179366978,154.6841965981267,75.30913848369345,64.84557820633022,4.115143586051092,9.11403276635445,-1.0,-1.519005461059075,0.6858572643418486,0.0,53.694112959609114,-72.24030634037139,45.006508430529294,-58.61243544964753,47.18032350060037,-56.75929330798593
35.248669573277475,55.06527754103884,-23.828873438086916,-35.248669573277475,155.06527754103882,76.17112656191308,64.75133042672252,3.9714789063478193,9.177546256839806,-1.0,-1.5295910428066342,0.6619131510579699,0.0,53.59001746048657,-72.11220440196179,44.9379794145412,-58.56258699508998,47.3058783634182,-56.54002051562599
35.34291735288517,55.43277195067719,-22.961005941905423,-35.34291735288517,155.4327719506772,77.03899405809457,64.65708264711483,3.826834323650904,9.238795325112864,-1.0,-1.539799220852144,0.637805720608484,0.0,53.485172343964166,-71.98304947117933,44.871166792263224,-58.51502753955698,47.433690297447605,-56.321867716628056
35.437165132492865,55.78658915329507,-22.087473161080723,-35.437165132492865,155.78658915329507,77.91252683891928,64.56283486750714,3.681245526846787,9.29776485888251,-1.0,-1.5496274764804183,0.6135409211411311,0.0,53.379590949478576,-71.85287824014378,44.80608653326705,-58.46977764756083,47.56374546270108,-56.10486688206278
35.531412912100556,56.12664184979202,-21.208490626755474,-35.531412912100556,156.126641849792,78.79150937324452,64.46858708789944,3.534748437792579,9.35444030829867,-1.0,-1.5590733847164449,0.5891247396320964,0.0,53.2732870209934,-71.72172750216136,44.742753989019526,-58.4268572693693,47.696029812080084,-55.88904953014722
35.625660691708255,56.45284613725353,-20.324275214717485,-35.625660691708255,156.45284613725352,79.67572478528251,64.37433930829175,3.387379202452914,9.408807689542254,-1.0,-1.568134614923709,0.564563200408819,0.0,53.16627470782205,-71.58963414511912,44.68118388054553,-58.38628573030773,47.830529083480734,-55.67444672843591
35.71990847131595,56.765121529652696,-19.435045091889023,-35.71990847131595,156.7651215296527,80.56495490811098,64.28009152868405,3.239174181981504,9.46085358827545,-1.0,-1.5768089313792415,0.539862363663584,0.0,53.05856856505022,-71.45663514518724,44.62139028641487,-58.34808172033384,47.96722879198772,-55.46108909607333
35.81415625092364,57.06339097770919,-18.54101966249691,-35.81415625092364,157.0633909777092,81.45898033750309,64.18584374907635,3.090169943749485,9.510565162951533,-1.0,-1.5850941938252552,0.5150283239582475,0.0,52.95018355356581,-71.32276756081777,44.563386631070856,-58.31226328390272,48.106114222160805,-55.24900680611206
35.90840403053134,57.3475808878998,-17.642419513938258,-35.90840403053134,157.3475808878998,82.35758048606175,64.09159596946867,2.940403252323043,9.5579301479833,-1.0,-1.5929883579972166,0.4900672087205071,0.0,52.84113503970456,-71.18806852702849,44.50718567351884,-58.27884781014038,48.24717042041894,-55.03822958790244
36.00265181013903,57.61762114061658,-16.73946636235378,-36.00265181013903,157.61762114061656,83.26053363764622,63.99734818986097,2.7899110603922965,9.60293685676943,-1.0,-1.6004894761282382,0.4649851767320494,0.0,52.731438794519974,-71.05257524995909,44.45279949639211,-58.2478520233429,48.3903821875256,-54.82878672955757
36.09689958974672,57.873445107467866,-15.832382997922455,-36.09689958974672,157.87344510746786,84.16761700207755,63.90310041025328,2.6387304996537426,9.645574184577978,-1.0,-1.6075956974296628,0.43978841660895707,0.0,52.62111099268565,-70.91632500168794,44.40023949541244,-58.219291973818684,48.53573407118045,-54.62070708049868
36.19114736935441,58.11498966771784,-14.921393229891372,-36.19114736935441,158.11498966771785,85.07860677010862,63.808852630645596,2.4868988716485623,9.685831611286307,-1.0,-1.6143052685477177,0.4144831452747603,0.0,52.5101682110389,-70.77935511529624,44.34951636926228,-58.19318302909033,48.683210358720274,-54.41401905408545
36.28539514896211,58.342195223860585,-14.006721831354366,-36.28539514896211,158.34219522386059,85.99327816864563,63.7146048510379,2.3344536385590606,9.723699203976764,-1.0,-1.6206165339961274,0.3890756064265101,0.0,52.39862742677406,-70.64170298016712,44.3006401098848,-58.169539865472366,48.83279506993358,-54.20875063033575
36.3796429285698,58.555005716324835,-13.0885944837926,-36.3796429285698,158.55500571632484,86.9114055162074,63.620357071430206,2.181432413965433,9.759167619387473,-1.0,-1.6265279365645786,0.36357206899423883,0.0,52.28650601529406,-70.50340603750622,44.253619993227865,-58.14837646004045,48.98447194999219,-54.00492935873914
36.47389070817749,58.753368637305925,-12.167237721390851,-36.47389070817749,158.75336863730593,87.83276227860915,63.52610929182251,2.027872953565142,9.792228106217655,-1.0,-1.6320380177029423,0.3379788255941903,0.0,52.173821747728745,-70.36450177607071,44.2084645704472,-58.129706083007434,49.13822446250303,-53.80258236116817
36.56813848778519,58.93723504372131,-11.242878875143534,-36.56813848778519,158.9372350437213,88.75712112485647,63.43186151221481,1.8738131458572558,9.822872507286885,-1.0,-1.6371454178811473,0.31230219097620926,0.0,52.060592788128375,-70.22502772809327,44.1651816595836,-58.11354129052035,49.29403578268344,-53.601736334891946
36.66238626739288,59.106559569286425,-10.315746016764635,-36.66238626739288,159.10655956928642,89.68425398323537,63.33761373260712,1.7192910027941057,9.851093261547737,-1.0,-1.641848876924623,0.28654850046568425,0.0,51.94683769034059,-70.08502146538792,44.1237783377282,-58.09989391789229,49.451888790662395,-53.402417555695585
36.756634047000574,59.26130043570825,-9.386067902413918,-36.756634047000574,159.26130043570825,90.61393209758609,63.24336595299943,1.5643446504023197,9.876883405951375,-1.0,-1.646147234325229,0.2607241084003866,0.0,51.83257539457897,-69.94452059562359,44.08426093368926,-58.088775073282335,49.61176606491092,-53.20465188110947
36.85088182660827,59.40141946299345,-8.45407391625498,-36.85088182660827,159.40141946299346,91.54592608374502,63.149118173391734,1.40901231937583,9.900236577165575,-1.0,-1.6500394295275957,0.2348353865626383,0.0,51.71782522369108,-69.8035627587525,44.04663502117318,-58.080195131835424,49.773649875803414,-53.00846475375182
36.945129606215964,59.52688207886866,-7.519994013858332,-36.945129606215964,159.52688207886865,92.48000598614166,63.05487039378404,1.2533323356430555,9.921147013144777,-1.0,-1.653524502190796,0.20888872260717586,0.0,51.602606879134065,-69.66218562357959,44.01090541249167,-58.074163730294096,49.937522179312445,-52.813881204788316
37.039377385823656,59.63765732731077,-6.584058665462799,-37.039377385823656,159.63765732731076,93.4159413345372,62.960622614176344,1.0973431109104665,9.939609554551796,-1.0,-1.656601592425299,0.18289051848507776,0.0,51.48694043666482,-69.52042688445918,43.977076152805886,-58.070689762091924,50.10336461083885,-52.62092585751122
37.133625165431354,59.7337178761848,-5.646498799110894,-37.133625165431354,159.7337178761848,94.3535012008891,62.866374834568646,0.941083133185149,9.9556196460308,-1.0,-1.6592699410051333,0.1568471888641915,0.0,51.3708463417526,-69.37832425810606,43.945150514918254,-58.069781372939296,50.2711584791785,-52.429622931042225
37.227872945039046,59.81504002398768,-4.707545743670737,-37.227872945039046,159.81504002398768,95.29245425632926,62.772127054960954,0.7845909572784562,9.969173337331279,-1.0,-1.6615288895552132,0.13076515954640935,0.0,51.254345404720866,-69.23591548050689,43.91513099462078,-58.07144595690914,50.4408847606275,-52.23999624416062
37.32212072464674,59.881603705696286,-3.7674311717589024,-37.32212072464674,159.88160370569628,96.2325688282411,62.67787927535327,0.6279051952931504,9.980267284282714,-1.0,-1.6633778807137856,0.10465086588219172,0.0,51.13745879562502,-69.09323830391918,43.8870193066086,-58.07569015303126,50.612524093226725,-52.05206921926033
37.416368504254436,59.933392497718195,-2.8263870425786117,-37.416368504254436,159.9333924977182,97.17361295742138,62.58363149574557,0.47106450709643527,9.988898749619699,-1.0,-1.6648164582699496,0.0785107511827392,0.0,51.0202080388728,-68.95033049394416,43.86081638096607,-58.08251984240147,50.78605677114676,-51.86586488643744
37.51061628386213,59.97039362194389,-1.884645544687755,-37.51061628386213,159.97039362194388,98.11535445531224,62.48938371613788,0.31410759078129247,9.995065603657315,-1.0,-1.665844267276219,0.05235126513021541,0.0,50.90261500759349,-68.80722982666083,43.836522360231974,-58.09194014581134,50.961462739213445,-51.68140588771113
37.60486406346982,59.992597948899636,-0.9424390387093031,-37.60486406346982,159.99259794889963,99.05756096129069,62.39513593653018,0.1570731731182172,9.998766324816605,-1.0,-1.666461054136101,0.02617886218636953,0.0,50.78470191776171,-68.66397408580795,43.81413659704922,-58.10395542190343,51.138721587575056,-51.49871448137925
37.69911184307752,60.0,-1.469576158976824e-14,-37.69911184307752,160.0,99.99999999999999,62.30088815692248,2.4492935982947065e-15,10.0,-1.0,-1.6666666666666665,4.0821559971578437e-16,0.0,50.66649132208152,-68.52060106000138,43.793657652403546,-58.11856926585518,51.31781254651055,-51.31781254651055
